animal_id,species,weight_kg,age_months,drug_name,dosage_mg_kg,administration_route,health_status,days_to_clearance
ANI_00001,Sheep,48.881198819530795,13.275608738757533,Tylosin,7.33991780504304,Topical,Mild Infection,12.97
ANI_00002,Goat,46.13947783322327,,Oxytetracycline,13.668090197068675,Topical,Severe Infection,17.26
ANI_00003,Pig,116.32890161902654,2.952248004768278,Amoxicillin,6.394938606520419,Injectable,Healthy,9.6
ANI_00004,Goat,28.701570389317666,,Amoxicillin,5.4645041271999775,Oral,Healthy,8.41
ANI_00005,Sheep,53.99746149894088,15.789759284186555,Penicillin,11.465081710095758,Injectable,Healthy,8.82
ANI_00006,Sheep,78.52278184508938,11.082198184672174,Tylosin,14.93783426530973,Injectable,Healthy,15.82
ANI_00007,Goat,,15.527044155794442,Amoxicillin,14.218742350231167,Injectable,Mild Infection,13.46
ANI_00008,Pig,93.97792608821422,3.3066438052773077,Oxytetracycline,20.853921663164968,Injectable,Severe Infection,22.81
ANI_00009,Cattle,558.2122794713039,46.65298151512029,Oxytetracycline,24.580143360819747,Oral,Healthy,16.43
ANI_00010,Sheep,56.907876241487855,11.28907151491738,Oxytetracycline,16.503666440534943,Oral,Healthy,15.86
ANI_00011,Sheep,49.621701234845176,11.696785019887258,Tylosin,15.698671808344924,Oral,Severe Infection,16.9
ANI_00012,Sheep,75.38036566465969,10.405446439939196,Amoxicillin,6.078914269933044,Injectable,Mild Infection,12.32
ANI_00013,Sheep,69.03532490625842,12.0760013242486,Tylosin,8.739383437233124,Oral,Healthy,13.53
ANI_00014,Pig,89.63459563452705,7.002896663049611,Oxytetracycline,27.429211803754356,Injectable,Healthy,22.85
ANI_00015,Pig,127.43724267099553,6.3511065879096655,Tylosin,18.4413694988524,Injectable,Severe Infection,18.71
ANI_00016,Cattle,467.23378534022316,4.137887429238361,Penicillin,13.331617157060954,Injectable,Severe Infection,14.52
ANI_00017,Sheep,62.14938830094755,3.9107402672170597,Amoxicillin,12.030189588951778,Injectable,Severe Infection,16.19
ANI_00018,Pig,,3.854936331128685,Tylosin,5.553304210317992,Injectable,Healthy,12.34
ANI_00019,Cattle,547.7754099433527,32.891656263133314,Amoxicillin,7.395618906669724,Injectable,Healthy,11.06
ANI_00020,Pig,76.62643924760935,4.449327788086112,Amoxicillin,12.282163486118595,Injectable,Mild Infection,14.5
ANI_00021,Pig,82.38718362940462,6.153789897169143,Oxytetracycline,26.70604991178476,Oral,Mild Infection,18.02
ANI_00022,Cattle,443.3702270397228,36.10973214888165,Penicillin,13.39743662796907,Injectable,Mild Infection,10.96
ANI_00023,Pig,112.41096431923471,5.678125246273873,Penicillin,12.062814162189898,Injectable,Mild Infection,10.13
ANI_00024,Sheep,56.77938483794324,16.175442443674633,Penicillin,18.328012173991937,Oral,Healthy,8.54
ANI_00025,Pig,71.19917104632404,8.38145451222728,Oxytetracycline,16.984191492253217,Injectable,Healthy,20.33
ANI_00026,Pig,105.93969346466372,6.45257653899775,Amoxicillin,5.091970516166296,Oral,Mild Infection,10.53
ANI_00027,Goat,41.39866409593177,7.132580430563044,Oxytetracycline,23.837903953853864,Oral,Healthy,15.79
ANI_00028,Cattle,565.655360863383,45.23972831916952,Tylosin,17.73835115741267,Injectable,Healthy,17.56
ANI_00029,Cattle,363.01289432837035,26.738631006080897,Tylosin,8.659844650686253,Injectable,Healthy,14.18
ANI_00030,Goat,42.729215798533154,22.937688636246968,Tylosin,12.38776540728296,Oral,Mild Infection,13.5
ANI_00031,Cattle,504.1980064470023,34.35273819482621,Tylosin,7.656660191105734,Oral,Healthy,10.81
ANI_00032,Cattle,571.4000494092093,30.57045321186397,Oxytetracycline,17.701954572038506,Topical,Healthy,15.82
ANI_00033,Sheep,67.10109240363954,12.369915486204388,Oxytetracycline,23.92059593349946,Injectable,Healthy,19.26
ANI_00034,Pig,103.07450211891056,8.114847017724752,Penicillin,21.111529266313067,Topical,Healthy,6.24
ANI_00035,Cattle,590.5121959956559,28.753147530185657,Oxytetracycline,26.202267893583617,Oral,Healthy,18.7
ANI_00036,Cattle,885.2731490654721,38.78755389811686,Tylosin,10.069927352773037,Oral,Mild Infection,13.27
ANI_00037,Pig,99.20727715920762,4.930674516299872,Amoxicillin,10.426446347075766,Injectable,Mild Infection,14.09
ANI_00038,Goat,27.098273030482787,8.427518905483108,Oxytetracycline,20.444865201096086,Injectable,Severe Infection,23.56
ANI_00039,Cattle,738.9035957392463,58.1209650998464,Tylosin,14.561448522473098,Injectable,Mild Infection,13.65
ANI_00040,Cattle,518.6454314769428,26.738171066918937,Tylosin,7.599414801062687,Injectable,Healthy,16.63
ANI_00041,Cattle,594.5381690087568,51.196882264474496,Penicillin,14.199008454189142,Injectable,Mild Infection,14.81
ANI_00042,Sheep,70.32465260551147,11.050432155173324,Penicillin,11.467512409765021,Injectable,Healthy,12.53
ANI_00043,Pig,60.100768568847016,3.3996143168131203,Oxytetracycline,22.31700196104433,Injectable,Healthy,19.69
ANI_00044,Sheep,61.30740577286091,13.6199020350821,Amoxicillin,6.629344270814297,Oral,Mild Infection,10.86
ANI_00045,Pig,112.94325393574087,6.252189655648058,Tylosin,13.632112668138184,Oral,Healthy,14.42
ANI_00046,Cattle,376.2184501173151,41.271925681241214,Oxytetracycline,28.107012839121275,Injectable,Severe Infection,25.05
ANI_00047,Pig,90.27134467895279,6.41519652257144,Oxytetracycline,16.379512605875227,Injectable,Healthy,18.57
ANI_00048,Pig,116.99204194042049,6.724027823884941,Amoxicillin,13.034809303848485,Oral,Mild Infection,11.33
ANI_00049,Cattle,321.2328388068218,21.353158748617748,Tylosin,16.646194411129954,Injectable,Mild Infection,17.82
ANI_00050,Cattle,479.78073475661057,31.10501576674445,Tylosin,18.538293600193498,Injectable,Mild Infection,17.67
ANI_00051,Goat,38.08620161704196,15.415898844271425,Tylosin,5.162564772204475,Oral,Healthy,11.26
ANI_00052,Pig,97.39713891264631,2.41590979972957,Tylosin,9.92996818054874,Injectable,Mild Infection,15.32
ANI_00053,Sheep,53.00853421908083,11.96473181501677,Oxytetracycline,20.990577646474712,Oral,Mild Infection,20.11
ANI_00054,Sheep,58.52942618497861,14.455365365901699,Penicillin,11.516840141841854,Injectable,Healthy,11.76
ANI_00055,Sheep,65.59109202614528,15.490166365721917,Amoxicillin,5.813487806418998,Oral,Healthy,5.7
ANI_00056,Pig,71.8507245124689,4.671545113391154,Oxytetracycline,11.670014333973375,Topical,Severe Infection,19.79
ANI_00057,Cattle,469.7675757923692,35.945246052116445,Tylosin,12.029909629911895,Injectable,Healthy,15.29
ANI_00058,Cattle,417.2769056447677,18.65268033033501,Penicillin,23.028986922841902,Injectable,Severe Infection,14.19
ANI_00059,Goat,40.55722131615103,15.93401722543386,Oxytetracycline,29.859295922386007,Topical,Healthy,16.63
ANI_00060,Pig,84.53980432289067,5.136115596783256,Oxytetracycline,22.55116160168127,Injectable,Mild Infection,24.67
ANI_00061,Goat,39.11254451496392,15.90523650592441,Penicillin,19.30198896702305,Topical,Healthy,4.64
ANI_00062,Goat,35.204858836447826,4.349173931743124,Tylosin,17.20692529560423,Injectable,Mild Infection,17.62
ANI_00063,Pig,114.8392603305893,8.953317250859257,Tylosin,11.273645544359283,Injectable,Severe Infection,20.46
ANI_00064,Pig,90.6164869579059,6.681844397117907,Penicillin,22.631783847035628,Injectable,Mild Infection,12.77
ANI_00065,Cattle,489.13713359111443,35.33418050042791,Oxytetracycline,27.294447525101063,Injectable,Healthy,21.1
ANI_00066,Cattle,504.6980593764742,32.24371550140271,Oxytetracycline,12.5831883030299,Topical,Severe Infection,15.49
ANI_00067,Sheep,70.60446814110468,18.16548398767273,Oxytetracycline,17.163254360656808,Oral,Healthy,17.07
ANI_00068,Goat,34.01210770754757,12.679891611629234,Amoxicillin,10.609379715353864,Oral,Mild Infection,11.82
ANI_00069,Goat,51.912361391075834,15.511300673920454,Penicillin,13.194462422633661,Injectable,Healthy,11.57
ANI_00070,Goat,25.930084108615084,12.80053767669369,Penicillin,21.754795191117147,Injectable,Severe Infection,12.01
ANI_00071,Pig,99.70563482730127,7.592810859392653,Amoxicillin,7.582443882989583,Oral,Severe Infection,12.71
ANI_00072,Cattle,496.7305251905907,34.52506432138254,Amoxicillin,6.288797219106492,Injectable,Mild Infection,12.33
ANI_00073,Sheep,48.98748095152888,13.950693099693176,Tylosin,10.185009249857949,Injectable,Healthy,14.43
ANI_00074,Cattle,595.5142320501238,26.21401112053814,Tylosin,6.330538006355834,Injectable,Healthy,13.11
ANI_00075,Cattle,505.7474003024297,8.606370119510423,Oxytetracycline,23.807896572587307,Injectable,Healthy,19.52
ANI_00076,Goat,41.71183928587378,15.40541705840204,Penicillin,21.223895355754877,Topical,Healthy,5.25
ANI_00077,Cattle,737.4141743400596,32.271308824593675,Tylosin,10.533704593546586,Injectable,Healthy,17.05
ANI_00078,Goat,38.007711683548976,12.114482238271306,Penicillin,17.981702278979736,Injectable,Mild Infection,13.65
ANI_00079,Cattle,,25.145497394555143,Amoxicillin,8.772841631046226,Injectable,Mild Infection,11.85
ANI_00080,Pig,78.3690399277121,8.11066199309283,Oxytetracycline,19.968843978581145,Oral,Mild Infection,19.48
ANI_00081,Sheep,55.59495441126475,18.32815273185512,Tylosin,6.913704541933456,Injectable,Mild Infection,14.22
ANI_00082,Goat,28.93760215228531,12.110763726464851,Tylosin,8.558401876039916,Injectable,Healthy,14.47
ANI_00083,Goat,36.94471822104991,10.346195044729201,Oxytetracycline,15.701903373876942,Injectable,Healthy,19.43
ANI_00084,Pig,83.38099767177924,6.780506537966284,Oxytetracycline,27.310142517879605,Topical,Healthy,15.97
ANI_00085,Goat,44.22653287704301,,Amoxicillin,10.567628930139298,Injectable,Healthy,9.08
ANI_00086,Pig,110.8672038475987,6.559514699573418,Oxytetracycline,14.848194648301604,Injectable,Healthy,15.12
ANI_00087,Sheep,48.608582714101175,13.070970662813044,Oxytetracycline,19.62280203709635,Oral,Healthy,15.97
ANI_00088,Goat,40.379189370531314,9.592125284414461,Tylosin,15.22254083335894,Injectable,Healthy,16.42
ANI_00089,Cattle,322.9756811658108,23.608451171588463,Oxytetracycline,28.59058288495652,Injectable,Healthy,21.85
ANI_00090,Cattle,439.60148132841795,41.85652895254499,Amoxicillin,13.41828776758272,Injectable,Healthy,14.38
ANI_00091,Pig,93.63042978699322,5.3618859578673135,Penicillin,22.21862080347073,Oral,Healthy,8.77
ANI_00092,Pig,141.50801597290877,5.4997547978509775,Oxytetracycline,17.538888588498153,Oral,Healthy,18.58
ANI_00093,Sheep,44.197480632564734,12.064213674575724,Oxytetracycline,27.991491465491368,Injectable,Mild Infection,23.94
ANI_00094,Pig,55.7772938198423,6.330388760241154,Tylosin,10.023584219856293,Oral,Healthy,12.36
ANI_00095,Pig,119.3184401591918,6.1641097423055955,Tylosin,16.82895816836796,Oral,Mild Infection,13.34
ANI_00096,Cattle,415.01556305352085,54.11725574951548,Penicillin,23.151484551426243,Oral,Healthy,9.08
ANI_00097,Cattle,628.6974963849594,30.66434930105232,Amoxicillin,6.499174273487737,Oral,Healthy,9.11
ANI_00098,Goat,32.622677406578994,5.471127682285925,Penicillin,15.185439902558791,Oral,Mild Infection,9.2
ANI_00099,Sheep,51.091566575489225,2.701121354190395,Amoxicillin,14.472833396118153,Topical,Mild Infection,9.09
ANI_00100,Goat,30.996087621612986,19.128654474144316,Amoxicillin,14.224993811772958,Oral,Healthy,10.02
ANI_00101,Pig,73.17109684400606,9.773656224248473,Penicillin,21.046663534370843,Injectable,Mild Infection,11.17
ANI_00102,Cattle,487.4213079900352,66.46429322084984,Amoxicillin,8.990027038701303,Oral,Healthy,9.13
ANI_00103,Cattle,585.2246489030268,8.151151512262434,Oxytetracycline,28.39711232825521,Injectable,Severe Infection,23.32
ANI_00104,Goat,29.639369823491073,7.498323969012445,Penicillin,12.64580479759335,Injectable,Healthy,9.67
ANI_00105,Sheep,70.8045986900535,4.620379038815625,Tylosin,14.483964318792955,Injectable,Severe Infection,18.77
ANI_00106,Pig,77.86948182516659,4.644867574532586,Penicillin,21.249407055987668,Topical,Mild Infection,7.91
ANI_00107,Sheep,85.69926839690334,7.571582181599914,Tylosin,5.985629591425285,Oral,Healthy,10.52
ANI_00108,Goat,52.03194390866151,7.289886538900254,Amoxicillin,6.819281304952711,Injectable,Healthy,11.33
ANI_00109,Cattle,583.3223877620742,20.081531806682893,Penicillin,16.131012566471448,Topical,Healthy,6.82
ANI_00110,Cattle,627.1555094994159,37.18494933164801,Oxytetracycline,13.570893241086672,Injectable,Healthy,18.84
ANI_00111,Cattle,581.3863908123606,24.71503470518517,Tylosin,17.835447021594284,Injectable,Healthy,15.13
ANI_00112,Cattle,615.9329803364249,15.9626499351792,Amoxicillin,13.926717110769749,Injectable,Healthy,14.74
ANI_00113,Sheep,73.1576650828216,4.987571812247139,Oxytetracycline,15.361272816457525,Injectable,Healthy,17.38
ANI_00114,Goat,54.03835345587492,15.887290760690941,Oxytetracycline,25.997105118946305,Injectable,Healthy,20.85
ANI_00115,Cattle,715.5239538433073,44.067087412965265,Amoxicillin,7.578876854332023,Injectable,Healthy,11.39
ANI_00116,Pig,96.32033327294641,2.7408140280473456,Amoxicillin,10.541780025157934,Injectable,Healthy,12.41
ANI_00117,Cattle,662.0533445165877,54.84593562313367,Amoxicillin,11.650366745462556,Oral,Healthy,5.99
ANI_00118,Goat,29.763384266114386,10.607947654812644,Amoxicillin,11.031521094663882,Injectable,Healthy,11.95
ANI_00119,Goat,50.73049535760108,8.464888844542926,Oxytetracycline,15.9424343124635,Injectable,Healthy,17.97
ANI_00120,Sheep,86.32382064837391,14.430267457325435,Tylosin,5.771387202263755,Topical,Mild Infection,8.09
ANI_00121,Goat,37.182616131203275,12.970081702450077,Penicillin,11.127066726037132,Injectable,Healthy,9.62
ANI_00122,Sheep,77.7080063563551,13.99895048044844,Tylosin,15.420447062816402,Injectable,Healthy,16.11
ANI_00123,Goat,29.445216886900756,11.095019123965296,Amoxicillin,10.419009473783582,Injectable,Healthy,12.13
ANI_00124,Cattle,561.0585745283823,30.5550682975627,Oxytetracycline,19.788499272862808,Oral,Mild Infection,19.42
ANI_00125,Sheep,68.1848473463854,12.535390616984,Penicillin,10.509189678786983,Topical,Severe Infection,6.95
ANI_00126,Pig,121.06305706665808,8.258138875070285,Tylosin,17.668240978026056,Topical,Severe Infection,14.53
ANI_00127,Goat,28.758720621084322,14.00413337406938,Penicillin,11.808503286659182,Oral,Healthy,7.1
ANI_00128,Pig,90.42502756673045,6.825140793288245,Amoxicillin,12.907231648389637,Oral,Healthy,6.04
ANI_00129,Cattle,365.0536428574477,43.02604153030295,Oxytetracycline,10.48801563113076,Oral,Severe Infection,19.7
ANI_00130,Pig,121.30960750130703,8.446341901182915,Tylosin,11.028963704138633,Oral,Severe Infection,14.63
ANI_00131,Cattle,331.81796748667705,14.89681200007023,Tylosin,16.06373452383337,Oral,Severe Infection,15.78
ANI_00132,Goat,37.745723129115945,4.265286795569759,Tylosin,15.194709240396048,Injectable,Healthy,13.47
ANI_00133,Pig,,4.348830313965078,Penicillin,23.18677461343247,Topical,Mild Infection,7.9
ANI_00134,Cattle,567.4819492166604,50.00523497260363,Amoxicillin,10.126885110165086,Injectable,Severe Infection,17.95
ANI_00135,Goat,44.443014534455266,9.508518014306865,Penicillin,15.25187888750095,Injectable,Healthy,12.42
ANI_00136,Goat,35.43402965000419,9.179157054680875,Oxytetracycline,20.73948845786827,Injectable,Severe Infection,23.06
ANI_00137,Cattle,463.74649749006375,43.00560451387549,Tylosin,6.942723819242063,Injectable,Healthy,14.47
ANI_00138,Pig,106.6891357997405,,Oxytetracycline,15.195075675206525,Injectable,Healthy,17.39
ANI_00139,Cattle,569.4761030846539,23.270078449990844,Tylosin,6.141962892354503,Injectable,Healthy,13.9
ANI_00140,Pig,123.76786546896167,8.647749607574426,Amoxicillin,10.657319639957912,Injectable,Severe Infection,13.9
ANI_00141,Cattle,593.2996642650568,41.060219086947114,Oxytetracycline,27.34588401919605,Oral,Mild Infection,20.83
ANI_00142,Cattle,550.7274031107298,28.209704101155847,Oxytetracycline,27.61741518397857,Oral,Mild Infection,20.36
ANI_00143,Goat,37.03741305122163,8.665764050882933,Oxytetracycline,24.870165125832155,Injectable,Severe Infection,25.28
ANI_00144,Goat,36.85328950138111,15.271010783504199,Oxytetracycline,29.62372356054847,Injectable,Healthy,19.21
ANI_00145,Cattle,649.5133745517412,38.563565093142124,Tylosin,6.604709582404376,Injectable,Mild Infection,15.86
ANI_00146,Pig,131.5490655952695,6.351091659781016,Amoxicillin,5.678370591051719,Injectable,Mild Infection,12.96
ANI_00147,Sheep,41.90041099019294,15.86005984425292,Tylosin,14.313732766512157,Oral,Healthy,11.31
ANI_00148,Cattle,537.7211875064521,34.42753911601205,Tylosin,16.556111267116897,Injectable,Healthy,12.43
ANI_00149,Goat,30.161044974073484,11.289038714050376,Penicillin,21.92214323124894,Injectable,Healthy,9.76
ANI_00150,Goat,45.66685157839483,11.110348886177738,Penicillin,24.154238802513984,Oral,Mild Infection,8.4
ANI_00151,Pig,117.95777077520684,5.586865663137342,Oxytetracycline,14.599092117821723,Oral,Healthy,14.31
ANI_00152,Sheep,74.4376460407326,13.078677429588282,Tylosin,16.648952791876127,Injectable,Severe Infection,19.15
ANI_00153,Sheep,50.556312224569474,13.292983051635918,Penicillin,10.487892692368778,Oral,Mild Infection,8.37
ANI_00154,Goat,45.672030060708096,13.499911753358836,Penicillin,16.45458842349194,Injectable,Healthy,9.33
ANI_00155,Goat,27.268762820029693,14.258804250144623,Tylosin,16.96338650955782,Injectable,Healthy,14.88
ANI_00156,Pig,62.209185381089384,10.94455892454532,Oxytetracycline,15.833251574186065,Injectable,Healthy,18.63
ANI_00157,Cattle,497.58230229018704,29.147943364325123,Oxytetracycline,12.098603568363497,Oral,Mild Infection,17.31
ANI_00158,Goat,30.733082486459658,8.494725328103275,Tylosin,10.259403968137711,Oral,Mild Infection,13.1
ANI_00159,Cattle,519.5410284996633,23.248406671006784,Oxytetracycline,23.789299382745313,Injectable,Healthy,19.71
ANI_00160,Sheep,65.72582781356158,,Tylosin,18.064536856191282,Injectable,Mild Infection,17.75
ANI_00161,Goat,40.91626692972371,15.800581883995328,Tylosin,17.259466549437406,Oral,Healthy,15.7
ANI_00162,Cattle,431.0812181910432,23.621085037558103,Tylosin,16.845477607137187,Oral,Healthy,11.73
ANI_00163,Sheep,50.66786592354402,15.013303041508966,Tylosin,19.94500874085113,Injectable,Mild Infection,17.55
ANI_00164,Goat,40.96025061374609,16.36418440865867,Penicillin,20.90753604649462,Oral,Healthy,7.97
ANI_00165,Cattle,343.81931386045284,60.02084523036162,Tylosin,15.878864906227047,Injectable,Healthy,17.0
ANI_00166,Goat,39.691932243994344,15.201992967063891,Tylosin,8.159932835084998,Injectable,Healthy,14.49
ANI_00167,Cattle,540.1625505491473,27.772676627018306,Amoxicillin,14.09032520665641,Oral,Mild Infection,9.79
ANI_00168,Goat,34.627013056495585,5.398035159848953,Amoxicillin,13.707499012725114,Injectable,Severe Infection,15.98
ANI_00169,Sheep,48.44431951894283,13.276893368782186,Amoxicillin,8.910815366517607,Injectable,Healthy,9.39
ANI_00170,Pig,123.21653574757039,2.888202699020209,Tylosin,6.10245120995019,Injectable,Severe Infection,17.51
ANI_00171,Goat,37.925996459358196,16.934747685504142,Tylosin,8.730714088814448,Injectable,Healthy,16.56
ANI_00172,Pig,117.00443484226986,7.694158019970069,Amoxicillin,9.746308757498138,Injectable,Healthy,13.3
ANI_00173,Cattle,469.6691538064052,40.55671424328148,Tylosin,6.678794290965918,Oral,Mild Infection,12.39
ANI_00174,Sheep,59.627777634901584,11.476336108921004,Oxytetracycline,28.6775003505581,Topical,Healthy,14.75
ANI_00175,Cattle,513.9342593621265,41.43041870185601,Oxytetracycline,27.358365890400442,Injectable,Healthy,22.6
ANI_00176,Goat,,8.246128359176605,Penicillin,20.101486499873758,Oral,Healthy,8.98
ANI_00177,Goat,48.5846987632825,11.344156481592314,Oxytetracycline,13.542995788947717,Injectable,Mild Infection,21.84
ANI_00178,Goat,43.96545510378084,,Penicillin,18.559146199582443,Oral,Healthy,8.25
ANI_00179,Pig,78.46678983644668,7.33681592188473,Penicillin,19.883282053489857,Topical,Mild Infection,9.93
ANI_00180,Goat,30.829236855850496,16.020570293112073,Amoxicillin,12.823854840582735,Oral,Severe Infection,12.55
ANI_00181,Cattle,,,Penicillin,20.01390078345377,Oral,Severe Infection,12.9
ANI_00182,Cattle,,37.44599950547161,Penicillin,10.086379907471823,Injectable,Severe Infection,11.97
ANI_00183,Sheep,51.14836501000153,18.210247261958568,Oxytetracycline,18.973872452450614,Injectable,Healthy,18.89
ANI_00184,Pig,73.53820413185004,8.179329730032922,Amoxicillin,9.634940438005724,Injectable,Mild Infection,15.25
ANI_00185,Sheep,55.457557248467374,11.92025841901676,Oxytetracycline,16.824956552523126,Oral,Mild Infection,15.94
ANI_00186,Cattle,335.46012530431085,44.15967690620107,Penicillin,20.77184614339742,Injectable,Mild Infection,13.48
ANI_00187,Sheep,57.47314311999036,13.568338118803478,Penicillin,23.9055181719446,Injectable,Healthy,10.45
ANI_00188,Cattle,471.9324923133226,47.650808783211716,Tylosin,13.087419150128817,Injectable,Healthy,14.04
ANI_00189,Pig,87.93352869556576,2.8263765688098217,Amoxicillin,6.218860933369475,Oral,Mild Infection,10.26
ANI_00190,Goat,32.25324436109092,12.641904827995383,Penicillin,13.848441755520456,Injectable,Mild Infection,10.17
ANI_00191,Pig,88.42073489611658,6.127376787303232,Tylosin,14.497270633910336,Injectable,Severe Infection,19.36
ANI_00192,Goat,44.3463842322911,13.998548404503829,Oxytetracycline,18.220569396134096,Oral,Healthy,14.79
ANI_00193,Cattle,574.7165224259581,27.59001985360697,Amoxicillin,7.7480603554813605,Topical,Healthy,5.72
ANI_00194,Goat,49.981936581389874,20.8907825165403,Oxytetracycline,13.360284154897268,Injectable,Mild Infection,18.65
ANI_00195,Sheep,72.24584437626143,18.493586249196184,Tylosin,13.20046119071105,Oral,Healthy,11.14
ANI_00196,Cattle,363.0197020420922,40.97450177255746,Oxytetracycline,18.086375362085843,Injectable,Severe Infection,22.55
ANI_00197,Goat,42.42148279196789,,Oxytetracycline,21.56773834012818,Oral,Mild Infection,18.17
ANI_00198,Pig,,3.79844143432663,Oxytetracycline,17.09992611663875,Oral,Healthy,15.5
ANI_00199,Pig,87.56363398987217,7.402746129678445,Oxytetracycline,20.800238292090214,Injectable,Healthy,20.62
ANI_00200,Goat,46.668231692871395,14.779991603107499,Tylosin,15.959757653588692,Injectable,Healthy,18.31
ANI_00201,Goat,32.07446089089837,14.51765433954715,Tylosin,13.037415267096218,Injectable,Mild Infection,16.29
ANI_00202,Pig,81.92184717070421,4.9321817973664,Tylosin,7.286240199956262,Injectable,Mild Infection,13.48
ANI_00203,Cattle,507.5187087606186,50.72460071964183,Tylosin,14.353785320041396,Topical,Mild Infection,11.94
ANI_00204,Cattle,469.0883535797499,23.152867941172776,Oxytetracycline,17.20272814943038,Oral,Mild Infection,16.75
ANI_00205,Cattle,415.19013006607685,,Amoxicillin,9.472025405048356,Topical,Mild Infection,8.5
ANI_00206,Sheep,84.9299951743279,10.460632472211497,Amoxicillin,14.305952146439163,Injectable,Severe Infection,16.84
ANI_00207,Goat,44.54752805004924,14.398376453125975,Amoxicillin,8.046791390980408,Oral,Healthy,7.94
ANI_00208,Goat,33.95403872405724,12.202143262376024,Penicillin,22.337208454515412,Oral,Healthy,8.61
ANI_00209,Cattle,746.4877635857683,32.398316587290104,Oxytetracycline,25.29619601805991,Oral,Severe Infection,21.81
ANI_00210,Cattle,368.81637676498406,42.093092043738004,Amoxicillin,9.324978783301319,Injectable,Healthy,11.48
ANI_00211,Cattle,528.3299418440157,26.480617273995918,Penicillin,13.240572737643994,Injectable,Healthy,12.28
ANI_00212,Sheep,72.18761851697317,9.245332980148227,Penicillin,24.922994757546505,Injectable,Mild Infection,13.14
ANI_00213,Cattle,443.6350972573657,,Penicillin,11.820774091336434,Oral,Severe Infection,9.85
ANI_00214,Pig,93.95060627023743,2.931402747231083,Tylosin,14.358437544374578,Injectable,Mild Infection,18.02
ANI_00215,Pig,97.42985038288388,7.978738876564263,Amoxicillin,6.946225118207651,Injectable,Healthy,9.29
ANI_00216,Goat,25.584156499359842,11.880438104390802,Penicillin,17.220162274529855,Oral,Mild Infection,8.82
ANI_00217,Goat,40.87076504167296,7.525474287204769,Amoxicillin,7.152018720172375,Injectable,Mild Infection,12.55
ANI_00218,Sheep,65.79291499601088,7.227760180359055,Oxytetracycline,16.4935185378012,Injectable,Healthy,19.41
ANI_00219,Pig,82.50359239847762,,Amoxicillin,12.850165438370569,Injectable,Healthy,10.92
ANI_00220,Cattle,603.9904687396076,34.93988809189086,Amoxicillin,11.372014768082805,Injectable,Healthy,13.09
ANI_00221,Goat,34.876052521846525,12.673580769900987,Tylosin,12.776120329178061,Oral,Mild Infection,14.11
ANI_00222,Cattle,432.2284630247894,38.843536988544514,Penicillin,11.081265039980101,Oral,Healthy,5.98
ANI_00223,Pig,83.95014533576705,8.597622649694104,Penicillin,14.448033719314829,Injectable,Severe Infection,15.97
ANI_00224,Sheep,53.43105721028604,13.130174104427173,Penicillin,21.46558993332604,Injectable,Healthy,10.16
ANI_00225,Pig,112.14262201567237,8.62231777263621,Amoxicillin,8.819396396528958,Injectable,Healthy,10.84
ANI_00226,Goat,37.99333586835962,9.666568111090607,Tylosin,19.527331663915756,Oral,Mild Infection,14.49
ANI_00227,Cattle,645.5618690081117,,Tylosin,16.22109769144298,Injectable,Severe Infection,20.24
ANI_00228,Sheep,70.72507337309803,9.62089498177735,Amoxicillin,9.32076882944196,Injectable,Severe Infection,13.48
ANI_00229,Pig,90.32377736917807,5.337087404550722,Amoxicillin,6.974704898599374,Oral,Severe Infection,12.51
ANI_00230,Sheep,68.15737212539297,15.35025081343349,Amoxicillin,9.6053949727414,Oral,Severe Infection,11.22
ANI_00231,Pig,79.22396343994888,7.005800809828272,Amoxicillin,10.450269188969383,Oral,Mild Infection,10.67
ANI_00232,Sheep,53.48643106208171,13.977773656334474,Amoxicillin,10.422372054918483,Injectable,Mild Infection,14.15
ANI_00233,Cattle,681.1375028664982,43.482586282819646,Oxytetracycline,27.466458317216155,Injectable,Healthy,23.05
ANI_00234,Sheep,66.73181351269959,15.313818062780426,Tylosin,19.87714927024045,Injectable,Healthy,14.59
ANI_00235,Pig,105.21325666300815,3.198984079450114,Penicillin,20.996069440445122,Injectable,Severe Infection,13.36
ANI_00236,Cattle,544.4602668220141,18.60172121422913,Tylosin,7.23332075498667,Oral,Mild Infection,10.93
ANI_00237,Sheep,51.828145333910044,3.6235174893448914,Amoxicillin,12.220709382027371,Oral,Severe Infection,13.17
ANI_00238,Cattle,593.259083187309,49.99858309172407,Amoxicillin,5.929906398231322,Injectable,Mild Infection,11.53
ANI_00239,Sheep,61.26449022823462,9.248250450144692,Penicillin,18.422268819392855,Injectable,Mild Infection,15.36
ANI_00240,Goat,49.66692984474514,11.971828804301058,Amoxicillin,5.770582791343312,Oral,Healthy,9.83
ANI_00241,Goat,47.58260642269773,14.728137800175706,Tylosin,12.75903584662414,Injectable,Mild Infection,14.7
ANI_00242,Sheep,58.06340540720282,13.920238320346733,Oxytetracycline,24.713262284783795,Injectable,Healthy,18.66
ANI_00243,Sheep,,7.69323932309948,Oxytetracycline,25.71303236160464,Topical,Mild Infection,17.02
ANI_00244,Goat,32.32448610621216,6.986607227512456,Tylosin,10.433531624784326,Injectable,Mild Infection,16.59
ANI_00245,Goat,35.77778508603249,15.085755967663296,Penicillin,17.771181493582233,Injectable,Healthy,11.15
ANI_00246,Goat,38.819179309610654,10.52467908162984,Penicillin,22.039649646935658,Injectable,Severe Infection,15.91
ANI_00247,Goat,41.64549099968547,10.486183792614161,Tylosin,12.446917285329496,Injectable,Healthy,17.36
ANI_00248,Goat,36.34322994730982,13.581237849833935,Oxytetracycline,23.139103125342793,Injectable,Mild Infection,21.11
ANI_00249,Pig,80.47249457433257,4.215088321286193,Oxytetracycline,14.939575981439997,Injectable,Healthy,18.9
ANI_00250,Pig,107.34731013632356,4.947843935576082,Tylosin,5.9397980518303175,Oral,Healthy,10.87
ANI_00251,Goat,25.89734012925844,7.893437061057076,Penicillin,23.497500185309086,Injectable,Mild Infection,13.13
ANI_00252,Sheep,65.159392177041,15.538427159450771,Oxytetracycline,29.625941809944933,Injectable,Healthy,20.07
ANI_00253,Goat,29.334741514770762,21.659163994634525,Oxytetracycline,29.44010659263074,Oral,Healthy,15.99
ANI_00254,Cattle,616.4739354457172,43.59554101811792,Oxytetracycline,21.224455765650497,Injectable,Healthy,19.51
ANI_00255,Cattle,470.4458759853451,,Tylosin,15.61752645844653,Injectable,Severe Infection,18.1
ANI_00256,Goat,40.689151064370996,10.20647912378447,Amoxicillin,9.117655415845086,Injectable,Healthy,14.38
ANI_00257,Cattle,,36.68415763645262,Penicillin,16.88859816395437,Injectable,Healthy,9.56
ANI_00258,Pig,84.01615986699493,3.1077439348796756,Amoxicillin,13.778300781520409,Injectable,Mild Infection,13.71
ANI_00259,Goat,42.53977547784872,11.872326021426552,Tylosin,16.580187144649855,Oral,Healthy,13.81
ANI_00260,Cattle,492.2162802987198,48.46066506881534,Amoxicillin,8.804200075075624,Injectable,Healthy,12.08
ANI_00261,Sheep,41.69231551605134,12.802607215822748,Oxytetracycline,25.857088380676785,Topical,Healthy,18.69
ANI_00262,Sheep,70.80048065714648,7.1235415547231336,Oxytetracycline,23.917982363376048,Injectable,Severe Infection,24.76
ANI_00263,Pig,94.68906323963152,6.966850976229207,Amoxicillin,14.83521472715222,Injectable,Severe Infection,15.72
ANI_00264,Pig,91.92703073516006,5.600942653341183,Tylosin,14.229470376047031,Oral,Mild Infection,11.89
ANI_00265,Goat,44.17036232476605,12.0232422341698,Penicillin,16.266414689126496,Oral,Severe Infection,9.85
ANI_00266,Goat,43.42645677766119,12.13089796616283,Amoxicillin,10.273996221226763,Injectable,Healthy,11.14
ANI_00267,Cattle,419.4628172949656,43.15730807472805,Tylosin,17.87265579735746,Oral,Healthy,12.93
ANI_00268,Sheep,73.17597535607959,,Tylosin,10.366973979881628,Injectable,Healthy,16.51
ANI_00269,Goat,44.36653739649612,8.640476413957058,Amoxicillin,13.259782127080818,Oral,Healthy,8.63
ANI_00270,Pig,92.66351176370625,7.527182201239712,Amoxicillin,11.209285674784311,Injectable,Healthy,13.57
ANI_00271,Goat,40.30360349032357,12.54217836863452,Oxytetracycline,12.525294831290054,Oral,Healthy,14.11
ANI_00272,Pig,123.75358776923127,,Tylosin,17.555616878644102,Injectable,Healthy,16.42
ANI_00273,Sheep,40.638846863213786,,Tylosin,8.189665645566443,Oral,Mild Infection,13.5
ANI_00274,Pig,103.59163563879196,,Oxytetracycline,28.143900614116596,Oral,Mild Infection,20.97
ANI_00275,Sheep,42.95121445867676,2.892035169867796,Penicillin,22.968454142840052,Injectable,Healthy,8.19
ANI_00276,Goat,46.779373417203374,11.112556384818776,Penicillin,22.875125151986815,Injectable,Healthy,12.06
ANI_00277,Sheep,68.8866275355096,9.892978269380038,Amoxicillin,7.8152119841492995,Topical,Mild Infection,8.22
ANI_00278,Pig,,2.2295998959577656,Oxytetracycline,21.967149685955178,Injectable,Healthy,19.85
ANI_00279,Sheep,64.28312962473497,15.596542854749968,Oxytetracycline,21.864431402147687,Injectable,Mild Infection,21.62
ANI_00280,Cattle,483.1178276809989,27.194544314575634,Tylosin,17.470602715785645,Injectable,Mild Infection,17.17
ANI_00281,Sheep,62.65155527298887,14.567722139846204,Tylosin,17.439301989751335,Injectable,Healthy,15.9
ANI_00282,Cattle,600.1046092567141,53.68867262985696,Penicillin,19.02885146522697,Injectable,Healthy,10.33
ANI_00283,Goat,49.7744044201505,18.998325221089996,Tylosin,15.539506596282745,Injectable,Mild Infection,16.94
ANI_00284,Pig,67.96068376205663,6.848468519423798,Tylosin,14.009765998225339,Injectable,Healthy,15.32
ANI_00285,Sheep,58.944699479976926,,Oxytetracycline,17.237061864102774,Injectable,Mild Infection,20.17
ANI_00286,Pig,99.25926405903176,5.5596107459840844,Penicillin,12.941465691075894,Injectable,Severe Infection,10.84
ANI_00287,Sheep,57.95064962186755,,Tylosin,5.11496048973838,Injectable,Healthy,13.3
ANI_00288,Cattle,424.78435944094167,40.52820843315876,Oxytetracycline,17.940300824743833,Injectable,Mild Infection,20.92
ANI_00289,Cattle,510.3544138639393,10.053369348986479,Oxytetracycline,27.484450493703516,Oral,Healthy,20.97
ANI_00290,Sheep,59.39339186185379,6.48919690753259,Penicillin,16.165316128983186,Injectable,Healthy,7.64
ANI_00291,Pig,118.4249536982069,4.915255357122408,Oxytetracycline,29.101210229699777,Oral,Mild Infection,19.14
ANI_00292,Cattle,,27.50053844878004,Penicillin,15.757583245674692,Injectable,Mild Infection,12.38
ANI_00293,Sheep,75.21398497831922,10.036250200514539,Tylosin,6.0651149679988325,Injectable,Healthy,13.57
ANI_00294,Sheep,53.4999741917654,16.70470042095968,Amoxicillin,5.101311840277434,Oral,Mild Infection,6.66
ANI_00295,Goat,43.052308500714645,14.546385303287316,Penicillin,11.808376246055353,Topical,Mild Infection,4.56
ANI_00296,Cattle,510.85597057765233,68.1373184836607,Oxytetracycline,10.874781446178947,Injectable,Healthy,17.9
ANI_00297,Cattle,,51.447892681825685,Amoxicillin,13.456043629899067,Injectable,Healthy,11.05
ANI_00298,Sheep,77.75310892609512,10.936921654024069,Oxytetracycline,25.96760681036705,Injectable,Healthy,23.05
ANI_00299,Sheep,41.80692071335277,9.227252691054323,Penicillin,18.73298119891171,Oral,Severe Infection,13.77
ANI_00300,Pig,66.75016023928652,5.49349017994958,Tylosin,7.138912161228631,Oral,Healthy,9.25
ANI_00301,Pig,100.99157040969413,5.677311576696413,Oxytetracycline,22.738046349094866,Injectable,Healthy,19.57
ANI_00302,Goat,38.32622501004378,5.484439265701941,Penicillin,13.26838831382485,Injectable,Mild Infection,13.4
ANI_00303,Pig,99.08059984165709,3.706670570958193,Amoxicillin,5.275367198694655,Injectable,Mild Infection,13.11
ANI_00304,Pig,100.12844539621875,3.8037090439383068,Amoxicillin,5.233520963281859,Injectable,Healthy,10.24
ANI_00305,Sheep,59.065659290830006,12.915929700244313,Oxytetracycline,27.768073446173624,Injectable,Healthy,22.92
ANI_00306,Cattle,536.9642192198094,,Oxytetracycline,16.807742085090112,Injectable,Severe Infection,21.29
ANI_00307,Pig,131.45629281834363,6.500904815455555,Oxytetracycline,26.67299923875171,Injectable,Mild Infection,19.8
ANI_00308,Pig,89.14652400531956,,Oxytetracycline,29.328347717328146,Injectable,Healthy,20.1
ANI_00309,Sheep,58.281370135367084,7.567341875236793,Tylosin,14.393514821315957,Injectable,Mild Infection,12.86
ANI_00310,Cattle,471.39957781198893,59.52829526593256,Penicillin,13.019681617336499,Oral,Mild Infection,10.14
ANI_00311,Cattle,347.5478713380826,38.89109996747362,Tylosin,19.460432707482706,Injectable,Healthy,16.3
ANI_00312,Cattle,,31.658843173958235,Penicillin,21.91315993824108,Oral,Healthy,8.71
ANI_00313,Pig,97.50764407619741,3.654816782294515,Oxytetracycline,29.619747563253704,Oral,Severe Infection,24.13
ANI_00314,Sheep,59.48606276411514,14.55914932718215,Penicillin,15.798107602345418,Injectable,Healthy,9.28
ANI_00315,Sheep,71.93956259988278,10.652408697666036,Tylosin,16.467916919820766,Injectable,Mild Infection,17.8
ANI_00316,Pig,101.79161362510497,8.331612038416772,Penicillin,23.396353077931224,Injectable,Severe Infection,15.2
ANI_00317,Sheep,83.33244404285301,12.769130697596164,Penicillin,23.895739100951303,Oral,Healthy,8.56
ANI_00318,Cattle,461.1481546911114,31.08047395376672,Amoxicillin,8.587155254170135,Oral,Mild Infection,8.67
ANI_00319,Goat,35.715093292596706,15.42646841850271,Oxytetracycline,10.2863055533412,Injectable,Healthy,19.63
ANI_00320,Cattle,551.6178287114958,44.365234270899265,Penicillin,21.491738991933794,Injectable,Mild Infection,14.5
ANI_00321,Pig,83.59517341102597,5.951944283838792,Penicillin,16.11314546548646,Oral,Healthy,6.4
ANI_00322,Sheep,58.55481329284482,12.12076314884062,Tylosin,9.493485169308109,Injectable,Severe Infection,19.34
ANI_00323,Pig,96.41579050749222,6.165025398646379,Oxytetracycline,11.45803670735807,Injectable,Mild Infection,17.81
ANI_00324,Pig,84.74550442867572,5.690150796327447,Amoxicillin,14.061110021324971,Injectable,Severe Infection,17.16
ANI_00325,Cattle,507.88960965985086,36.27766467717802,Penicillin,19.052396440650682,Injectable,Healthy,12.9
ANI_00326,Goat,29.529436807047105,20.749955317496827,Penicillin,19.371757941841036,Oral,Mild Infection,7.47
ANI_00327,Pig,116.86745244314118,7.1188981519900745,Tylosin,17.059377613287804,Oral,Healthy,14.15
ANI_00328,Cattle,775.9660038911078,13.999906025922805,Penicillin,12.007425444995397,Oral,Healthy,6.76
ANI_00329,Goat,34.990479742227464,12.061515925488422,Penicillin,14.142543367313493,Injectable,Mild Infection,11.13
ANI_00330,Goat,41.241525470871835,8.566200238501256,Tylosin,6.528385820990203,Injectable,Healthy,15.67
ANI_00331,Cattle,602.7421535338774,28.035355476243453,Penicillin,23.378082172161022,Injectable,Severe Infection,16.78
ANI_00332,Pig,97.25256423201206,5.86890478643799,Tylosin,10.814732081834705,Topical,Healthy,12.59
ANI_00333,Sheep,65.2224368124801,,Oxytetracycline,23.327708271564127,Oral,Healthy,17.63
ANI_00334,Goat,41.57852565924477,10.24756070302562,Oxytetracycline,17.201009318019565,Injectable,Mild Infection,21.29
ANI_00335,Pig,71.17035876780446,5.5810948687018485,Penicillin,15.530607562971928,Injectable,Healthy,9.57
ANI_00336,Cattle,485.22196811825285,31.240054082136986,Oxytetracycline,23.14706964340257,Injectable,Severe Infection,25.2
ANI_00337,Sheep,69.70941331376861,18.40901290242764,Amoxicillin,7.953014775718328,Oral,Healthy,8.76
ANI_00338,Goat,32.78358756513992,18.191999015696076,Penicillin,12.988229123410797,Injectable,Mild Infection,10.31
ANI_00339,Pig,65.12303766734205,6.238036812107949,Oxytetracycline,26.70960451484389,Injectable,Healthy,20.66
ANI_00340,Cattle,400.56506253914876,35.071531304006726,Penicillin,16.96142739180256,Injectable,Mild Infection,12.07
ANI_00341,Pig,121.0722479848732,4.553074382259425,Amoxicillin,12.72921481876115,Injectable,Mild Infection,14.07
ANI_00342,Sheep,60.1961665769399,11.049219501241437,Amoxicillin,7.655828329586061,Injectable,Mild Infection,12.94
ANI_00343,Pig,56.76879333361613,6.5111473074247375,Tylosin,10.576089423594954,Injectable,Mild Infection,16.33
ANI_00344,Sheep,60.50887701856018,14.680879589109354,Penicillin,16.86993638505357,Injectable,Severe Infection,15.55
ANI_00345,Goat,34.05492588185613,8.811988785671272,Penicillin,17.261156045653024,Injectable,Healthy,10.33
ANI_00346,Goat,,14.148363332244575,Tylosin,6.134075609251262,Topical,Severe Infection,13.0
ANI_00347,Cattle,533.8814600810737,24.069838891178556,Oxytetracycline,25.6264371149461,Injectable,Healthy,19.18
ANI_00348,Cattle,524.6504778432005,21.95978819281305,Tylosin,10.177883127413157,Oral,Healthy,12.8
ANI_00349,Pig,106.60130001625242,7.239852664791609,Amoxicillin,5.6220322616470275,Injectable,Healthy,9.59
ANI_00350,Goat,56.71630977355819,12.01521230449275,Oxytetracycline,23.592406654702156,Topical,Mild Infection,14.6
ANI_00351,Cattle,718.7649874550019,13.266323173956422,Amoxicillin,9.328160022094693,Injectable,Severe Infection,13.26
ANI_00352,Sheep,57.333476707655855,13.791446991007176,Tylosin,8.629656954755681,Oral,Severe Infection,15.85
ANI_00353,Goat,40.383691567852374,13.327375453034062,Oxytetracycline,15.190835663521806,Injectable,Severe Infection,26.32
ANI_00354,Sheep,46.368259954071895,14.194833071940126,Amoxicillin,14.078987937796194,Oral,Severe Infection,12.24
ANI_00355,Goat,39.32088145198117,7.026704286375605,Oxytetracycline,24.36662350744008,Topical,Mild Infection,18.23
ANI_00356,Sheep,47.06727042128836,11.974593772908525,Oxytetracycline,10.24206233552215,Injectable,Mild Infection,22.38
ANI_00357,Goat,45.02900186272973,6.922419173537581,Tylosin,8.331138060399809,Injectable,Severe Infection,19.57
ANI_00358,Pig,90.9581933433384,,Tylosin,14.936510175516021,Injectable,Healthy,14.51
ANI_00359,Goat,29.247084237094505,5.586958132736202,Tylosin,16.31397460020534,Injectable,Healthy,12.65
ANI_00360,Goat,48.06010951869538,17.5148389850534,Oxytetracycline,14.807978257870138,Injectable,Mild Infection,18.85
ANI_00361,Goat,27.789832026222303,12.130302309634247,Amoxicillin,5.389299633256675,Topical,Healthy,5.2
ANI_00362,Cattle,568.6318456956701,42.59076955801977,Tylosin,16.381643806359875,Injectable,Healthy,19.41
ANI_00363,Sheep,74.11050901059224,10.378359969544887,Oxytetracycline,19.526714666021974,Injectable,Severe Infection,21.75
ANI_00364,Cattle,498.79110521539457,31.60522152818086,Tylosin,6.067374277601492,Injectable,Healthy,14.58
ANI_00365,Pig,125.31259071171263,5.262408126644329,Amoxicillin,13.35825927910516,Topical,Mild Infection,10.36
ANI_00366,Pig,78.57892640701903,6.218941208094578,Tylosin,9.237086395550055,Oral,Healthy,12.96
ANI_00367,Sheep,66.90236800380272,1.766526466971591,Oxytetracycline,11.092688400019446,Injectable,Healthy,17.03
ANI_00368,Sheep,49.141748711148146,16.86949427900652,Tylosin,17.72638068635787,Injectable,Mild Infection,18.39
ANI_00369,Sheep,68.6359665924659,14.318572917290588,Amoxicillin,6.816139677566026,Injectable,Healthy,12.2
ANI_00370,Goat,37.987688911644035,17.83892750015176,Tylosin,14.915213813709805,Topical,Mild Infection,9.16
ANI_00371,Sheep,64.80304653013299,9.722465199407491,Penicillin,18.756591707711674,Injectable,Mild Infection,13.29
ANI_00372,Pig,69.93839396480364,6.066655851331604,Penicillin,17.63335833386584,Oral,Mild Infection,7.71
ANI_00373,Pig,121.63884119481699,7.991064938166161,Oxytetracycline,19.234322876262382,Topical,Severe Infection,19.23
ANI_00374,Sheep,64.97743089091394,9.856163418362833,Oxytetracycline,16.906839044897758,Oral,Healthy,17.35
ANI_00375,Goat,,15.75024048881906,Tylosin,13.431091916038566,Topical,Severe Infection,14.01
ANI_00376,Sheep,66.68741655592513,9.15002322876705,Amoxicillin,5.251934139592294,Injectable,Mild Infection,14.45
ANI_00377,Pig,98.79422017216777,6.909590339284761,Penicillin,13.52460107493929,Injectable,Mild Infection,12.86
ANI_00378,Cattle,557.5205016106567,57.830678199596655,Oxytetracycline,27.252809422983578,Topical,Healthy,16.15
ANI_00379,Cattle,400.3608310832933,32.64152296600774,Tylosin,17.979436383633686,Oral,Mild Infection,13.48
ANI_00380,Sheep,51.372242359568794,9.40243322502502,Amoxicillin,11.248740996069989,Oral,Mild Infection,11.35
ANI_00381,Sheep,60.69746848841049,9.440941890223467,Amoxicillin,7.876327290436782,Oral,Severe Infection,10.64
ANI_00382,Cattle,364.73297141564655,,Amoxicillin,12.837598424841072,Injectable,Mild Infection,13.2
ANI_00383,Goat,36.54209728668299,11.346716770864406,Amoxicillin,8.739210470128135,Injectable,Mild Infection,13.05
ANI_00384,Goat,44.01426188934036,18.08135694923801,Penicillin,11.520593463297388,Oral,Healthy,5.99
ANI_00385,Cattle,367.16850485349494,36.92968462484676,Tylosin,19.56014818114616,Injectable,Healthy,15.59
ANI_00386,Cattle,407.5766855731696,22.700910458208156,Amoxicillin,7.642762631586393,Oral,Healthy,5.65
ANI_00387,Goat,47.58757079889229,6.856180905140695,Amoxicillin,14.685373316998922,Injectable,Healthy,11.12
ANI_00388,Cattle,517.6820872139398,38.36792715114253,Penicillin,19.354731674353992,Topical,Healthy,4.68
ANI_00389,Sheep,71.89911397241167,16.054702962175455,Amoxicillin,11.100074170794857,Injectable,Healthy,9.98
ANI_00390,Pig,81.64994357971473,5.570179289699843,Amoxicillin,10.875858711094018,Oral,Severe Infection,13.05
ANI_00391,Goat,40.35023810171111,10.976635452387633,Amoxicillin,7.531015391796087,Oral,Healthy,8.99
ANI_00392,Pig,98.75617966001379,4.271217858171639,Oxytetracycline,24.967686993524627,Oral,Healthy,17.53
ANI_00393,Sheep,76.77462930312606,10.030215702677928,Oxytetracycline,10.18108323160742,Injectable,Healthy,21.15
ANI_00394,Cattle,638.1454078690487,40.31019659030496,Oxytetracycline,10.274911080226905,Injectable,Mild Infection,20.89
ANI_00395,Sheep,,10.796786751132284,Oxytetracycline,22.134634494348727,Injectable,Healthy,19.45
ANI_00396,Pig,104.78809001070753,3.1991608793384647,Penicillin,19.251754117788117,Oral,Severe Infection,12.2
ANI_00397,Cattle,481.4959277339196,28.56533189973979,Penicillin,23.81149912695036,Oral,Mild Infection,11.68
ANI_00398,Cattle,736.3872494619361,49.2835771956317,Tylosin,11.815181346014827,Injectable,Severe Infection,19.73
ANI_00399,Cattle,338.4633548723274,11.573629886185525,Amoxicillin,11.493223245768817,Injectable,Mild Infection,12.4
ANI_00400,Sheep,68.59587886979801,9.238453495445295,Amoxicillin,9.91095729383165,Injectable,Healthy,11.49
ANI_00401,Pig,134.98448405054307,3.9635007113435443,Tylosin,8.903548969778441,Injectable,Mild Infection,15.42
ANI_00402,Cattle,472.02398315041654,37.628623086575985,Oxytetracycline,23.702686197489683,Injectable,Mild Infection,22.3
ANI_00403,Sheep,60.99605756521441,5.360977658087749,Tylosin,13.033307223195088,Injectable,Healthy,12.93
ANI_00404,Pig,73.5508408651286,3.70892356400216,Tylosin,12.584512301329383,Oral,Healthy,9.84
ANI_00405,Sheep,70.64876739290239,3.4389364848880835,Tylosin,12.5469870882731,Oral,Healthy,12.43
ANI_00406,Goat,37.491762510620816,10.442393827879206,Penicillin,19.158201325231367,Oral,Severe Infection,14.26
ANI_00407,Cattle,396.2982430612234,44.9257883820055,Penicillin,11.7632695022533,Oral,Healthy,8.23
ANI_00408,Goat,47.34763555153931,10.875921410913657,Amoxicillin,8.542713272172158,Injectable,Healthy,11.92
ANI_00409,Pig,71.64752131630456,7.19971859967129,Penicillin,10.865982388376757,Injectable,Mild Infection,9.06
ANI_00410,Sheep,54.352259958290574,3.6315710814991036,Amoxicillin,9.289443334301442,Topical,Mild Infection,10.01
ANI_00411,Sheep,60.00445494187545,,Penicillin,16.17937142551153,Oral,Mild Infection,9.42
ANI_00412,Pig,118.4854027907566,5.328538010160557,Penicillin,12.142629472214978,Injectable,Mild Infection,10.14
ANI_00413,Goat,38.94330395584685,12.707019173208199,Oxytetracycline,20.15610127917558,Injectable,Healthy,19.57
ANI_00414,Cattle,494.97953829582553,60.34354709123848,Penicillin,20.32947443961813,Injectable,Healthy,12.49
ANI_00415,Pig,124.88996152042115,6.2640418452351145,Tylosin,17.320825443510415,Injectable,Mild Infection,17.02
ANI_00416,Sheep,72.23568882418627,13.334911454247493,Amoxicillin,13.825598767723474,Oral,Healthy,8.63
ANI_00417,Sheep,57.24297807079134,15.762784575290729,Penicillin,18.12641446401345,Injectable,Healthy,9.81
ANI_00418,Goat,41.69026953823578,7.68851275449124,Oxytetracycline,17.010410685723237,Oral,Healthy,15.52
ANI_00419,Pig,135.23377861584385,,Tylosin,14.85094227082412,Injectable,Healthy,16.2
ANI_00420,Cattle,386.23143295751834,39.222407837577705,Oxytetracycline,11.329266515525443,Injectable,Severe Infection,24.97
ANI_00421,Pig,115.02261695611702,7.248142830238951,Oxytetracycline,20.360161328092495,Injectable,Mild Infection,22.17
ANI_00422,Pig,82.77824179652859,6.301740426555069,Tylosin,16.249666976781064,Oral,Healthy,12.26
ANI_00423,Cattle,578.41275908647,39.72709510647243,Tylosin,13.682101317679107,Oral,Mild Infection,12.0
ANI_00424,Goat,43.18341639957447,9.478750082988075,Oxytetracycline,14.83001255985667,Oral,Healthy,14.71
ANI_00425,Sheep,46.276253997005945,12.124179591049426,Amoxicillin,5.769716693808741,Injectable,Severe Infection,13.5
ANI_00426,Goat,52.15427138913415,15.706422032177628,Penicillin,13.960929770405782,Oral,Mild Infection,6.95
ANI_00427,Goat,33.460792824741205,,Penicillin,20.419614383405914,Oral,Healthy,8.76
ANI_00428,Goat,29.062897548318034,14.850513935385717,Amoxicillin,6.877224056922521,Oral,Severe Infection,13.17
ANI_00429,Pig,90.79847491733003,5.867224764820056,Amoxicillin,7.595764492750492,Oral,Healthy,8.66
ANI_00430,Pig,,7.341481891900407,Amoxicillin,14.961576734987789,Oral,Healthy,8.81
ANI_00431,Goat,34.341652954912306,12.501461263060676,Amoxicillin,5.949179368216697,Oral,Healthy,9.03
ANI_00432,Goat,44.89975035210882,11.610652725349269,Penicillin,11.951210047434204,Topical,Healthy,4.04
ANI_00433,Pig,63.7592219774076,7.281067183262068,Penicillin,19.815130082390795,Injectable,Mild Infection,13.41
ANI_00434,Pig,126.5786663907082,8.142822603774983,Tylosin,14.369210721717973,Injectable,Severe Infection,22.19
ANI_00435,Cattle,,30.09427781764797,Oxytetracycline,17.78460943383577,Injectable,Mild Infection,21.92
ANI_00436,Pig,72.01387650396117,3.0583898366534656,Penicillin,24.93446664248325,Topical,Healthy,6.95
ANI_00437,Pig,113.83619643667457,,Amoxicillin,5.533479969888977,Oral,Severe Infection,14.76
ANI_00438,Sheep,54.942532957380635,12.00551860403194,Amoxicillin,11.908839765508228,Injectable,Severe Infection,13.87
ANI_00439,Sheep,64.04101655009009,7.912103558436815,Oxytetracycline,21.986042322788755,Oral,Healthy,18.14
ANI_00440,Goat,,14.092316016009578,Amoxicillin,11.996395696221217,Oral,Severe Infection,14.8
ANI_00441,Pig,80.39477647404979,12.123893930812438,Tylosin,11.028307998360951,Oral,Severe Infection,16.02
ANI_00442,Goat,30.791887331043945,5.043737475582264,Amoxicillin,5.519893519777074,Topical,Mild Infection,9.0
ANI_00443,Pig,118.63142537362128,6.522533368263799,Oxytetracycline,27.658296330374444,Injectable,Healthy,19.45
ANI_00444,Cattle,,25.253326877443982,Penicillin,22.039604685293945,Oral,Healthy,9.8
ANI_00445,Sheep,62.88653930807484,12.299105071687874,Penicillin,16.975142762896414,Injectable,Severe Infection,13.77
ANI_00446,Sheep,58.03533416571903,9.334863197960374,Tylosin,8.16189652325043,Oral,Severe Infection,14.96
ANI_00447,Goat,26.38229387135991,10.148737254641956,Penicillin,21.9743979581378,Injectable,Healthy,9.49
ANI_00448,Goat,31.663644702055176,17.477019189687503,Tylosin,5.938472633291774,Injectable,Healthy,12.18
ANI_00449,Cattle,588.1183343042006,31.43710132883756,Amoxicillin,6.549253111434426,Oral,Healthy,7.94
ANI_00450,Sheep,51.515713658091855,12.94567144943973,Penicillin,17.58263140584796,Injectable,Severe Infection,13.04
ANI_00451,Goat,33.226830009069104,11.901370877074024,Tylosin,11.893760858204345,Oral,Healthy,13.16
ANI_00452,Goat,35.60367780323572,14.16736835734527,Oxytetracycline,23.344246743883623,Injectable,Healthy,22.96
ANI_00453,Pig,124.47706397147456,6.273643659342587,Oxytetracycline,29.78902261930113,Oral,Healthy,18.05
ANI_00454,Sheep,,1,Oxytetracycline,26.764608421636012,Injectable,Mild Infection,20.31
ANI_00455,Sheep,54.73837646452511,4.1428299110575475,Oxytetracycline,25.24893917349737,Oral,Healthy,17.42
ANI_00456,Cattle,470.01618037251194,31.785645578354817,Oxytetracycline,22.89490497153637,Injectable,Mild Infection,25.96
ANI_00457,Pig,82.15349219623107,6.80417651640588,Tylosin,13.563161252592144,Injectable,Healthy,14.15
ANI_00458,Pig,83.254751379006,6.760762896432622,Penicillin,24.54889788017786,Injectable,Severe Infection,15.4
ANI_00459,Pig,89.3537546814042,8.390278359666873,Amoxicillin,5.870172183027887,Injectable,Healthy,12.65
ANI_00460,Sheep,,9.270436022856419,Oxytetracycline,27.481435466103704,Injectable,Mild Infection,21.61
ANI_00461,Sheep,62.961848047310134,13.50086782862865,Penicillin,19.40993402636017,Injectable,Healthy,9.96
ANI_00462,Cattle,545.8386703551485,45.949557928033364,Oxytetracycline,10.80118238101389,Injectable,Healthy,18.58
ANI_00463,Goat,39.44337432863019,15.5599502488684,Tylosin,11.994491194097282,Injectable,Healthy,13.89
ANI_00464,Goat,,16.6866492471222,Amoxicillin,6.707083633124801,Injectable,Mild Infection,11.96
ANI_00465,Cattle,,38.657899479340735,Amoxicillin,14.106057172144217,Injectable,Healthy,12.88
ANI_00466,Sheep,99.26237706436326,16.798552316743656,Tylosin,7.410193770677678,Injectable,Mild Infection,15.28
ANI_00467,Sheep,62.49178671713897,8.426027064449567,Penicillin,14.215746252503337,Injectable,Healthy,9.51
ANI_00468,Pig,77.39861321919284,6.650028272513084,Amoxicillin,7.369333249066487,Injectable,Mild Infection,11.94
ANI_00469,Cattle,436.0008183222551,34.00534218347819,Oxytetracycline,10.383109711025059,Injectable,Severe Infection,22.7
ANI_00470,Cattle,629.5871781863015,42.06485128117197,Oxytetracycline,15.309928148581447,Injectable,Healthy,19.59
ANI_00471,Cattle,533.1341646779341,42.40081021485074,Amoxicillin,7.77464679724954,Oral,Healthy,9.48
ANI_00472,Goat,51.78136540600786,11.565628117150224,Penicillin,13.915727893522721,Injectable,Healthy,8.89
ANI_00473,Goat,36.252529213757064,7.381221029468536,Tylosin,18.92945843173091,Oral,Severe Infection,17.33
ANI_00474,Pig,77.04617220368665,2.7019331293013873,Penicillin,17.064403786521,Topical,Healthy,5.57
ANI_00475,Goat,46.921588864010204,12.666646748229292,Oxytetracycline,26.348156946122188,Oral,Mild Infection,18.03
ANI_00476,Goat,53.97890558332446,10.919360030469345,Penicillin,20.36583719108893,Oral,Severe Infection,12.95
ANI_00477,Cattle,416.38930041204,13.382563691804716,Amoxicillin,13.309491710550684,Injectable,Healthy,12.53
ANI_00478,Cattle,442.96486335863193,45.364113739397354,Tylosin,11.507658842828663,Injectable,Healthy,12.29
ANI_00479,Cattle,472.26839434340195,44.581948809128214,Tylosin,15.995001608339349,Injectable,Mild Infection,17.71
ANI_00480,Pig,103.99620867437427,5.566526971191519,Penicillin,14.90192058786666,Injectable,Mild Infection,13.02
ANI_00481,Cattle,,25.055350774153123,Tylosin,11.959725472503312,Oral,Severe Infection,18.07
ANI_00482,Pig,112.04236640784967,2.511338561443485,Penicillin,24.07473592976974,Oral,Mild Infection,10.98
ANI_00483,Goat,39.472203032873516,13.80262222133862,Tylosin,10.21278192970632,Topical,Healthy,8.91
ANI_00484,Pig,137.7537531468038,,Oxytetracycline,26.47104453223638,Oral,Healthy,19.51
ANI_00485,Cattle,615.356342865986,29.776704251636463,Amoxicillin,8.281794827976121,Injectable,Healthy,8.96
ANI_00486,Goat,17.34275521511545,13.937786421115751,Penicillin,15.769166139681523,Injectable,Healthy,11.06
ANI_00487,Cattle,533.6071167925669,59.48609440367566,Penicillin,10.489885911767438,Injectable,Severe Infection,9.84
ANI_00488,Goat,34.73401270132921,18.89386136026841,Penicillin,11.026756788490252,Oral,Severe Infection,11.4
ANI_00489,Pig,103.59662159075813,6.974827853809686,Tylosin,6.152045724716323,Injectable,Mild Infection,16.49
ANI_00490,Pig,59.00117442845044,2.8772953284454004,Amoxicillin,7.553363737632441,Oral,Severe Infection,14.2
ANI_00491,Cattle,615.7346311723567,51.439168432771496,Penicillin,11.051622094618853,Injectable,Healthy,7.85
ANI_00492,Sheep,56.04319288243736,7.200561111281607,Tylosin,18.18995323517711,Oral,Healthy,12.29
ANI_00493,Sheep,63.53547863198676,10.976277753320986,Penicillin,24.014561712512354,Injectable,Mild Infection,13.44
ANI_00494,Cattle,569.272275511686,59.87826088005069,Tylosin,11.426868557731932,Injectable,Mild Infection,16.74
ANI_00495,Pig,103.0375521922788,8.50962388693834,Amoxicillin,13.446659090902243,Oral,Healthy,6.07
ANI_00496,Sheep,48.82813538292997,21.400823200022884,Amoxicillin,8.08468281489484,Injectable,Severe Infection,11.22
ANI_00497,Pig,130.1526711782737,4.615695575846219,Amoxicillin,8.45806098410425,Injectable,Healthy,12.83
ANI_00498,Goat,44.6683544240951,12.293738076964475,Oxytetracycline,23.19011963302654,Injectable,Mild Infection,21.47
ANI_00499,Cattle,544.3501720584525,22.17757938495871,Amoxicillin,7.226760791230849,Injectable,Severe Infection,15.76
ANI_00500,Goat,25.041469283742686,17.98440893370224,Oxytetracycline,27.95929293695577,Injectable,Healthy,20.48
ANI_00501,Cattle,386.73309481231036,40.132269231455474,Amoxicillin,7.338128330930641,Injectable,Healthy,11.84
ANI_00502,Pig,92.83941240506027,6.166962251039702,Oxytetracycline,17.85790217786358,Injectable,Healthy,18.9
ANI_00503,Cattle,432.33291967519864,48.05511490951788,Penicillin,10.603870045138482,Injectable,Healthy,6.99
ANI_00504,Sheep,74.94938227453235,7.921975190463251,Amoxicillin,14.04243291407565,Injectable,Healthy,13.51
ANI_00505,Sheep,72.10243500506877,10.92393381434071,Penicillin,22.08473208045013,Injectable,Healthy,10.25
ANI_00506,Cattle,428.78261358239564,12.174467754986853,Tylosin,18.060326831861587,Topical,Healthy,9.79
ANI_00507,Goat,39.91249730387044,,Penicillin,16.631605520195798,Injectable,Mild Infection,10.44
ANI_00508,Goat,26.949793476312436,14.433768277896768,Tylosin,7.308498570406606,Injectable,Mild Infection,16.67
ANI_00509,Pig,133.96185812667466,,Oxytetracycline,11.133608643316709,Injectable,Healthy,18.53
ANI_00510,Sheep,55.84033072052641,14.09358006760806,Amoxicillin,13.956899442666165,Injectable,Mild Infection,13.11
ANI_00511,Pig,115.22611126818904,3.7081988200353435,Oxytetracycline,26.52129369096571,Injectable,Healthy,22.45
ANI_00512,Goat,44.17714036747149,17.6057160090643,Oxytetracycline,15.412878839635313,Injectable,Mild Infection,19.1
ANI_00513,Goat,44.841789608146044,16.461733189524537,Oxytetracycline,21.556141005021694,Topical,Healthy,14.62
ANI_00514,Cattle,571.2322159580162,13.967136149969527,Tylosin,13.46347725026804,Oral,Healthy,10.84
ANI_00515,Pig,118.56090142011385,7.085656702541353,Tylosin,13.342860389450175,Injectable,Severe Infection,17.57
ANI_00516,Goat,34.58403889233175,10.18757652807715,Penicillin,20.147256242809064,Injectable,Severe Infection,16.36
ANI_00517,Cattle,327.95543897632876,57.93217179539636,Amoxicillin,7.759226943805468,Oral,Mild Infection,8.56
ANI_00518,Pig,114.42958647514686,4.383563182426727,Amoxicillin,5.599433008613083,Injectable,Mild Infection,13.4
ANI_00519,Pig,94.27662726624058,1.770267409966019,Oxytetracycline,28.577190996911312,Oral,Severe Infection,21.66
ANI_00520,Cattle,297.41921268886233,36.91052867951775,Amoxicillin,9.263983568016226,Injectable,Healthy,10.98
ANI_00521,Pig,104.3822120006882,6.1542895717662525,Tylosin,5.756251604033138,Injectable,Healthy,14.14
ANI_00522,Cattle,593.7915537510655,38.355653003092264,Penicillin,15.114378571533376,Injectable,Healthy,9.07
ANI_00523,Pig,80.04650854518702,8.073293658838512,Amoxicillin,10.254703073558932,Injectable,Healthy,12.44
ANI_00524,Cattle,529.8158465990525,34.61215717742123,Tylosin,5.016681412942811,Oral,Mild Infection,12.63
ANI_00525,Sheep,72.12608237420457,18.93932756490891,Tylosin,5.243651648141806,Injectable,Mild Infection,13.93
ANI_00526,Cattle,617.2756845267445,26.877726612454964,Penicillin,16.03040825332361,Injectable,Healthy,10.84
ANI_00527,Pig,,4.484287607988247,Tylosin,5.193462046842882,Oral,Healthy,12.53
ANI_00528,Sheep,61.34296497247793,12.396553357672499,Tylosin,10.69968618448092,Injectable,Mild Infection,14.84
ANI_00529,Cattle,471.7113279480375,28.5711271617935,Oxytetracycline,11.932896685755045,Injectable,Healthy,20.92
ANI_00530,Goat,20.097530747719365,9.752215009219594,Tylosin,9.586159361709367,Topical,Mild Infection,12.46
ANI_00531,Cattle,420.7701607795894,31.210813754148894,Amoxicillin,11.323962564655085,Oral,Mild Infection,10.52
ANI_00532,Pig,79.48494632719445,5.999761702881813,Tylosin,15.953737842943568,Oral,Mild Infection,15.52
ANI_00533,Cattle,454.04510588382436,15.14266032545536,Penicillin,19.256589166429844,Injectable,Healthy,10.35
ANI_00534,Pig,108.32892076202906,,Tylosin,13.120616313611574,Topical,Healthy,9.0
ANI_00535,Pig,,10.556803973058456,Tylosin,8.506111880551163,Injectable,Healthy,15.93
ANI_00536,Goat,43.801341971963055,8.64916227242012,Amoxicillin,11.136379029893838,Injectable,Mild Infection,11.55
ANI_00537,Cattle,419.7845408490356,52.39385553928378,Penicillin,19.61448292148137,Oral,Mild Infection,7.39
ANI_00538,Goat,38.80824552186162,10.503278896039266,Amoxicillin,12.665273162216272,Injectable,Healthy,11.67
ANI_00539,Goat,51.40715799699671,9.683818655327402,Amoxicillin,9.541836627367061,Injectable,Mild Infection,13.95
ANI_00540,Sheep,58.63004510557542,11.647822123295825,Oxytetracycline,11.24073527257563,Injectable,Mild Infection,20.69
ANI_00541,Sheep,39.35042612415265,9.256007833122315,Oxytetracycline,18.014083336689332,Injectable,Healthy,17.01
ANI_00542,Sheep,46.44552496887711,,Oxytetracycline,29.091318577176214,Injectable,Mild Infection,23.63
ANI_00543,Cattle,320.3261987021947,53.88455364231578,Amoxicillin,8.380844093662613,Injectable,Mild Infection,12.34
ANI_00544,Goat,32.28369764071847,12.323166518887918,Tylosin,13.928445990791024,Oral,Healthy,11.07
ANI_00545,Cattle,518.4867883852635,52.68878985109851,Oxytetracycline,11.585605692623835,Injectable,Healthy,20.03
ANI_00546,Goat,41.11248318922734,11.11324568000373,Tylosin,13.935197362422944,Injectable,Healthy,13.37
ANI_00547,Cattle,620.2477747653008,39.805763816525705,Penicillin,11.2028013521817,Topical,Mild Infection,9.59
ANI_00548,Goat,36.76482061452831,14.238308246041868,Tylosin,5.604282781669977,Oral,Healthy,9.62
ANI_00549,Goat,41.494096438785924,13.890652224306853,Penicillin,17.219169268288553,Injectable,Mild Infection,11.07
ANI_00550,Sheep,55.96924010934969,12.526578267677138,Amoxicillin,14.024032761106747,Oral,Healthy,8.22
ANI_00551,Pig,106.5168170429585,8.416695635147127,Amoxicillin,8.531028889383894,Injectable,Healthy,11.66
ANI_00552,Pig,127.69064095187812,,Penicillin,24.369187898892065,Oral,Mild Infection,12.78
ANI_00553,Goat,48.82342186194128,19.741281346393617,Penicillin,12.772575969205374,Oral,Healthy,7.13
ANI_00554,Goat,35.087019479933474,9.629961739148278,Oxytetracycline,18.83667409603909,Injectable,Healthy,20.18
ANI_00555,Sheep,54.61763814008846,11.456581134447022,Penicillin,15.966901613936473,Injectable,Healthy,6.0
ANI_00556,Pig,141.05944049003327,4.544655290287552,Tylosin,6.067335183168646,Oral,Healthy,10.92
ANI_00557,Sheep,65.4696109546329,12.27538292513541,Tylosin,5.730422725998946,Injectable,Severe Infection,18.12
ANI_00558,Cattle,,30.144080205513298,Tylosin,6.15781295339702,Injectable,Severe Infection,19.16
ANI_00559,Pig,,6.239200525334208,Oxytetracycline,17.16279433058289,Injectable,Healthy,21.04
ANI_00560,Goat,23.154824465277404,7.54592307028803,Penicillin,17.34466114048049,Injectable,Mild Infection,14.76
ANI_00561,Pig,102.20779278215394,7.014841855666577,Tylosin,15.92984426354904,Injectable,Healthy,14.0
ANI_00562,Cattle,340.2400830404568,43.44897066335309,Oxytetracycline,20.93857751970954,Injectable,Healthy,21.7
ANI_00563,Goat,32.820067494662325,6.75127008988887,Penicillin,21.736387183191816,Topical,Healthy,6.33
ANI_00564,Pig,101.02395803762171,4.805153269713544,Tylosin,15.963055186642405,Injectable,Healthy,17.01
ANI_00565,Pig,106.79447718749513,6.564005250033711,Tylosin,5.894259880169885,Injectable,Severe Infection,16.69
ANI_00566,Sheep,64.24393937861012,12.629033747141193,Tylosin,7.028259705692821,Injectable,Healthy,14.06
ANI_00567,Pig,127.36196963527625,3.6625179430137473,Penicillin,17.257038097909707,Injectable,Healthy,7.84
ANI_00568,Sheep,49.48690088360655,22.27962814190134,Amoxicillin,10.702869387313905,Injectable,Healthy,9.57
ANI_00569,Goat,49.637395519949635,9.503605150697158,Tylosin,13.458393815831036,Oral,Healthy,13.34
ANI_00570,Cattle,392.2623923015242,32.85425827358513,Oxytetracycline,12.663642513350467,Oral,Mild Infection,21.06
ANI_00571,Cattle,315.25916154720846,37.43468309518182,Amoxicillin,5.0646435778971055,Injectable,Mild Infection,9.5
ANI_00572,Goat,39.741755111604235,,Amoxicillin,11.256819122613527,Injectable,Mild Infection,13.1
ANI_00573,Cattle,496.1859914558351,36.59763349083399,Tylosin,5.338467675580208,Injectable,Mild Infection,15.64
ANI_00574,Cattle,607.4318012715562,54.70557683397466,Tylosin,18.69562200334784,Injectable,Severe Infection,19.15
ANI_00575,Cattle,437.0647900313315,27.009412594932932,Amoxicillin,8.064154493510364,Injectable,Healthy,14.4
ANI_00576,Goat,50.65071249590723,6.043414328403487,Amoxicillin,7.832844034925773,Oral,Healthy,8.32
ANI_00577,Pig,126.73840875129426,8.365131454121743,Oxytetracycline,25.97311560713273,Oral,Healthy,21.35
ANI_00578,Goat,28.164446214882208,14.597989459436958,Penicillin,10.738313718111424,Oral,Severe Infection,10.06
ANI_00579,Goat,36.20908103872377,10.536801308825991,Tylosin,17.886676364703746,Oral,Healthy,15.76
ANI_00580,Goat,40.00546255165986,,Tylosin,8.145354161453014,Oral,Mild Infection,10.18
ANI_00581,Pig,120.08753269526264,4.598926343980923,Tylosin,16.48787965827113,Oral,Severe Infection,14.99
ANI_00582,Goat,37.726759216569626,12.088815738170547,Oxytetracycline,16.243794731382586,Oral,Mild Infection,15.75
ANI_00583,Goat,,6.327760312124254,Penicillin,14.037423564874437,Oral,Mild Infection,9.5
ANI_00584,Pig,87.31428304621194,2.9836242912921427,Oxytetracycline,11.248626545555606,Injectable,Mild Infection,18.45
ANI_00585,Sheep,69.90238453705183,9.652137251630712,Amoxicillin,13.754886503958964,Injectable,Healthy,13.24
ANI_00586,Sheep,55.68874430424901,13.325941048087035,Amoxicillin,11.82540478767157,Oral,Healthy,8.99
ANI_00587,Cattle,395.3645126629625,36.349232499900275,Penicillin,14.68096066978031,Injectable,Mild Infection,12.26
ANI_00588,Goat,42.499025683732576,16.8121914088237,Penicillin,22.17919351956825,Topical,Healthy,7.49
ANI_00589,Pig,108.03837910347846,4.556073345749741,Tylosin,16.12966594270979,Injectable,Severe Infection,17.7
ANI_00590,Sheep,68.20158186755485,11.185091487833606,Penicillin,22.73647029938014,Injectable,Healthy,14.12
ANI_00591,Pig,73.10701945061149,6.423200761177013,Penicillin,20.805759978796686,Injectable,Severe Infection,18.85
ANI_00592,Sheep,62.6477531097798,9.62771146227108,Tylosin,17.58280792856103,Oral,Severe Infection,17.11
ANI_00593,Sheep,63.61415523771979,14.43291558122925,Tylosin,6.688856997937917,Oral,Healthy,12.4
ANI_00594,Sheep,57.77279299223393,6.458286927542037,Penicillin,13.731876831087657,Topical,Mild Infection,7.75
ANI_00595,Sheep,49.774146497279084,10.788154492502796,Oxytetracycline,10.214305953907179,Injectable,Mild Infection,20.67
ANI_00596,Goat,40.315576385925915,1.1108890363074213,Penicillin,23.19871940090522,Injectable,Healthy,12.89
ANI_00597,Sheep,62.148265061166015,9.75287002067994,Tylosin,13.93049555235309,Injectable,Healthy,12.63
ANI_00598,Cattle,321.3624534645313,24.05515676370303,Amoxicillin,9.580286165838686,Injectable,Severe Infection,18.18
ANI_00599,Goat,47.17270923388815,5.311000901730726,Penicillin,24.936016780769847,Oral,Mild Infection,11.43
ANI_00600,Pig,97.55885735757445,3.1817861444880458,Penicillin,10.003405573273833,Injectable,Healthy,8.89
ANI_00601,Pig,102.98838947018393,5.423215599399402,Amoxicillin,14.288079606878853,Oral,Mild Infection,9.15
ANI_00602,Pig,96.36993675728665,8.911161636978708,Oxytetracycline,12.212071977463218,Injectable,Healthy,20.04
ANI_00603,Pig,,5.092415029671832,Tylosin,17.036026766769865,Topical,Healthy,9.52
ANI_00604,Sheep,40.31076857583917,,Oxytetracycline,29.776810826073262,Injectable,Severe Infection,27.72
ANI_00605,Pig,104.96547865822892,2.7488012666810966,Amoxicillin,14.921356394785828,Topical,Mild Infection,7.28
ANI_00606,Sheep,73.03507931934759,9.898444521452216,Penicillin,22.412855409307255,Injectable,Healthy,12.91
ANI_00607,Goat,41.8831060843841,6.69682491458301,Tylosin,9.370416092566167,Injectable,Healthy,11.66
ANI_00608,Goat,30.1724493498739,9.110924465384453,Penicillin,24.301043190731427,Topical,Healthy,6.18
ANI_00609,Pig,81.58834211988243,5.015019218332669,Amoxicillin,12.831614309236972,Injectable,Healthy,12.4
ANI_00610,Sheep,51.14751313875777,13.940005166092911,Oxytetracycline,20.892617422142717,Injectable,Severe Infection,23.43
ANI_00611,Cattle,479.7082536989555,38.644221951282546,Oxytetracycline,27.078857642837058,Topical,Healthy,16.07
ANI_00612,Cattle,467.4388947851496,28.329233264638418,Tylosin,9.334527873815878,Topical,Severe Infection,12.06
ANI_00613,Goat,43.904838541754444,8.527744373299077,Oxytetracycline,13.35133078609013,Injectable,Mild Infection,20.55
ANI_00614,Goat,24.25196629249557,12.653621896089614,Amoxicillin,5.874465017998855,Oral,Mild Infection,7.59
ANI_00615,Goat,38.926754863261884,13.648436644081146,Amoxicillin,5.431001089483241,Injectable,Healthy,10.22
ANI_00616,Cattle,381.59694417774404,51.77735790715804,Oxytetracycline,16.851821656222636,Injectable,Mild Infection,20.18
ANI_00617,Sheep,62.78991794748474,15.447267212875294,Penicillin,22.12402316824417,Injectable,Healthy,11.01
ANI_00618,Goat,35.773623626696164,13.19041977118849,Tylosin,17.21575881003622,Oral,Healthy,10.96
ANI_00619,Goat,33.749626345415535,7.9000307447249485,Tylosin,14.641926057594636,Injectable,Healthy,17.61
ANI_00620,Sheep,68.28229690184622,17.64085521925763,Amoxicillin,6.801586477326192,Oral,Healthy,7.8
ANI_00621,Pig,77.80094325927502,8.29412275568086,Amoxicillin,5.557408535874417,Oral,Healthy,5.74
ANI_00622,Goat,,9.85531133350404,Oxytetracycline,28.216525293726306,Injectable,Healthy,20.84
ANI_00623,Goat,43.783336676203966,11.146111456002325,Tylosin,7.425418299109802,Injectable,Healthy,14.59
ANI_00624,Sheep,76.53617268492285,10.119025630786876,Oxytetracycline,28.329783022310284,Injectable,Mild Infection,22.11
ANI_00625,Goat,43.049954131824585,11.456290840576932,Oxytetracycline,24.758555379976006,Injectable,Mild Infection,23.64
ANI_00626,Cattle,524.30047220544,,Oxytetracycline,28.384160621074503,Injectable,Healthy,20.01
ANI_00627,Cattle,442.4118287541679,1.2012746367000133,Amoxicillin,8.516498723419055,Injectable,Severe Infection,15.49
ANI_00628,Cattle,584.9611988516212,49.81355287149828,Tylosin,10.448830275137155,Oral,Healthy,11.24
ANI_00629,Pig,115.69563168028378,7.24304369723178,Tylosin,17.675594733449635,Topical,Mild Infection,11.32
ANI_00630,Goat,38.95951765157104,9.03206628763222,Amoxicillin,11.347441411040295,Oral,Healthy,10.64
ANI_00631,Pig,86.91196209662971,4.138671564079226,Penicillin,21.229130628727486,Oral,Mild Infection,7.44
ANI_00632,Pig,98.1631047133009,4.231683040112464,Tylosin,18.469328242775287,Oral,Severe Infection,12.89
ANI_00633,Pig,79.28178029975086,5.7068829286166425,Oxytetracycline,14.119600717539234,Oral,Healthy,17.56
ANI_00634,Pig,109.24967248133709,,Amoxicillin,12.697466228570871,Injectable,Mild Infection,14.39
ANI_00635,Pig,88.57251495165445,6.393127095284929,Amoxicillin,13.973973183215863,Injectable,Healthy,11.57
ANI_00636,Sheep,52.27431251243759,16.658333884807792,Amoxicillin,8.40004386059892,Injectable,Healthy,11.13
ANI_00637,Sheep,56.71055914642698,13.43721032034302,Oxytetracycline,18.60693064744401,Injectable,Mild Infection,22.06
ANI_00638,Cattle,416.57181899653756,43.56178531713434,Oxytetracycline,27.158698279946577,Oral,Healthy,15.26
ANI_00639,Pig,106.66480073044858,6.33968939449806,Oxytetracycline,20.55175946544331,Injectable,Severe Infection,23.17
ANI_00640,Goat,42.90492502195619,7.399311758742449,Penicillin,15.696061072324731,Injectable,Mild Infection,12.37
ANI_00641,Goat,40.61586513125723,12.496290902877973,Oxytetracycline,21.83433937784801,Topical,Mild Infection,17.63
ANI_00642,Sheep,49.50344501090059,3.7681329864129793,Oxytetracycline,20.386253852846064,Oral,Healthy,17.59
ANI_00643,Goat,38.98495428718245,8.696063287893935,Oxytetracycline,23.166148790121238,Oral,Healthy,14.94
ANI_00644,Cattle,452.873625929748,36.055213045165665,Tylosin,9.918259910273878,Injectable,Severe Infection,19.72
ANI_00645,Goat,44.7748974485941,11.070782025055323,Amoxicillin,5.120030272726826,Injectable,Healthy,13.23
ANI_00646,Pig,107.2129578287159,10.781532329535448,Penicillin,13.54914674061261,Injectable,Severe Infection,14.6
ANI_00647,Pig,85.69873558725148,4.780198474256155,Oxytetracycline,20.098229025002787,Injectable,Healthy,18.54
ANI_00648,Goat,41.589440076379255,16.710178899078343,Oxytetracycline,15.248167529786038,Injectable,Severe Infection,22.97
ANI_00649,Cattle,668.4579746016899,58.1267843040234,Oxytetracycline,16.648533843487304,Injectable,Healthy,18.48
ANI_00650,Pig,93.6352494451476,6.561064681110517,Oxytetracycline,24.0173139448776,Injectable,Mild Infection,23.63
ANI_00651,Pig,132.41951932498776,5.773839328227529,Amoxicillin,7.819183555972517,Oral,Healthy,8.95
ANI_00652,Cattle,477.8486737047876,47.1224026290235,Oxytetracycline,14.994883584587104,Injectable,Severe Infection,26.56
ANI_00653,Cattle,405.9539710214243,36.41549686511095,Penicillin,10.240422346826847,Oral,Mild Infection,7.88
ANI_00654,Goat,43.14645640004259,12.496626363885213,Tylosin,6.891729835631159,Injectable,Mild Infection,16.6
ANI_00655,Pig,106.57865787848196,7.680638255169697,Amoxicillin,13.992489182892026,Oral,Healthy,7.67
ANI_00656,Goat,42.548168038391,15.054790863392189,Penicillin,14.514494794474325,Injectable,Severe Infection,15.87
ANI_00657,Pig,111.26270910336518,3.3518263402682265,Tylosin,5.60500778207678,Oral,Healthy,10.3
ANI_00658,Cattle,299.254313925499,32.51955072472353,Oxytetracycline,25.381222663194485,Topical,Healthy,15.26
ANI_00659,Pig,98.82470575446541,4.989966299265328,Tylosin,17.249828648024355,Injectable,Healthy,16.88
ANI_00660,Goat,40.63841187246987,12.66814800290542,Tylosin,10.451058979991405,Oral,Healthy,12.19
ANI_00661,Goat,48.14149130189087,15.081001791884265,Amoxicillin,14.294034838491537,Injectable,Healthy,13.04
ANI_00662,Goat,35.280841948296874,8.078370360807849,Penicillin,24.744203193320512,Injectable,Healthy,10.08
ANI_00663,Goat,49.69726950840265,10.027420576983404,Tylosin,11.51796444956743,Oral,Severe Infection,15.43
ANI_00664,Sheep,,9.647382572048999,Amoxicillin,11.082113767664467,Injectable,Healthy,13.79
ANI_00665,Cattle,485.47487057450115,32.153285009685774,Amoxicillin,9.743086648684303,Oral,Healthy,7.78
ANI_00666,Pig,,9.368697032249962,Penicillin,16.290020206289327,Injectable,Mild Infection,13.44
ANI_00667,Cattle,471.8197619313276,37.18198017629617,Penicillin,15.523751610926997,Injectable,Mild Infection,11.74
ANI_00668,Goat,,17.352101610515405,Penicillin,22.965493996839598,Topical,Mild Infection,8.5
ANI_00669,Pig,84.68380039882577,5.930956400337378,Tylosin,13.245758827449666,Injectable,Healthy,16.47
ANI_00670,Sheep,57.82868925053798,4.552199460503811,Amoxicillin,9.69406841989258,Oral,Mild Infection,10.12
ANI_00671,Cattle,460.7057998193595,27.34739964572413,Penicillin,21.700721305600652,Injectable,Healthy,8.94
ANI_00672,Pig,96.78737760949011,3.341629733310235,Oxytetracycline,27.822801835870187,Injectable,Severe Infection,25.08
ANI_00673,Goat,32.22278081437871,15.929277931021772,Amoxicillin,6.843013969500991,Oral,Severe Infection,11.31
ANI_00674,Sheep,63.59475797547125,11.36033590865824,Tylosin,13.033137096466973,Oral,Healthy,13.36
ANI_00675,Goat,37.55067313715592,14.938392513211983,Tylosin,14.22604631022047,Injectable,Severe Infection,14.62
ANI_00676,Goat,44.56943524975367,5.412544566828616,Oxytetracycline,15.580165806955932,Topical,Healthy,15.24
ANI_00677,Pig,84.12426951962061,6.29871240293157,Oxytetracycline,13.090416599810379,Topical,Healthy,14.7
ANI_00678,Sheep,31.45373337095609,11.361259250046801,Tylosin,13.562809044181424,Injectable,Healthy,15.68
ANI_00679,Sheep,56.79537450240356,12.09905415238321,Oxytetracycline,15.152639975270583,Injectable,Severe Infection,26.06
ANI_00680,Cattle,451.82340289065246,59.860007922967156,Oxytetracycline,18.11290518894475,Topical,Healthy,18.14
ANI_00681,Cattle,751.1539596870143,35.51339261301318,Tylosin,8.408915803394935,Topical,Severe Infection,16.06
ANI_00682,Goat,43.357644866858124,17.146503240414113,Amoxicillin,6.7046251158164205,Topical,Mild Infection,6.59
ANI_00683,Cattle,491.51803253402574,,Oxytetracycline,25.880289005319256,Injectable,Healthy,18.12
ANI_00684,Pig,117.84135199463441,2.5658761031159023,Tylosin,5.136305524268245,Injectable,Healthy,13.82
ANI_00685,Goat,40.575047485751,13.88575946597936,Penicillin,22.95147366684077,Injectable,Healthy,11.76
ANI_00686,Pig,78.16749655681795,4.4857463063679,Tylosin,11.868504426906071,Injectable,Mild Infection,15.92
ANI_00687,Sheep,52.49638971458189,7.014943944262278,Oxytetracycline,27.9111148174777,Oral,Healthy,18.1
ANI_00688,Pig,109.87120408668584,7.879158824710358,Amoxicillin,5.51657357114641,Injectable,Mild Infection,10.98
ANI_00689,Pig,98.05737781684725,2.011742313041487,Penicillin,14.81100373467357,Injectable,Healthy,9.32
ANI_00690,Pig,80.6682421802937,6.579307396419516,Penicillin,13.624019146536446,Injectable,Healthy,10.11
ANI_00691,Goat,42.097717857894835,9.56025482221336,Oxytetracycline,11.28189422072351,Oral,Mild Infection,19.46
ANI_00692,Goat,44.844849861050506,11.443798720851206,Amoxicillin,7.175879399316445,Oral,Healthy,9.88
ANI_00693,Goat,35.46791203814822,7.519266245251179,Amoxicillin,11.202348489611204,Topical,Healthy,5.1
ANI_00694,Sheep,61.26267736234068,18.59913474496321,Tylosin,8.261793983258539,Injectable,Healthy,13.16
ANI_00695,Sheep,48.628212241974396,8.428681610727683,Oxytetracycline,20.118516002927876,Injectable,Severe Infection,24.76
ANI_00696,Goat,43.067480251229156,10.414417919294182,Oxytetracycline,24.031305312058848,Injectable,Mild Infection,21.85
ANI_00697,Cattle,604.6674827280938,45.12256195596141,Oxytetracycline,16.081892719425674,Injectable,Healthy,18.52
ANI_00698,Goat,47.20426461865273,16.335683866142432,Tylosin,18.72647681735045,Oral,Mild Infection,16.72
ANI_00699,Cattle,479.95253908421216,14.795875619933398,Oxytetracycline,16.675531941395956,Oral,Mild Infection,19.41
ANI_00700,Pig,103.83795471746072,2.068142011706044,Amoxicillin,6.817635977611943,Oral,Mild Infection,9.4
ANI_00701,Pig,78.00705411901475,5.784010699672264,Tylosin,18.91618599613111,Injectable,Healthy,16.44
ANI_00702,Sheep,67.1587274469096,10.359495019260976,Amoxicillin,11.439079570677647,Oral,Severe Infection,13.14
ANI_00703,Cattle,671.8407072648462,6.091882464839223,Tylosin,5.515652875275878,Injectable,Mild Infection,14.32
ANI_00704,Goat,41.78616668736208,13.613747451485164,Penicillin,21.925173053927054,Injectable,Mild Infection,11.63
ANI_00705,Cattle,507.87777278663333,48.64705093687744,Tylosin,12.00891494011254,Injectable,Healthy,15.24
ANI_00706,Cattle,422.35008595069996,,Penicillin,15.775870835784424,Oral,Mild Infection,7.94
ANI_00707,Sheep,53.76649319709738,,Tylosin,16.03880609560923,Oral,Severe Infection,17.67
ANI_00708,Sheep,46.42482460158065,13.283506044738308,Penicillin,10.36966606954484,Topical,Healthy,4.31
ANI_00709,Goat,50.64305348526449,,Penicillin,11.925248899220422,Oral,Severe Infection,10.6
ANI_00710,Sheep,68.46882103884914,10.508237918279454,Penicillin,10.826523027382466,Injectable,Severe Infection,16.4
ANI_00711,Goat,28.883206692531477,16.163656331229497,Amoxicillin,10.253182644507213,Injectable,Severe Infection,15.01
ANI_00712,Goat,22.25321791959135,8.034838473438715,Amoxicillin,8.156684811640659,Oral,Mild Infection,11.1
ANI_00713,Goat,48.010931650326896,13.058338144116444,Penicillin,23.362482224344504,Oral,Healthy,5.83
ANI_00714,Cattle,276.9531980875541,30.40435227066105,Amoxicillin,13.388393367652704,Oral,Severe Infection,10.74
ANI_00715,Sheep,57.874986353088346,16.71579359694667,Tylosin,10.135926849437894,Injectable,Mild Infection,14.7
ANI_00716,Goat,,10.033048604837091,Amoxicillin,5.57002387551934,Injectable,Healthy,10.11
ANI_00717,Sheep,60.957358338665635,9.626700441480263,Oxytetracycline,26.389913707721046,Oral,Healthy,16.22
ANI_00718,Sheep,46.668716452221936,14.98829137538621,Penicillin,18.711339985834886,Injectable,Healthy,12.9
ANI_00719,Sheep,51.307476447840834,10.628139335373383,Oxytetracycline,12.59714026835762,Oral,Healthy,17.16
ANI_00720,Cattle,,58.40669045174778,Penicillin,21.72193133132064,Oral,Healthy,10.12
ANI_00721,Goat,45.101755977455326,13.799600917637571,Amoxicillin,7.861350424583144,Oral,Healthy,6.09
ANI_00722,Cattle,605.3891552295884,42.245854137290785,Oxytetracycline,13.517805668373242,Injectable,Mild Infection,19.3
ANI_00723,Goat,36.313341281625895,10.506281219935277,Tylosin,16.38465247781046,Injectable,Severe Infection,20.78
ANI_00724,Pig,100.02651377468814,6.943724676062016,Penicillin,18.905269298630998,Oral,Healthy,6.51
ANI_00725,Sheep,62.291468344991124,11.821017660976068,Amoxicillin,7.922489567393879,Injectable,Healthy,9.75
ANI_00726,Sheep,46.474913105592776,13.988619313413757,Penicillin,11.55212595469877,Injectable,Severe Infection,13.29
ANI_00727,Sheep,59.50795083826632,13.956335512602971,Amoxicillin,14.457151084410246,Topical,Healthy,5.39
ANI_00728,Pig,121.15628361641592,8.717165739235657,Penicillin,12.120753313245103,Injectable,Healthy,9.29
ANI_00729,Goat,50.77314745147585,6.955152592590763,Tylosin,13.059135105020571,Oral,Healthy,13.73
ANI_00730,Sheep,71.44293068559939,15.890470570830969,Penicillin,18.54245887777864,Injectable,Healthy,10.62
ANI_00731,Cattle,,50.398505805368195,Penicillin,24.699331710374175,Topical,Healthy,7.82
ANI_00732,Sheep,53.62412457924036,18.094101248916157,Oxytetracycline,18.602854641936524,Oral,Severe Infection,18.74
ANI_00733,Sheep,61.32186469514886,11.541131503501683,Tylosin,16.06147162140683,Injectable,Mild Infection,16.76
ANI_00734,Cattle,494.26092969984575,24.492285077586626,Amoxicillin,12.193881555748202,Topical,Mild Infection,9.64
ANI_00735,Cattle,527.8298979127832,32.340933451712075,Penicillin,13.52546948217878,Injectable,Mild Infection,9.92
ANI_00736,Goat,53.75232490273457,,Amoxicillin,13.196770027804591,Injectable,Healthy,12.63
ANI_00737,Cattle,522.2235636630523,36.933119039892965,Oxytetracycline,28.31628696381488,Injectable,Healthy,23.43
ANI_00738,Goat,40.11319411972607,9.973588766896741,Oxytetracycline,12.003099950135338,Topical,Severe Infection,16.53
ANI_00739,Pig,94.91793091928892,4.67418665544027,Oxytetracycline,29.627666684825602,Oral,Healthy,16.68
ANI_00740,Cattle,682.0543907941816,31.935788110816834,Penicillin,10.84938336066337,Topical,Severe Infection,8.37
ANI_00741,Pig,124.55874694770661,5.976679288222369,Penicillin,16.688299297897117,Injectable,Severe Infection,16.04
ANI_00742,Sheep,69.1891485465833,11.21203740714274,Penicillin,18.021991994217885,Injectable,Mild Infection,11.29
ANI_00743,Cattle,637.4784098970229,32.21879596777577,Penicillin,18.931222024301626,Injectable,Severe Infection,14.52
ANI_00744,Goat,47.4998199400554,9.066939626054584,Penicillin,21.040531006390985,Oral,Healthy,7.15
ANI_00745,Pig,94.68756356438925,8.07303116700887,Amoxicillin,12.623612137071728,Injectable,Healthy,11.98
ANI_00746,Goat,37.52280228809551,,Penicillin,16.64040552951154,Injectable,Healthy,9.62
ANI_00747,Sheep,,13.658377402162463,Oxytetracycline,14.734409517076658,Injectable,Severe Infection,24.85
ANI_00748,Goat,43.40257046664088,9.609897193462178,Oxytetracycline,19.758003905586037,Injectable,Severe Infection,26.89
ANI_00749,Goat,39.94301110233331,12.71269633907774,Oxytetracycline,19.717712123792264,Oral,Healthy,18.18
ANI_00750,Goat,41.028939603239735,11.065950169660406,Amoxicillin,6.923157727843505,Injectable,Mild Infection,16.5
ANI_00751,Sheep,63.6709584173386,,Amoxicillin,10.330552900947112,Injectable,Severe Infection,16.6
ANI_00752,Sheep,81.54928677383143,8.35823715773271,Tylosin,16.66977457356405,Injectable,Healthy,18.66
ANI_00753,Sheep,61.976493028995066,13.602767348342827,Oxytetracycline,18.378472495858375,Injectable,Healthy,18.47
ANI_00754,Pig,100.71132148065988,4.152786074782416,Penicillin,24.487550032113752,Oral,Healthy,8.98
ANI_00755,Pig,118.62539191991148,,Tylosin,15.101295933671489,Oral,Healthy,13.56
ANI_00756,Cattle,525.1316648238103,46.77052284364554,Oxytetracycline,14.241624749547555,Injectable,Healthy,20.83
ANI_00757,Sheep,47.28588817825924,7.010829419879387,Tylosin,5.1063771916155645,Injectable,Healthy,15.19
ANI_00758,Goat,44.21518338932635,10.064051534876484,Oxytetracycline,22.450939809245632,Injectable,Mild Infection,22.05
ANI_00759,Goat,36.81251072520977,16.97324889938068,Amoxicillin,14.471529360063547,Injectable,Mild Infection,15.78
ANI_00760,Pig,90.31763010830365,6.980159256502992,Tylosin,8.013670095282837,Oral,Severe Infection,16.02
ANI_00761,Goat,41.01130263546894,7.289555968752908,Penicillin,18.636887066834646,Oral,Healthy,8.88
ANI_00762,Sheep,61.11799158203388,3.86799705731981,Oxytetracycline,19.97935888441586,Oral,Healthy,20.17
ANI_00763,Goat,39.29500927194644,18.354029177414517,Tylosin,7.240724543396482,Oral,Mild Infection,11.02
ANI_00764,Cattle,547.3407415712467,,Penicillin,11.093476778074825,Oral,Healthy,7.5
ANI_00765,Goat,15.202635817733832,12.514611791816867,Penicillin,21.30213408169721,Injectable,Severe Infection,15.4
ANI_00766,Pig,78.2774740163718,7.169366563835844,Tylosin,6.933538776102484,Injectable,Healthy,13.48
ANI_00767,Goat,49.47402732825173,9.64008923698955,Penicillin,13.505356732380454,Injectable,Mild Infection,9.62
ANI_00768,Cattle,566.8840130546218,39.13412168369411,Amoxicillin,6.27110490867024,Oral,Healthy,9.48
ANI_00769,Pig,91.91508801605542,6.5309253189914545,Penicillin,17.592097790419665,Injectable,Mild Infection,13.11
ANI_00770,Goat,,1,Oxytetracycline,19.806249788196567,Injectable,Severe Infection,22.74
ANI_00771,Goat,39.189400670160836,3.6298671770033764,Oxytetracycline,21.45545019474218,Oral,Healthy,18.31
ANI_00772,Cattle,434.93401726316165,25.385963123279762,Amoxicillin,9.606727916549932,Injectable,Healthy,10.66
ANI_00773,Sheep,81.4955326373281,19.333938308707925,Oxytetracycline,17.131178423537776,Injectable,Healthy,20.33
ANI_00774,Pig,98.85209269851929,9.165109938625065,Tylosin,8.089822762827097,Injectable,Healthy,13.83
ANI_00775,Pig,86.49253522393424,8.310600823043385,Oxytetracycline,21.274742028907987,Injectable,Healthy,21.18
ANI_00776,Sheep,51.96051585272519,10.63369347112657,Oxytetracycline,24.453671489489732,Oral,Healthy,18.97
ANI_00777,Pig,99.42394610651156,3.342994941969753,Penicillin,11.229076585572193,Topical,Healthy,4.59
ANI_00778,Pig,104.82480496813459,,Tylosin,19.836879786631002,Injectable,Healthy,17.9
ANI_00779,Pig,101.01072685585822,8.979605263142707,Amoxicillin,8.0006708290544,Oral,Healthy,7.5
ANI_00780,Cattle,424.1234742064625,33.618186497819266,Oxytetracycline,28.663858340980365,Oral,Mild Infection,18.48
ANI_00781,Sheep,51.87638105712478,10.852121453950549,Penicillin,23.138995332793073,Oral,Healthy,7.63
ANI_00782,Goat,43.83488762743538,12.441070074338628,Amoxicillin,10.402172667786186,Injectable,Mild Infection,13.99
ANI_00783,Cattle,432.28097623467056,40.98660889769077,Penicillin,22.541183511929212,Injectable,Healthy,10.67
ANI_00784,Goat,33.39110406628366,1.7059030252074407,Penicillin,24.798542361689897,Injectable,Healthy,11.26
ANI_00785,Cattle,446.5759728037074,37.81093156350083,Oxytetracycline,26.728794747522468,Injectable,Healthy,25.62
ANI_00786,Sheep,73.60115900180313,15.47465216942286,Tylosin,8.151766639103219,Injectable,Healthy,11.7
ANI_00787,Sheep,65.84131484818812,14.455465384563121,Amoxicillin,7.97214113845096,Topical,Healthy,7.69
ANI_00788,Goat,50.991315081691596,10.1324375322368,Tylosin,17.632905963096718,Topical,Mild Infection,11.21
ANI_00789,Cattle,574.9581743307656,33.912642931966154,Penicillin,19.753826066404923,Injectable,Mild Infection,11.23
ANI_00790,Goat,30.24572426782245,10.983382589320602,Tylosin,10.260646819881265,Injectable,Healthy,13.09
ANI_00791,Cattle,362.3385701677317,18.59340272101555,Oxytetracycline,13.028208878721701,Oral,Healthy,16.92
ANI_00792,Pig,118.5649138268865,4.207739064054975,Penicillin,24.789012529373768,Injectable,Healthy,12.17
ANI_00793,Goat,40.90126151000516,15.426353767545402,Tylosin,7.617477295969328,Injectable,Mild Infection,17.24
ANI_00794,Pig,92.4873266846893,6.195827475217284,Tylosin,16.10764281827478,Oral,Severe Infection,15.07
ANI_00795,Pig,113.05647751039571,7.764227544151013,Penicillin,11.292036573235544,Oral,Healthy,4.76
ANI_00796,Pig,97.13482169271614,10.290072841537414,Penicillin,19.952355176930652,Injectable,Healthy,12.33
ANI_00797,Sheep,58.16130700183379,12.752933090804536,Amoxicillin,14.747600813361952,Injectable,Healthy,12.22
ANI_00798,Goat,49.839922947509464,6.429404968866986,Amoxicillin,14.283725519807918,Injectable,Healthy,14.07
ANI_00799,Goat,29.927474992554032,15.148066278563567,Oxytetracycline,17.29132855039729,Injectable,Mild Infection,20.52
ANI_00800,Pig,108.69005292182612,4.165689017257903,Oxytetracycline,21.37625472867746,Injectable,Mild Infection,22.71
ANI_00801,Cattle,386.5719546853766,34.17919489895391,Oxytetracycline,17.788693601553465,Injectable,Severe Infection,23.48
ANI_00802,Pig,106.18094886065307,6.44370503360609,Amoxicillin,8.11512299013986,Oral,Healthy,7.6
ANI_00803,Sheep,54.46031451422553,17.23486671568913,Tylosin,11.646910179843719,Injectable,Healthy,12.54
ANI_00804,Pig,72.5233035020268,10.086051603697978,Penicillin,14.041591694554825,Oral,Healthy,7.54
ANI_00805,Cattle,685.7928760058248,47.649658230446434,Oxytetracycline,10.585988862068367,Topical,Mild Infection,15.38
ANI_00806,Cattle,739.2109635273993,25.470543119962798,Tylosin,5.790646847801585,Injectable,Healthy,10.26
ANI_00807,Cattle,336.9442797752696,36.66315115054821,Oxytetracycline,24.895014632598446,Oral,Mild Infection,18.6
ANI_00808,Pig,90.93171783232292,8.688636415974415,Oxytetracycline,26.490341395998584,Injectable,Healthy,22.91
ANI_00809,Pig,101.1423568110235,6.5696505572472725,Tylosin,15.646056272015304,Injectable,Healthy,15.36
ANI_00810,Pig,95.24633366078031,6.08556580424864,Penicillin,16.87307207878324,Injectable,Severe Infection,15.27
ANI_00811,Cattle,340.6036270176701,33.476136053953745,Oxytetracycline,19.396086428973632,Oral,Healthy,20.33
ANI_00812,Sheep,47.654880015776044,13.964264173781427,Penicillin,15.075517988878238,Injectable,Mild Infection,13.24
ANI_00813,Pig,104.64973236838735,7.802993066285465,Tylosin,12.950785088185713,Topical,Healthy,13.22
ANI_00814,Sheep,53.13284656996704,8.632024880953598,Amoxicillin,9.13665523583207,Oral,Healthy,8.57
ANI_00815,Sheep,59.853135856081266,4.793988013967693,Oxytetracycline,16.590608275479934,Oral,Severe Infection,22.17
ANI_00816,Cattle,481.3321037686555,32.091234536994634,Tylosin,9.718814501210996,Oral,Healthy,12.57
ANI_00817,Cattle,593.998081809282,31.325486465002157,Oxytetracycline,17.921089548709332,Topical,Healthy,14.19
ANI_00818,Pig,73.17870573396863,6.612877668510336,Tylosin,11.97916296913885,Topical,Mild Infection,11.3
ANI_00819,Sheep,52.27585008989412,15.558164924676099,Amoxicillin,10.908045335179159,Injectable,Healthy,11.94
ANI_00820,Pig,102.01582145289612,9.484752169405079,Oxytetracycline,12.294839166763838,Injectable,Mild Infection,23.43
ANI_00821,Sheep,60.864301890875424,10.303584737663604,Oxytetracycline,20.783875882546287,Injectable,Healthy,20.09
ANI_00822,Sheep,65.05021088273767,14.50781899302453,Penicillin,12.86863193614182,Injectable,Severe Infection,13.51
ANI_00823,Cattle,372.36640793734625,26.037399373292732,Oxytetracycline,23.721823078869736,Injectable,Healthy,19.41
ANI_00824,Sheep,60.68072269248621,13.933299309011211,Oxytetracycline,29.37888794348582,Oral,Mild Infection,21.5
ANI_00825,Goat,40.60334194089968,7.900287733656929,Penicillin,11.9030924209464,Topical,Mild Infection,5.56
ANI_00826,Sheep,85.39381622782861,14.580151421795989,Tylosin,10.754135605327377,Injectable,Healthy,14.59
ANI_00827,Sheep,52.65196292789641,5.373229921761639,Tylosin,8.265496982858487,Oral,Mild Infection,12.35
ANI_00828,Sheep,59.30366546699892,11.798147810388647,Amoxicillin,5.099692347345185,Oral,Healthy,6.52
ANI_00829,Pig,93.25885027910749,6.27583304183612,Penicillin,21.742729269799863,Oral,Mild Infection,10.35
ANI_00830,Sheep,64.53585523509219,10.22132372920438,Oxytetracycline,14.235962997630054,Injectable,Severe Infection,22.3
ANI_00831,Goat,36.600807286377545,16.23208955246325,Oxytetracycline,26.832309195156306,Injectable,Healthy,22.39
ANI_00832,Pig,102.46959618329188,7.596119746704684,Amoxicillin,13.88272196511506,Injectable,Healthy,10.32
ANI_00833,Sheep,59.60763526301256,,Amoxicillin,5.861161105063738,Oral,Healthy,8.09
ANI_00834,Goat,63.34538844048074,22.20469701001059,Amoxicillin,5.084955786072095,Injectable,Healthy,11.74
ANI_00835,Goat,32.06365151378293,9.78521938745811,Oxytetracycline,21.538722466896793,Oral,Healthy,16.61
ANI_00836,Pig,80.09652080201525,9.107601002175361,Oxytetracycline,10.117294557743225,Injectable,Healthy,15.52
ANI_00837,Goat,43.68043473157155,12.906021408461154,Tylosin,9.060254064525967,Oral,Healthy,12.92
ANI_00838,Cattle,304.4951229681717,39.05311748912065,Penicillin,16.154555828089933,Topical,Mild Infection,5.99
ANI_00839,Sheep,57.71971970215121,17.75530551781689,Oxytetracycline,16.033244832622977,Injectable,Healthy,20.95
ANI_00840,Goat,37.30483898571889,13.055612468875035,Penicillin,18.723832567746328,Injectable,Healthy,10.58
ANI_00841,Cattle,510.52597010233336,52.658411266249935,Oxytetracycline,12.33495805537591,Injectable,Healthy,19.01
ANI_00842,Pig,78.42974517270805,4.451397155790291,Tylosin,5.5451112247436365,Injectable,Severe Infection,19.05
ANI_00843,Goat,40.24598066469999,2.682233395509696,Amoxicillin,12.254681684501628,Oral,Healthy,8.5
ANI_00844,Goat,32.56966334838033,13.774957165079222,Penicillin,20.393176415449783,Injectable,Severe Infection,14.35
ANI_00845,Goat,43.188512527136055,8.522269007852545,Amoxicillin,10.246723066856223,Oral,Healthy,6.44
ANI_00846,Pig,124.05153010450455,9.162927446966657,Penicillin,21.912018425984087,Injectable,Healthy,10.82
ANI_00847,Sheep,68.77350506739697,11.212876204492067,Amoxicillin,13.96256716471579,Oral,Healthy,10.32
ANI_00848,Sheep,64.23889482443985,9.812055666178244,Penicillin,16.269527620208308,Oral,Healthy,6.43
ANI_00849,Goat,44.89594105531591,5.097302986499589,Penicillin,16.627805621365958,Injectable,Healthy,12.37
ANI_00850,Sheep,,,Oxytetracycline,12.606359761825818,Oral,Healthy,16.58
ANI_00851,Cattle,536.1025145142755,47.61723196531851,Tylosin,8.79801745054965,Oral,Healthy,13.26
ANI_00852,Goat,60.70327178824547,16.45271317320283,Oxytetracycline,10.322492927444298,Injectable,Severe Infection,20.91
ANI_00853,Sheep,66.77208521350184,7.681798353442282,Amoxicillin,13.032121232440932,Injectable,Mild Infection,15.88
ANI_00854,Sheep,64.15826629455343,14.393320695231417,Oxytetracycline,24.907954782830792,Injectable,Severe Infection,22.15
ANI_00855,Pig,140.27397834662713,7.12450056633944,Penicillin,23.549104333583713,Injectable,Healthy,11.22
ANI_00856,Goat,37.49865243414114,8.7140605735053,Amoxicillin,9.3778147729962,Oral,Severe Infection,12.15
ANI_00857,Sheep,79.07297836426554,,Tylosin,6.344783468535185,Injectable,Mild Infection,14.47
ANI_00858,Cattle,473.96909587285626,24.18653404243084,Amoxicillin,10.63164388453955,Oral,Healthy,7.92
ANI_00859,Cattle,517.5174949309003,24.416683924805312,Oxytetracycline,27.236876465896596,Injectable,Healthy,21.38
ANI_00860,Cattle,499.0817646614861,16.685748203028247,Oxytetracycline,21.15758367155771,Injectable,Severe Infection,23.13
ANI_00861,Cattle,622.547054531447,33.799080152495485,Penicillin,18.584727784451147,Injectable,Healthy,9.63
ANI_00862,Goat,36.016305225457266,13.740313352743438,Oxytetracycline,16.56510178554674,Injectable,Mild Infection,20.53
ANI_00863,Pig,94.96053625683021,3.5921237384044606,Oxytetracycline,15.745153897541353,Oral,Mild Infection,17.37
ANI_00864,Goat,53.39887738331252,14.480595121661857,Amoxicillin,8.159358223856367,Injectable,Healthy,5.85
ANI_00865,Cattle,540.7956909750648,40.260307415219145,Tylosin,13.258179509299932,Oral,Severe Infection,15.18
ANI_00866,Cattle,589.4910556026825,28.45817152427093,Oxytetracycline,20.536343321008268,Injectable,Healthy,19.64
ANI_00867,Cattle,257.58493829626946,20.463537831773408,Amoxicillin,12.996918620027913,Injectable,Healthy,11.22
ANI_00868,Cattle,658.8940328444082,34.66211055449865,Oxytetracycline,12.61762277107152,Injectable,Mild Infection,22.56
ANI_00869,Pig,96.8592661881474,,Tylosin,12.804854392870785,Topical,Severe Infection,14.83
ANI_00870,Goat,,14.746512767784639,Tylosin,6.3351460234401324,Injectable,Mild Infection,15.22
ANI_00871,Cattle,460.001797217109,23.638292817326054,Tylosin,14.286821000700444,Topical,Severe Infection,12.15
ANI_00872,Cattle,282.2032267805312,49.105235532232,Amoxicillin,7.7519021177347565,Injectable,Healthy,8.95
ANI_00873,Pig,,4.37506963263591,Penicillin,14.550464233212557,Oral,Healthy,5.4
ANI_00874,Pig,92.05353494897277,6.416110063648109,Oxytetracycline,16.80445988902514,Topical,Mild Infection,14.94
ANI_00875,Pig,111.73594755969452,4.651171371179746,Penicillin,13.983813974610399,Injectable,Healthy,9.03
ANI_00876,Sheep,66.44595432415177,8.080952209024103,Tylosin,12.649776189702457,Injectable,Severe Infection,18.3
ANI_00877,Cattle,482.9253360501693,7.125142187881234,Oxytetracycline,27.924724982922662,Topical,Severe Infection,19.03
ANI_00878,Sheep,42.260303838878706,6.743316963580652,Oxytetracycline,11.046943568626261,Injectable,Healthy,19.85
ANI_00879,Cattle,239.56530647852952,29.694499029517274,Tylosin,19.667805402526724,Oral,Severe Infection,16.05
ANI_00880,Sheep,53.66768603285023,,Amoxicillin,9.119465486122635,Injectable,Healthy,12.52
ANI_00881,Pig,139.98479392667005,8.27995022900102,Tylosin,5.593362598439197,Injectable,Healthy,16.4
ANI_00882,Cattle,389.18875417411306,34.147517583312855,Tylosin,6.931316560520832,Oral,Healthy,9.75
ANI_00883,Sheep,59.87772414780075,18.34931061644087,Oxytetracycline,16.200680480249,Injectable,Healthy,19.87
ANI_00884,Cattle,524.9417687685042,29.61393052507865,Tylosin,8.43006127076905,Injectable,Mild Infection,16.34
ANI_00885,Sheep,33.80847794946661,6.837909090834838,Penicillin,10.106447987423307,Injectable,Mild Infection,10.29
ANI_00886,Pig,121.9796671488393,6.082192763866411,Penicillin,15.995793264616413,Oral,Mild Infection,9.8
ANI_00887,Sheep,74.07230011383635,7.165637903030632,Tylosin,12.062246290488472,Oral,Healthy,12.46
ANI_00888,Goat,29.794538720034147,18.325087806476617,Amoxicillin,13.279249545453125,Injectable,Mild Infection,12.88
ANI_00889,Goat,45.88272923358237,12.247632416119988,Tylosin,17.524351625781755,Injectable,Healthy,14.9
ANI_00890,Sheep,68.41780774784013,8.852773372414461,Oxytetracycline,11.66758107537519,Injectable,Healthy,17.57
ANI_00891,Goat,,14.688139782621768,Tylosin,14.322609667071262,Injectable,Mild Infection,17.41
ANI_00892,Cattle,562.6538363336942,27.982368839620676,Tylosin,17.08858763800162,Injectable,Mild Infection,15.89
ANI_00893,Sheep,56.16785163041384,14.16695059046476,Amoxicillin,5.785362427927987,Injectable,Mild Infection,14.31
ANI_00894,Goat,,,Tylosin,12.400123820785709,Oral,Severe Infection,17.81
ANI_00895,Sheep,64.40519606380916,8.324123515780887,Tylosin,9.26432433643189,Topical,Healthy,11.92
ANI_00896,Pig,,,Penicillin,19.954370811509495,Oral,Healthy,4.52
ANI_00897,Pig,129.02509313909226,,Oxytetracycline,10.406821637643553,Injectable,Mild Infection,19.97
ANI_00898,Pig,70.98144217777552,2.321196831626542,Oxytetracycline,12.394935770010637,Injectable,Severe Infection,18.18
ANI_00899,Cattle,701.807738271782,38.76644553393965,Amoxicillin,12.785158800616635,Injectable,Severe Infection,16.33
ANI_00900,Sheep,50.017877414885945,10.0885904158593,Tylosin,11.486557500747544,Injectable,Healthy,13.04
ANI_00901,Pig,,3.451229731062165,Amoxicillin,11.374046122611835,Injectable,Mild Infection,15.67
ANI_00902,Sheep,63.91127876932726,20.753995944383966,Tylosin,5.27537575998836,Oral,Healthy,10.44
ANI_00903,Pig,104.48834415888233,7.003582335555282,Penicillin,11.906539206561106,Oral,Healthy,8.47
ANI_00904,Goat,26.057824208951672,6.2257718632650985,Oxytetracycline,11.339821887916951,Injectable,Healthy,19.73
ANI_00905,Goat,52.95850587393858,9.527307350610943,Oxytetracycline,28.365700707599157,Injectable,Severe Infection,23.35
ANI_00906,Pig,92.42840513573691,6.367598745986859,Oxytetracycline,21.437950449179077,Topical,Severe Infection,18.59
ANI_00907,Sheep,57.699746920859944,15.880404376050613,Oxytetracycline,19.63989835465734,Injectable,Mild Infection,21.19
ANI_00908,Goat,37.391900033465205,19.97545175693038,Amoxicillin,6.621833724078774,Topical,Healthy,5.31
ANI_00909,Pig,129.76789355382857,8.223244303017417,Amoxicillin,6.262834725845689,Oral,Severe Infection,10.83
ANI_00910,Pig,117.29648876982023,5.4071691126904895,Oxytetracycline,22.35626389178573,Oral,Mild Infection,16.66
ANI_00911,Pig,93.61019858854662,7.085746696207342,Penicillin,22.34140364548498,Injectable,Severe Infection,11.1
ANI_00912,Pig,127.1837898832805,9.545213336628416,Oxytetracycline,23.986258423106076,Injectable,Mild Infection,20.27
ANI_00913,Cattle,331.82714646711656,32.45397252560299,Tylosin,8.626467612195224,Injectable,Severe Infection,19.81
ANI_00914,Sheep,59.556385444884384,12.997481130910607,Oxytetracycline,25.408756055846737,Oral,Healthy,17.79
ANI_00915,Pig,127.70972681036177,5.105253500317569,Tylosin,16.568372229356054,Injectable,Healthy,12.89
ANI_00916,Cattle,633.3885745500572,51.40849208203544,Amoxicillin,6.764119104278862,Oral,Mild Infection,4.21
ANI_00917,Sheep,58.51052705100279,14.034631217119365,Penicillin,12.032753103411311,Injectable,Healthy,8.29
ANI_00918,Cattle,504.7825319784683,15.402201879066645,Penicillin,21.919943385968335,Injectable,Healthy,9.23
ANI_00919,Pig,76.37426386654349,6.061072989990701,Amoxicillin,11.116556756460142,Injectable,Healthy,14.23
ANI_00920,Pig,110.4792102415347,4.913053785492914,Penicillin,14.534150507446729,Topical,Severe Infection,8.62
ANI_00921,Goat,,11.898610900998303,Tylosin,11.635906111222905,Topical,Severe Infection,13.83
ANI_00922,Sheep,53.961410687630455,13.495348580006679,Tylosin,11.51073302717271,Injectable,Mild Infection,17.5
ANI_00923,Pig,63.933654926225614,6.534463901697526,Amoxicillin,5.470611978769474,Topical,Healthy,7.11
ANI_00924,Goat,43.1843857320741,11.129257361995485,Oxytetracycline,28.079061303797786,Oral,Severe Infection,22.79
ANI_00925,Goat,,,Penicillin,12.856202440373654,Injectable,Healthy,9.26
ANI_00926,Goat,30.281550912890854,12.407004203086554,Tylosin,5.351494330510823,Injectable,Healthy,14.3
ANI_00927,Pig,,5.332108807389275,Amoxicillin,11.060138319360814,Oral,Healthy,7.72
ANI_00928,Sheep,60.989337870288836,24.35955843074554,Tylosin,9.252607854064092,Oral,Healthy,11.81
ANI_00929,Sheep,47.55233125830817,11.894065486844685,Tylosin,19.67398195294211,Oral,Mild Infection,14.38
ANI_00930,Cattle,,16.12343367430769,Amoxicillin,13.87751524671688,Oral,Healthy,8.31
ANI_00931,Pig,119.33088501041225,4.6473336971115,Tylosin,5.468203405081214,Topical,Severe Infection,12.86
ANI_00932,Pig,110.33288891871935,4.540260827074816,Penicillin,24.233743272830726,Injectable,Healthy,14.6
ANI_00933,Goat,36.874907753989184,12.733786304872542,Tylosin,7.906836950350323,Injectable,Healthy,15.23
ANI_00934,Sheep,51.63908329780374,3.2620290597927646,Tylosin,8.510866625262487,Injectable,Healthy,14.69
ANI_00935,Sheep,66.78742601718744,12.205541642497286,Tylosin,10.944158937375509,Injectable,Mild Infection,15.98
ANI_00936,Cattle,694.2245594756299,58.21265012219719,Penicillin,24.109599987791707,Injectable,Healthy,11.22
ANI_00937,Cattle,374.33527493709516,38.02216082800115,Amoxicillin,12.604646062760667,Injectable,Healthy,12.33
ANI_00938,Pig,95.23532649888764,5.864565605294591,Tylosin,10.598110536576904,Injectable,Mild Infection,17.88
ANI_00939,Cattle,529.2197294883341,44.07023638009225,Oxytetracycline,22.665378346749776,Injectable,Healthy,20.73
ANI_00940,Cattle,415.8178368131848,54.69820356915224,Oxytetracycline,11.784443361144772,Injectable,Mild Infection,17.71
ANI_00941,Cattle,683.4202035856274,43.180776091445026,Amoxicillin,8.254182806826078,Injectable,Severe Infection,14.34
ANI_00942,Pig,66.51061079093509,2.471103655538883,Penicillin,10.92411977938704,Injectable,Severe Infection,14.08
ANI_00943,Sheep,66.72625760871952,19.082822602935195,Oxytetracycline,18.0903904891647,Oral,Mild Infection,16.37
ANI_00944,Pig,88.17443981260588,3.0868240534812728,Penicillin,16.700330826169974,Topical,Healthy,8.3
ANI_00945,Pig,62.62393883435059,6.830950303012498,Oxytetracycline,13.636169313338995,Oral,Healthy,16.41
ANI_00946,Pig,90.59593322429377,4.1980599631474895,Penicillin,15.515627621913147,Oral,Healthy,3.63
ANI_00947,Cattle,376.1353872885924,47.52693484450781,Tylosin,11.901539398365319,Injectable,Mild Infection,15.44
ANI_00948,Pig,88.00357212165878,4.500303579234799,Oxytetracycline,12.54816143390858,Oral,Healthy,14.49
ANI_00949,Goat,29.120246479046603,16.911199951406743,Amoxicillin,12.07947826701189,Injectable,Healthy,9.39
ANI_00950,Cattle,538.0778071365052,16.180684839380596,Oxytetracycline,22.08009995479,Injectable,Mild Infection,21.14
ANI_00951,Cattle,360.9105868741229,30.21190109744716,Oxytetracycline,15.141921787902234,Topical,Mild Infection,12.37
ANI_00952,Cattle,464.92217943984457,49.20796733905933,Penicillin,19.76182481270353,Injectable,Healthy,10.39
ANI_00953,Goat,20.017223043461755,13.251985218139314,Penicillin,17.457509210765284,Injectable,Severe Infection,14.39
ANI_00954,Goat,48.481150549370156,1.7441841280804447,Tylosin,15.179901407403456,Injectable,Healthy,15.13
ANI_00955,Cattle,488.09138565039405,37.12479963808624,Tylosin,10.959369394188585,Topical,Mild Infection,12.34
ANI_00956,Goat,25.012469568363066,10.405972328469945,Tylosin,15.031298816747206,Injectable,Healthy,15.98
ANI_00957,Pig,103.26132687771155,3.8749848489793983,Tylosin,19.195679800375565,Oral,Healthy,10.25
ANI_00958,Goat,33.114166692837294,13.014826877967252,Oxytetracycline,26.411528786676996,Topical,Severe Infection,18.62
ANI_00959,Pig,96.84315957919834,4.927836409758293,Amoxicillin,10.058092225923296,Injectable,Mild Infection,15.52
ANI_00960,Goat,43.53397389102046,20.351974730040375,Oxytetracycline,15.188983421361526,Oral,Mild Infection,18.84
ANI_00961,Sheep,72.3993680728859,12.002883627743904,Oxytetracycline,24.02586684176768,Injectable,Healthy,19.7
ANI_00962,Goat,49.327332162041785,12.5373124010715,Oxytetracycline,29.784333668411723,Injectable,Healthy,20.5
ANI_00963,Goat,45.62452117392881,9.889259222332162,Oxytetracycline,24.078733340690306,Injectable,Mild Infection,21.93
ANI_00964,Pig,112.05160535956682,3.319886219278381,Tylosin,12.618461240050713,Injectable,Mild Infection,16.07
ANI_00965,Goat,,13.304177505463437,Tylosin,15.809244359955725,Oral,Mild Infection,15.33
ANI_00966,Pig,100.01511014909191,5.782624566826695,Tylosin,13.134499634316187,Injectable,Severe Infection,18.4
ANI_00967,Goat,42.34361466815068,7.193647247437929,Oxytetracycline,24.28775124074585,Oral,Healthy,18.0
ANI_00968,Pig,109.72619986700442,6.188558587228559,Penicillin,20.126948287666295,Injectable,Healthy,9.46
ANI_00969,Pig,109.9720963697446,7.507471274356897,Tylosin,18.421429805187422,Oral,Mild Infection,12.77
ANI_00970,Cattle,551.8793017451721,23.69599331361057,Penicillin,19.37193098078088,Topical,Healthy,6.74
ANI_00971,Goat,28.517152672071354,9.682584668649366,Oxytetracycline,18.968156820318658,Injectable,Healthy,21.56
ANI_00972,Pig,83.25819732769921,3.6449627681867183,Penicillin,20.359341131220123,Injectable,Severe Infection,15.39
ANI_00973,Cattle,590.5066548359548,34.38742718183925,Amoxicillin,12.506690142816549,Oral,Severe Infection,16.61
ANI_00974,Goat,37.799028573959625,11.556834097248897,Amoxicillin,11.233144337590575,Topical,Mild Infection,7.75
ANI_00975,Sheep,52.97342254883349,4.378678190196259,Penicillin,13.940399648200078,Injectable,Healthy,10.84
ANI_00976,Sheep,51.09251136447736,9.142015634787608,Amoxicillin,6.474530092661795,Injectable,Healthy,11.2
ANI_00977,Goat,46.62166398587413,15.876922350447899,Penicillin,20.04078135504804,Oral,Mild Infection,12.81
ANI_00978,Sheep,56.439079513809446,3.0366130239090463,Penicillin,14.161401022014687,Oral,Mild Infection,8.63
ANI_00979,Pig,123.67840967702746,4.616137355322718,Oxytetracycline,21.22711648378676,Oral,Severe Infection,21.3
ANI_00980,Pig,120.51264227745165,10.64200799212361,Tylosin,12.236354023920933,Injectable,Mild Infection,17.24
ANI_00981,Cattle,387.473511019234,22.87761256248393,Amoxicillin,13.378413809055186,Oral,Mild Infection,11.37
ANI_00982,Sheep,44.91444031787144,7.711767752627841,Oxytetracycline,15.545168326983722,Oral,Healthy,18.29
ANI_00983,Cattle,455.5566707077083,34.28814962292955,Oxytetracycline,10.621137520703112,Oral,Mild Infection,19.42
ANI_00984,Sheep,63.20216577948829,6.812664611328108,Penicillin,16.70909452235683,Oral,Healthy,6.52
ANI_00985,Pig,97.28947462042258,7.5446291688814116,Penicillin,24.78286199882827,Topical,Healthy,7.84
ANI_00986,Pig,101.8704699287722,7.406626122915184,Tylosin,13.135798402856581,Oral,Severe Infection,15.79
ANI_00987,Pig,114.12461949534139,6.455982327418122,Amoxicillin,7.086519131584311,Injectable,Healthy,10.18
ANI_00988,Pig,104.61221697532429,5.310445109282208,Tylosin,13.991458130414326,Injectable,Mild Infection,13.79
ANI_00989,Cattle,404.6110911586688,41.43905401542925,Tylosin,15.321764888095254,Oral,Healthy,11.99
ANI_00990,Cattle,396.8974724852693,41.547149573450454,Amoxicillin,5.877176417199643,Oral,Healthy,6.03
ANI_00991,Sheep,45.58354853489187,15.306811897525924,Penicillin,15.67037424151603,Oral,Mild Infection,9.3
ANI_00992,Goat,35.620739817865015,7.313982367321529,Amoxicillin,5.257424097472162,Oral,Healthy,5.93
ANI_00993,Sheep,31.676816815307465,16.63838515750199,Oxytetracycline,10.616492373987406,Oral,Severe Infection,19.57
ANI_00994,Sheep,66.83324511516092,17.310461806421223,Amoxicillin,7.193204012113821,Topical,Healthy,9.39
ANI_00995,Pig,90.2201542084305,4.768525083581587,Amoxicillin,7.6347344569384825,Oral,Mild Infection,10.73
ANI_00996,Pig,,3.0351717178822546,Penicillin,17.739188177881353,Injectable,Healthy,10.1
ANI_00997,Pig,,7.780020253652859,Amoxicillin,8.811468820347356,Topical,Severe Infection,12.69
ANI_00998,Cattle,438.8240360495415,44.53430944105891,Penicillin,11.425848052488467,Oral,Severe Infection,7.83
ANI_00999,Pig,144.76706323541723,4.122091704062264,Tylosin,15.377958622412667,Injectable,Healthy,16.75
ANI_01000,Goat,37.55644238046654,17.262527448752977,Penicillin,19.218115273319732,Injectable,Healthy,10.67
ANI_01001,Sheep,69.81383992275033,14.67766476474754,Amoxicillin,7.957528346203294,Injectable,Healthy,7.12
ANI_01002,Pig,97.01088613670022,3.049177197811954,Penicillin,24.59717067140363,Injectable,Healthy,13.22
ANI_01003,Goat,40.70588603108759,15.895620479972914,Amoxicillin,10.435955749112921,Injectable,Healthy,9.82
ANI_01004,Pig,131.64233502607135,10.319478521321999,Oxytetracycline,27.75635280671638,Injectable,Healthy,18.37
ANI_01005,Sheep,43.947829843040566,8.291799632298666,Oxytetracycline,18.00310545730798,Oral,Healthy,16.72
ANI_01006,Sheep,48.033344077156045,13.867020819354316,Penicillin,17.35681612779677,Injectable,Healthy,11.79
ANI_01007,Sheep,52.75231541754526,8.49855855566081,Oxytetracycline,26.06266177872492,Oral,Mild Infection,19.85
ANI_01008,Sheep,56.36426705084971,16.07910610875315,Tylosin,5.739494936137549,Injectable,Severe Infection,14.31
ANI_01009,Cattle,676.7024494395862,23.22906345680131,Oxytetracycline,24.24143984495861,Injectable,Mild Infection,21.23
ANI_01010,Goat,43.98230647534222,7.098046083124694,Tylosin,6.8283381812053845,Oral,Mild Infection,11.26
ANI_01011,Sheep,37.7121173397375,10.390469209902658,Oxytetracycline,22.820121146414024,Injectable,Healthy,18.92
ANI_01012,Goat,37.349181607297204,12.604131636220544,Tylosin,5.85699079014995,Oral,Severe Infection,13.92
ANI_01013,Sheep,57.21291075780353,13.057082292247218,Amoxicillin,5.385915619381338,Injectable,Mild Infection,11.76
ANI_01014,Pig,114.83644588780253,5.844454599471168,Penicillin,23.426500435993667,Injectable,Mild Infection,12.33
ANI_01015,Sheep,60.36472176654209,15.64410923599971,Amoxicillin,6.537493121029181,Oral,Healthy,8.15
ANI_01016,Goat,41.486701031222026,14.661086025160378,Oxytetracycline,14.394455002207938,Oral,Healthy,14.63
ANI_01017,Pig,128.60725598236712,5.542402984371309,Tylosin,17.57932694297085,Oral,Mild Infection,12.35
ANI_01018,Pig,,4.2588912887076935,Penicillin,16.829931247129032,Injectable,Healthy,9.5
ANI_01019,Cattle,438.363457081766,39.42667067448477,Amoxicillin,14.225724049058,Injectable,Mild Infection,10.71
ANI_01020,Pig,119.569156113331,10.147557365606566,Tylosin,8.318567297100255,Injectable,Mild Infection,14.57
ANI_01021,Goat,33.45836678411142,20.81674467154489,Tylosin,18.411370538867683,Oral,Healthy,14.61
ANI_01022,Pig,,8.391952924967407,Amoxicillin,7.276325358193923,Injectable,Healthy,10.57
ANI_01023,Pig,74.3474113614612,7.434158073992328,Penicillin,11.639191680522398,Oral,Healthy,6.57
ANI_01024,Goat,40.672755106001574,10.271824743020902,Tylosin,6.511292659393645,Oral,Healthy,13.69
ANI_01025,Sheep,69.73365952485614,14.495583772306306,Penicillin,15.964524785991294,Injectable,Severe Infection,12.64
ANI_01026,Cattle,427.90298915301037,35.84000583556246,Amoxicillin,8.333678381165628,Injectable,Mild Infection,12.24
ANI_01027,Cattle,657.3599639232585,29.090666940911515,Tylosin,15.28814412629697,Injectable,Healthy,14.52
ANI_01028,Goat,45.465699232008554,4.08280678785268,Tylosin,7.127665964254778,Injectable,Healthy,13.85
ANI_01029,Cattle,539.5735462465047,37.693864976294336,Amoxicillin,12.296784136472413,Injectable,Mild Infection,13.09
ANI_01030,Goat,48.78787900841455,10.974389777870815,Oxytetracycline,21.695136166746096,Topical,Mild Infection,14.75
ANI_01031,Sheep,47.33103287073406,13.75467185023304,Amoxicillin,9.948284566214202,Topical,Healthy,7.76
ANI_01032,Goat,46.039670129135715,8.118464072994987,Amoxicillin,7.804632242046524,Injectable,Severe Infection,17.76
ANI_01033,Sheep,41.6643578601291,13.041886996283523,Oxytetracycline,22.578102898472302,Injectable,Healthy,20.88
ANI_01034,Cattle,418.5989330708444,44.85151116156603,Penicillin,19.128573897609613,Injectable,Healthy,9.81
ANI_01035,Cattle,484.7702021505853,28.311796359506722,Amoxicillin,14.638176611881805,Injectable,Mild Infection,10.99
ANI_01036,Goat,42.65176717064716,13.974064140811514,Oxytetracycline,10.444056259757007,Oral,Mild Infection,16.86
ANI_01037,Sheep,62.27767001404872,5.404096648434788,Penicillin,22.35702624880807,Topical,Healthy,5.53
ANI_01038,Goat,44.07751384979725,11.135582515266723,Amoxicillin,9.809416080843036,Injectable,Healthy,9.95
ANI_01039,Sheep,53.71102045957623,19.317318654109112,Amoxicillin,6.947938026439267,Injectable,Healthy,11.8
ANI_01040,Pig,110.55678699831174,4.051418878346741,Penicillin,20.9577198103949,Injectable,Mild Infection,11.47
ANI_01041,Cattle,456.0300049064191,28.854921565487494,Tylosin,19.04188357310202,Injectable,Healthy,12.48
ANI_01042,Pig,106.71936346881154,4.96045042073994,Amoxicillin,8.16684356016926,Injectable,Healthy,9.36
ANI_01043,Pig,113.14402202592107,5.7214625866648285,Oxytetracycline,17.54503971431391,Injectable,Mild Infection,19.32
ANI_01044,Pig,,5.346642868182026,Oxytetracycline,25.215186167739,Injectable,Healthy,20.27
ANI_01045,Cattle,786.1136567633685,39.57925325521185,Oxytetracycline,16.267353889145564,Injectable,Healthy,21.0
ANI_01046,Goat,32.71610637174783,10.862839557786646,Oxytetracycline,21.026347813256283,Injectable,Healthy,21.28
ANI_01047,Goat,28.533408572954524,12.48530913098251,Penicillin,16.778035669784167,Injectable,Mild Infection,12.62
ANI_01048,Goat,50.56796631632568,14.157607952837632,Tylosin,7.289872468111756,Injectable,Mild Infection,17.43
ANI_01049,Cattle,325.5435048101964,24.940162562660852,Amoxicillin,11.694120642536435,Oral,Healthy,9.41
ANI_01050,Sheep,46.29973372635571,6.925232092627308,Penicillin,22.897817355026824,Oral,Severe Infection,15.11
ANI_01051,Pig,111.36368006680796,4.607959676798096,Oxytetracycline,10.439730440786473,Topical,Mild Infection,13.23
ANI_01052,Pig,128.49255464154487,7.180009522208943,Oxytetracycline,24.84402018242265,Oral,Healthy,21.54
ANI_01053,Sheep,68.95525537416974,5.038528697542059,Tylosin,17.709451183032407,Injectable,Healthy,15.15
ANI_01054,Cattle,495.866279519083,30.610710374048217,Tylosin,7.840413136877942,Injectable,Severe Infection,18.48
ANI_01055,Cattle,477.75218667001417,36.81747420168782,Tylosin,17.427953893722627,Oral,Mild Infection,13.09
ANI_01056,Pig,116.4059674901793,4.942154995229379,Amoxicillin,8.377479967348473,Injectable,Healthy,10.52
ANI_01057,Sheep,44.46106995552457,18.26603650682363,Penicillin,14.480082360813245,Injectable,Healthy,10.76
ANI_01058,Pig,111.63563541256725,4.040322454917016,Penicillin,16.618445036375753,Injectable,Healthy,11.47
ANI_01059,Goat,53.30044064891218,11.036157668576328,Oxytetracycline,22.388901476363067,Oral,Healthy,16.9
ANI_01060,Goat,50.76879835611406,1,Oxytetracycline,25.701437231270255,Injectable,Severe Infection,23.22
ANI_01061,Sheep,65.03260226525505,11.861337721049573,Tylosin,16.294792895587776,Injectable,Healthy,18.66
ANI_01062,Goat,36.2418842853029,6.474269389878808,Tylosin,9.7588282467455,Injectable,Severe Infection,18.8
ANI_01063,Sheep,63.74485577591285,10.364232443034913,Oxytetracycline,12.652079814936222,Injectable,Healthy,18.49
ANI_01064,Cattle,345.6549056814253,42.20676060332865,Tylosin,6.696496091357337,Oral,Healthy,12.9
ANI_01065,Cattle,551.4048140686467,54.60756711909202,Oxytetracycline,17.762661620044987,Injectable,Healthy,18.91
ANI_01066,Sheep,53.921761073843754,13.96895785785942,Penicillin,22.788081112839507,Injectable,Mild Infection,11.43
ANI_01067,Goat,47.752324413082796,5.199295949524705,Penicillin,11.352935503003666,Injectable,Severe Infection,12.52
ANI_01068,Sheep,62.03359459998768,14.89339287545602,Penicillin,16.74869171628258,Oral,Mild Infection,11.48
ANI_01069,Pig,102.72349349495659,7.410346643819436,Tylosin,13.075762803446498,Topical,Healthy,7.8
ANI_01070,Sheep,57.74737357508646,8.344826593665914,Oxytetracycline,29.61296439128099,Injectable,Mild Infection,19.75
ANI_01071,Sheep,75.14714612494403,13.642698341679203,Penicillin,12.247941983298274,Injectable,Healthy,7.48
ANI_01072,Pig,109.14426127385028,4.587742775627789,Amoxicillin,14.858584404109376,Injectable,Healthy,11.7
ANI_01073,Pig,86.57351539463035,6.2701063316244525,Tylosin,17.936511952117353,Injectable,Healthy,15.09
ANI_01074,Sheep,59.58528222000852,14.388290244045434,Tylosin,11.243255465484717,Injectable,Healthy,12.98
ANI_01075,Cattle,565.8935354853684,49.0179328818733,Tylosin,6.7251640524214675,Oral,Mild Infection,11.69
ANI_01076,Cattle,681.6755629575105,,Tylosin,9.949623429354148,Injectable,Mild Infection,15.81
ANI_01077,Sheep,55.939088711084366,5.645247478489641,Oxytetracycline,20.403614731335193,Topical,Healthy,13.98
ANI_01078,Pig,81.51874385317869,5.000772813554535,Tylosin,14.751386767098971,Injectable,Severe Infection,19.58
ANI_01079,Cattle,514.3764643108585,34.983474805645756,Penicillin,23.982008730974243,Topical,Healthy,8.0
ANI_01080,Sheep,67.76936702931516,13.907254380098419,Tylosin,7.025572050208211,Injectable,Healthy,13.32
ANI_01081,Pig,74.99372834081373,6.421630155918382,Oxytetracycline,16.32209775881791,Topical,Healthy,11.82
ANI_01082,Goat,34.438805135385024,15.098321990926966,Tylosin,9.319011411398286,Topical,Healthy,9.67
ANI_01083,Cattle,388.19395720181717,49.962310315515914,Penicillin,13.783036032389964,Oral,Mild Infection,10.35
ANI_01084,Sheep,58.53146478744699,16.86583911159647,Tylosin,5.337564911430297,Injectable,Healthy,10.21
ANI_01085,Cattle,573.0283819306965,38.89200304076695,Penicillin,10.27048014737845,Oral,Mild Infection,10.19
ANI_01086,Cattle,528.4754593385568,35.09388032919831,Amoxicillin,13.781151969857014,Injectable,Healthy,13.57
ANI_01087,Pig,,,Tylosin,12.704500758929765,Oral,Severe Infection,15.16
ANI_01088,Pig,123.94336054495707,6.508631253107421,Oxytetracycline,18.263889576055952,Injectable,Severe Infection,22.69
ANI_01089,Goat,51.24570440812661,13.936883097387367,Amoxicillin,13.282127578865943,Oral,Healthy,10.21
ANI_01090,Sheep,63.31918447707887,11.523102574936383,Penicillin,14.116189474535226,Injectable,Severe Infection,15.5
ANI_01091,Pig,113.193045975545,5.154402290780273,Oxytetracycline,11.397238413693234,Injectable,Healthy,17.28
ANI_01092,Cattle,551.8218950445412,40.951980278181864,Oxytetracycline,14.430543038047341,Injectable,Healthy,19.6
ANI_01093,Cattle,507.96426898938967,55.20594078973269,Oxytetracycline,23.414944009435466,Injectable,Severe Infection,25.74
ANI_01094,Sheep,58.04527356414026,13.161043221614197,Oxytetracycline,23.107663989269064,Injectable,Mild Infection,18.74
ANI_01095,Goat,38.665296708761915,7.2439117630960626,Oxytetracycline,18.160401825701623,Oral,Severe Infection,19.08
ANI_01096,Cattle,582.2066078032527,33.00366993039847,Amoxicillin,14.503797514820931,Oral,Healthy,8.62
ANI_01097,Pig,100.21272536697363,3.3279942151301443,Amoxicillin,13.48417726430511,Injectable,Healthy,12.11
ANI_01098,Cattle,473.44073667375886,49.4181962058085,Oxytetracycline,14.4298709771928,Oral,Healthy,17.96
ANI_01099,Cattle,553.7585307043805,42.636020062843826,Amoxicillin,9.570239521926254,Injectable,Healthy,13.74
ANI_01100,Sheep,75.72398210270327,,Tylosin,11.737223040983189,Injectable,Healthy,12.2
ANI_01101,Cattle,438.0044302686382,28.972537978011268,Tylosin,11.191374804160901,Injectable,Mild Infection,16.84
ANI_01102,Goat,28.530159801518174,10.123481362703647,Oxytetracycline,27.608438057472096,Injectable,Mild Infection,22.04
ANI_01103,Sheep,89.79054963801389,11.554828369578772,Penicillin,18.382613064319997,Injectable,Healthy,9.46
ANI_01104,Sheep,65.57137618403482,11.970909620001175,Amoxicillin,7.141762527395868,Oral,Severe Infection,10.38
ANI_01105,Sheep,62.93343541927229,19.303988846964188,Penicillin,12.157517064854662,Injectable,Healthy,10.4
ANI_01106,Goat,,11.676300186872785,Amoxicillin,6.880585664790756,Injectable,Healthy,10.85
ANI_01107,Pig,100.23873560362776,5.384886529637476,Amoxicillin,11.05759489358972,Oral,Healthy,8.8
ANI_01108,Pig,109.52480706775331,4.972777395572121,Tylosin,8.558815454857058,Injectable,Severe Infection,19.71
ANI_01109,Goat,33.8932065062791,12.02274279215871,Tylosin,15.853710506599713,Injectable,Mild Infection,15.95
ANI_01110,Goat,47.18809363641252,12.356403066815506,Tylosin,15.372583187203917,Injectable,Severe Infection,21.12
ANI_01111,Cattle,421.5324612429499,44.532543652768354,Tylosin,10.827967220090631,Injectable,Healthy,15.24
ANI_01112,Cattle,566.662788345689,26.007946163772672,Oxytetracycline,24.866658271313135,Injectable,Healthy,19.9
ANI_01113,Pig,99.05005109090274,6.420492440004586,Tylosin,6.199737241951322,Injectable,Healthy,14.2
ANI_01114,Pig,83.70263702181312,6.049942524741998,Penicillin,17.571092130705274,Injectable,Healthy,9.63
ANI_01115,Pig,104.6139463666887,4.322063120711645,Tylosin,7.947239786043779,Injectable,Healthy,13.13
ANI_01116,Sheep,54.61209695423289,7.688376555393653,Amoxicillin,9.918759594608238,Oral,Healthy,7.53
ANI_01117,Sheep,65.7212571760839,14.383725388156666,Amoxicillin,6.271811892168869,Oral,Mild Infection,7.69
ANI_01118,Cattle,464.2009565586664,43.11040463504693,Penicillin,11.895552129205077,Injectable,Mild Infection,11.11
ANI_01119,Goat,32.789042281262034,10.373325123846225,Oxytetracycline,27.1577837049248,Injectable,Mild Infection,24.18
ANI_01120,Sheep,47.14000293483507,10.36230970787673,Penicillin,20.022709929368578,Injectable,Healthy,11.35
ANI_01121,Cattle,450.3722466910301,56.56997228898668,Tylosin,11.053229312205325,Injectable,Healthy,14.69
ANI_01122,Cattle,386.8932764497412,34.38240177487825,Amoxicillin,14.920159693968357,Injectable,Mild Infection,11.19
ANI_01123,Goat,37.9981106747434,,Tylosin,11.029278869228293,Oral,Healthy,11.01
ANI_01124,Cattle,596.4769894302445,48.09428276945896,Oxytetracycline,16.845311855794925,Oral,Mild Infection,15.23
ANI_01125,Cattle,600.9955496707081,20.02058260546277,Tylosin,9.935085944933492,Topical,Healthy,7.29
ANI_01126,Pig,86.63090178293645,7.381850584260016,Penicillin,10.628205907581632,Injectable,Mild Infection,11.12
ANI_01127,Sheep,60.96743912939047,9.626317559288307,Oxytetracycline,27.07259857055914,Injectable,Severe Infection,25.81
ANI_01128,Pig,93.15702697745522,,Tylosin,5.67321524709077,Oral,Severe Infection,17.77
ANI_01129,Cattle,,59.45653436713546,Oxytetracycline,12.486906348848215,Injectable,Healthy,21.74
ANI_01130,Sheep,71.64060152585938,9.128380428363151,Penicillin,18.483362248395807,Oral,Severe Infection,14.34
ANI_01131,Cattle,539.1337580844622,25.978108741649912,Oxytetracycline,10.087191599131609,Injectable,Severe Infection,22.1
ANI_01132,Sheep,53.282792107419226,10.001458387550068,Penicillin,14.794780933829509,Injectable,Mild Infection,11.63
ANI_01133,Pig,78.57383344658051,8.245650987770551,Tylosin,6.494958831151639,Oral,Mild Infection,13.63
ANI_01134,Sheep,54.7261093836038,10.339821598249461,Tylosin,13.678780228894245,Injectable,Healthy,13.79
ANI_01135,Sheep,60.523628972032625,12.308055983935034,Oxytetracycline,25.108745450311623,Topical,Healthy,18.18
ANI_01136,Goat,50.82762918096962,13.75129506497429,Oxytetracycline,14.312795254516983,Oral,Mild Infection,18.14
ANI_01137,Pig,95.72207022711363,8.5049914583,Amoxicillin,10.708530255443128,Injectable,Mild Infection,12.27
ANI_01138,Cattle,503.26388366908714,,Oxytetracycline,13.283699281127175,Oral,Healthy,18.44
ANI_01139,Sheep,53.88398420797136,9.971137809577819,Amoxicillin,11.67601713583235,Topical,Healthy,9.16
ANI_01140,Pig,124.4787268847578,5.222967955287089,Tylosin,10.850990986214423,Oral,Healthy,8.74
ANI_01141,Sheep,63.5283364315262,13.824486635009556,Amoxicillin,14.308076723447618,Topical,Healthy,7.84
ANI_01142,Pig,69.55331363436511,2.1818872992977307,Amoxicillin,8.226837070778203,Oral,Healthy,9.39
ANI_01143,Goat,36.407971037027735,14.694545462834492,Amoxicillin,10.195018547649811,Oral,Mild Infection,9.62
ANI_01144,Cattle,497.2615679596256,41.828590096247964,Oxytetracycline,11.335005097015138,Oral,Mild Infection,19.61
ANI_01145,Cattle,486.7996147145728,26.541370743404194,Tylosin,13.314838971254831,Injectable,Healthy,16.81
ANI_01146,Sheep,50.63204765040617,17.162822061248523,Tylosin,13.30141551180602,Injectable,Mild Infection,18.59
ANI_01147,Pig,69.76425708062129,7.069941344727539,Tylosin,8.055760899164998,Oral,Healthy,10.74
ANI_01148,Pig,57.908344024693356,9.53867464680125,Penicillin,16.540724469588817,Injectable,Healthy,10.78
ANI_01149,Goat,39.479195689957564,22.891794750897212,Amoxicillin,10.79536369149981,Injectable,Healthy,10.3
ANI_01150,Cattle,359.2912805215983,20.903761064803952,Penicillin,23.073185210621897,Injectable,Healthy,12.78
ANI_01151,Sheep,,3.947997470761278,Tylosin,6.7179930248952235,Injectable,Mild Infection,17.48
ANI_01152,Goat,32.410010437856,9.728330085656188,Penicillin,22.691787783326674,Oral,Healthy,8.88
ANI_01153,Cattle,470.1869420734156,16.17105131643835,Tylosin,5.450303385760044,Injectable,Healthy,15.83
ANI_01154,Pig,61.31824509080846,4.8755886075594725,Amoxicillin,8.15008275189774,Injectable,Severe Infection,15.31
ANI_01155,Sheep,52.84751481182409,9.223293056458592,Penicillin,13.017594506708512,Topical,Severe Infection,8.16
ANI_01156,Pig,127.06138320332815,4.9970611532830524,Tylosin,6.977155602461887,Injectable,Healthy,14.05
ANI_01157,Goat,21.648467321227827,13.210510526119258,Oxytetracycline,24.815597343213447,Oral,Healthy,18.75
ANI_01158,Sheep,67.41073780682287,3.8612733092213105,Oxytetracycline,25.098804003166578,Injectable,Healthy,20.22
ANI_01159,Goat,30.491716368311195,19.955280215135176,Oxytetracycline,11.420491352986533,Injectable,Healthy,21.56
ANI_01160,Sheep,58.86187461586242,16.745844149321297,Oxytetracycline,25.84006252260392,Oral,Healthy,15.04
ANI_01161,Sheep,52.4151840087519,10.217792385952292,Penicillin,22.168458376020368,Oral,Healthy,9.42
ANI_01162,Sheep,50.68998288367558,4.075025517784878,Amoxicillin,9.756550309249171,Injectable,Mild Infection,12.3
ANI_01163,Goat,56.70196788700116,10.294692740526958,Tylosin,18.426000844043212,Topical,Severe Infection,15.44
ANI_01164,Goat,39.16513240449531,12.566128528598798,Tylosin,9.028357109309617,Oral,Mild Infection,15.36
ANI_01165,Goat,38.29058584904111,,Tylosin,14.260313764821007,Injectable,Mild Infection,14.7
ANI_01166,Cattle,,14.757069888294165,Amoxicillin,9.07164298467125,Injectable,Mild Infection,11.23
ANI_01167,Cattle,387.91528464344304,35.89518028922881,Amoxicillin,9.96075478500531,Injectable,Mild Infection,12.91
ANI_01168,Goat,39.59359369104373,15.23465106198915,Penicillin,19.568957343694983,Oral,Mild Infection,9.14
ANI_01169,Sheep,63.18372939514666,13.153006311477306,Amoxicillin,6.7219426742575425,Injectable,Severe Infection,13.61
ANI_01170,Sheep,50.030683735978734,11.247588497819795,Amoxicillin,6.998729746494437,Oral,Healthy,7.52
ANI_01171,Goat,39.91267455141241,11.694676799836925,Penicillin,16.118273902755384,Oral,Mild Infection,9.42
ANI_01172,Goat,34.103765110778426,13.74693022225934,Oxytetracycline,11.86574769443937,Oral,Mild Infection,17.88
ANI_01173,Pig,112.66337206632105,6.200512974090319,Amoxicillin,9.429371217344361,Topical,Mild Infection,7.04
ANI_01174,Sheep,84.52369912868724,16.07737306899474,Oxytetracycline,21.660372948882728,Injectable,Mild Infection,22.73
ANI_01175,Cattle,467.5105185359775,35.20126141746652,Amoxicillin,8.29416657374443,Topical,Healthy,7.56
ANI_01176,Pig,101.5687849216734,7.7458657351509155,Amoxicillin,7.663776414300239,Injectable,Healthy,14.79
ANI_01177,Goat,37.93369069347905,15.474701085356708,Penicillin,21.052252477445503,Topical,Healthy,4.58
ANI_01178,Pig,98.65539385607738,5.837952326522401,Penicillin,11.507955380377538,Injectable,Mild Infection,11.19
ANI_01179,Pig,121.79574028408334,8.145041428354542,Penicillin,20.559038609917465,Oral,Healthy,9.38
ANI_01180,Pig,99.68873822259413,5.688357888852367,Oxytetracycline,22.670705872323403,Injectable,Healthy,20.3
ANI_01181,Sheep,48.52658483678671,8.924233500424311,Penicillin,12.535866237005585,Injectable,Mild Infection,10.7
ANI_01182,Sheep,63.389935138094195,16.598861316906522,Oxytetracycline,10.895028678524763,Injectable,Mild Infection,20.87
ANI_01183,Sheep,49.92197668401495,7.53253611226822,Tylosin,12.828266928912175,Injectable,Healthy,13.25
ANI_01184,Cattle,653.9197200174908,,Tylosin,6.196836854510005,Injectable,Healthy,13.98
ANI_01185,Cattle,570.2276427551578,53.64518763615045,Tylosin,17.30439440913766,Topical,Mild Infection,10.03
ANI_01186,Cattle,452.6354542348809,43.42915773661861,Oxytetracycline,28.04491246192463,Injectable,Mild Infection,22.84
ANI_01187,Cattle,472.85949398355035,30.432624366187103,Amoxicillin,9.950559456545848,Oral,Severe Infection,12.52
ANI_01188,Cattle,621.0674552542197,27.075406976466024,Amoxicillin,8.513559346549268,Injectable,Healthy,12.05
ANI_01189,Pig,117.25409843980034,1.8739763769983693,Oxytetracycline,11.998637541088193,Injectable,Mild Infection,19.55
ANI_01190,Sheep,71.78865937036939,13.081632536832196,Oxytetracycline,18.57450283502963,Oral,Healthy,18.13
ANI_01191,Sheep,53.829217907895625,7.559244807390306,Amoxicillin,13.096742580880733,Topical,Mild Infection,10.02
ANI_01192,Sheep,67.64213203338855,14.248956239033063,Penicillin,24.640208883981913,Oral,Healthy,6.86
ANI_01193,Goat,49.64094191691561,12.58259648771853,Amoxicillin,12.617427064695159,Injectable,Mild Infection,14.25
ANI_01194,Cattle,539.70466698824,46.15021421362805,Amoxicillin,7.016552112668922,Oral,Healthy,7.54
ANI_01195,Pig,104.2712239937849,5.593366932340541,Oxytetracycline,23.735355911943394,Oral,Severe Infection,23.48
ANI_01196,Goat,40.62405934783086,25.105597380452,Oxytetracycline,26.111616528824673,Injectable,Healthy,21.73
ANI_01197,Pig,116.32443745114384,3.8828634434869547,Amoxicillin,9.094479376273092,Injectable,Mild Infection,12.3
ANI_01198,Cattle,569.9464246895702,43.56215510838136,Penicillin,23.14897178252528,Injectable,Mild Infection,9.61
ANI_01199,Pig,112.66073452501053,6.13853976235175,Tylosin,19.97925978746577,Injectable,Healthy,17.17
ANI_01200,Goat,32.70706158276878,8.413334022666474,Penicillin,10.33854544860164,Injectable,Healthy,5.0
ANI_01201,Goat,33.07992285591326,9.930613708242888,Penicillin,16.107606078983128,Injectable,Mild Infection,12.22
ANI_01202,Cattle,344.30489132935224,49.94409245125453,Penicillin,11.655913513749006,Injectable,Healthy,10.92
ANI_01203,Cattle,520.1123458701526,15.416577390564008,Tylosin,12.761915140764367,Injectable,Mild Infection,16.55
ANI_01204,Sheep,,9.081582545193337,Tylosin,17.66314378664348,Injectable,Severe Infection,21.06
ANI_01205,Goat,44.75620901574369,8.321492246249772,Tylosin,9.359644539597966,Oral,Severe Infection,13.82
ANI_01206,Cattle,394.9945210176814,,Tylosin,6.56723592961752,Injectable,Healthy,14.79
ANI_01207,Goat,32.264947792287856,16.726252547528365,Tylosin,9.780458859280959,Injectable,Healthy,17.63
ANI_01208,Goat,33.11547676948891,9.243183811659865,Tylosin,18.069077764251755,Injectable,Severe Infection,17.61
ANI_01209,Cattle,636.5522980406188,35.32065495282652,Oxytetracycline,29.092753040129367,Injectable,Mild Infection,19.5
ANI_01210,Goat,41.56322577026656,10.558892612492096,Oxytetracycline,12.119118226880953,Oral,Severe Infection,20.75
ANI_01211,Sheep,60.22512974397728,2.8897495726036624,Penicillin,10.650957678678413,Injectable,Mild Infection,9.51
ANI_01212,Sheep,54.997389834133244,14.230015284135348,Amoxicillin,7.147351251215632,Injectable,Healthy,10.94
ANI_01213,Cattle,481.50872811238094,43.801066896979734,Penicillin,16.95513708659767,Oral,Mild Infection,9.35
ANI_01214,Goat,,8.792551292647673,Penicillin,20.47323180241709,Injectable,Mild Infection,12.66
ANI_01215,Cattle,523.8465140323794,57.41858878838822,Oxytetracycline,17.909781523671406,Injectable,Healthy,21.16
ANI_01216,Sheep,44.141543596141524,15.910180807417262,Tylosin,6.416936387016303,Oral,Healthy,10.82
ANI_01217,Cattle,481.39923057079034,43.0682900391086,Oxytetracycline,26.89418334151725,Topical,Healthy,13.81
ANI_01218,Cattle,295.0525514330319,20.99969360659141,Amoxicillin,8.459495178632029,Oral,Healthy,8.83
ANI_01219,Sheep,59.6700969717275,9.930548043431068,Tylosin,19.31671542279483,Injectable,Healthy,17.09
ANI_01220,Goat,50.793080840907436,19.715375856087025,Oxytetracycline,21.736408901471272,Oral,Healthy,17.33
ANI_01221,Sheep,37.36853209244856,14.549165820055958,Tylosin,10.104124733510464,Injectable,Mild Infection,17.3
ANI_01222,Pig,105.28580420306503,5.719433933285264,Oxytetracycline,16.74475501671684,Oral,Healthy,15.72
ANI_01223,Goat,34.200767745401656,8.417816461130775,Penicillin,18.21417976214214,Oral,Healthy,7.19
ANI_01224,Goat,30.200000890719593,,Tylosin,10.953319673373784,Oral,Mild Infection,12.26
ANI_01225,Cattle,378.6629929752085,27.149328424236334,Penicillin,15.977530432059705,Injectable,Healthy,12.18
ANI_01226,Goat,45.33796117943393,15.561042125868802,Tylosin,8.694061011547598,Injectable,Healthy,15.89
ANI_01227,Pig,108.42639588464873,7.615546862583567,Penicillin,24.081248324197492,Injectable,Severe Infection,14.34
ANI_01228,Cattle,560.7947567005754,27.912943468043505,Amoxicillin,8.302941754681342,Injectable,Healthy,13.4
ANI_01229,Goat,31.32096978978928,10.545751821789727,Tylosin,15.430313760978045,Oral,Healthy,12.77
ANI_01230,Sheep,52.68745431187043,11.823977820232697,Amoxicillin,5.216269924617938,Injectable,Severe Infection,14.27
ANI_01231,Pig,93.58507222730884,4.091085974694494,Tylosin,15.083944098988491,Injectable,Healthy,15.51
ANI_01232,Sheep,74.95030309735837,10.022777594854581,Oxytetracycline,14.497735604510636,Injectable,Healthy,18.17
ANI_01233,Cattle,553.2464307788696,22.270242275669723,Tylosin,17.258889034812842,Injectable,Severe Infection,17.18
ANI_01234,Sheep,63.94957970323307,14.847829866869061,Penicillin,21.73977344234315,Injectable,Healthy,9.81
ANI_01235,Sheep,56.642182580458694,7.515194692644599,Amoxicillin,10.799678202031428,Oral,Healthy,5.52
ANI_01236,Sheep,60.89395278931613,12.875058947139083,Oxytetracycline,19.01164985632235,Injectable,Healthy,21.8
ANI_01237,Goat,23.57700463720612,7.276656332031458,Tylosin,17.698261637297943,Injectable,Healthy,17.93
ANI_01238,Pig,57.28400302530389,7.142062928794295,Tylosin,8.225071524050428,Oral,Mild Infection,13.68
ANI_01239,Pig,58.98400288011704,4.635377855585739,Tylosin,13.323647507381134,Oral,Healthy,12.5
ANI_01240,Goat,37.68014916450688,6.000529442949932,Tylosin,9.077910900888735,Injectable,Healthy,14.35
ANI_01241,Pig,135.95467681154716,5.367328910519871,Oxytetracycline,24.718707838748912,Oral,Mild Infection,18.46
ANI_01242,Goat,44.344258234317216,11.191593624272656,Tylosin,16.744012591098006,Injectable,Healthy,17.99
ANI_01243,Goat,30.9487551189197,15.549529456564535,Penicillin,20.319442601780636,Oral,Mild Infection,8.56
ANI_01244,Cattle,599.4558235741622,35.757123344428244,Oxytetracycline,25.369355913282675,Topical,Healthy,14.34
ANI_01245,Pig,115.06768919969385,6.267578125730211,Amoxicillin,6.468965688777793,Injectable,Healthy,10.6
ANI_01246,Sheep,63.33230534990022,14.197718029743054,Tylosin,10.082017548906695,Oral,Severe Infection,14.52
ANI_01247,Cattle,720.1390712287935,11.253862743022239,Oxytetracycline,29.903188204002426,Injectable,Mild Infection,25.44
ANI_01248,Cattle,356.8645152945573,,Oxytetracycline,25.367998578975595,Injectable,Mild Infection,23.37
ANI_01249,Pig,93.10677428075964,6.024730190273065,Oxytetracycline,15.290925724520834,Injectable,Mild Infection,24.86
ANI_01250,Cattle,551.9871018101911,31.84098502057417,Tylosin,15.137174536140995,Oral,Healthy,11.85
ANI_01251,Pig,79.96756269019204,6.173919404074339,Oxytetracycline,26.565471296319767,Oral,Mild Infection,20.7
ANI_01252,Goat,34.201111329599584,3.3666323324434764,Oxytetracycline,17.060095019436723,Oral,Mild Infection,17.11
ANI_01253,Pig,99.4332030926708,3.157070625686949,Oxytetracycline,25.83280144366126,Oral,Mild Infection,23.27
ANI_01254,Pig,65.5187637826393,7.641845758219419,Oxytetracycline,26.220307498641386,Oral,Healthy,16.57
ANI_01255,Sheep,53.63204898450443,13.392427258858843,Penicillin,16.10213937035274,Topical,Healthy,4.84
ANI_01256,Sheep,70.15220891814306,16.29208397921449,Oxytetracycline,19.62765423496855,Injectable,Mild Infection,21.77
ANI_01257,Goat,41.550116629158566,11.233771366127021,Amoxicillin,10.215995129911217,Injectable,Healthy,9.52
ANI_01258,Cattle,468.0173722111244,,Oxytetracycline,14.197293545582424,Injectable,Healthy,19.31
ANI_01259,Goat,51.3630387842268,8.710658114589105,Tylosin,13.32210137410922,Injectable,Healthy,17.46
ANI_01260,Sheep,40.77228227937664,14.88447808350341,Amoxicillin,13.038847087352535,Topical,Healthy,7.44
ANI_01261,Sheep,69.76373672979483,15.723498047748976,Tylosin,6.503620554013871,Injectable,Mild Infection,16.92
ANI_01262,Pig,123.31189790288256,3.9680806736108654,Oxytetracycline,21.167689551404436,Injectable,Healthy,19.62
ANI_01263,Cattle,400.01047077519,62.32323138732085,Tylosin,19.077023185487185,Injectable,Severe Infection,19.45
ANI_01264,Sheep,56.38276163906613,13.118992002799938,Penicillin,19.211361069635526,Injectable,Healthy,12.36
ANI_01265,Goat,38.24243180626841,10.720093882595902,Penicillin,10.046824770346145,Injectable,Healthy,8.53
ANI_01266,Goat,37.38681949449111,6.944476683703556,Oxytetracycline,15.070020322115463,Oral,Severe Infection,21.71
ANI_01267,Cattle,558.9503049877248,1.9339160306016794,Tylosin,15.090704172506543,Injectable,Mild Infection,14.64
ANI_01268,Pig,87.14447234200104,7.526876362778953,Tylosin,8.510422629603118,Injectable,Mild Infection,17.54
ANI_01269,Cattle,450.9476347468427,71.83595250691714,Amoxicillin,10.654563660741083,Injectable,Healthy,10.71
ANI_01270,Cattle,532.7072374877845,34.93304890915845,Amoxicillin,6.862449382997747,Injectable,Healthy,10.0
ANI_01271,Sheep,45.84228986944176,17.204062650618837,Amoxicillin,11.033255656445984,Oral,Severe Infection,13.53
ANI_01272,Sheep,57.31860860758237,11.169662619427841,Amoxicillin,8.251329284002644,Injectable,Healthy,13.22
ANI_01273,Goat,38.944178863745684,14.300431283959082,Penicillin,13.257106060565079,Oral,Healthy,4.76
ANI_01274,Cattle,387.48138982688386,51.061264998997004,Tylosin,16.392298537824605,Oral,Healthy,13.49
ANI_01275,Sheep,60.401190824365784,3.632543621796531,Amoxicillin,5.1407966328289065,Oral,Severe Infection,11.36
ANI_01276,Goat,36.342251685446435,13.202996068723182,Penicillin,20.083512247009075,Injectable,Severe Infection,16.16
ANI_01277,Cattle,529.9236461918441,44.90933086376347,Oxytetracycline,16.895738573090732,Topical,Severe Infection,18.06
ANI_01278,Goat,44.80586412116473,10.462699092564911,Oxytetracycline,21.1626831625643,Injectable,Severe Infection,23.42
ANI_01279,Pig,118.19566690202325,5.8206721569207325,Penicillin,16.14771509677525,Oral,Healthy,4.09
ANI_01280,Cattle,741.8777779313464,22.48286773340693,Amoxicillin,5.377473169674333,Oral,Mild Infection,8.03
ANI_01281,Cattle,631.4788491519017,49.39361146485746,Amoxicillin,12.52154892257666,Injectable,Healthy,13.34
ANI_01282,Sheep,60.08857703668895,8.557813709805485,Oxytetracycline,18.843082275731653,Oral,Mild Infection,17.35
ANI_01283,Sheep,79.73104868081904,14.885112516996193,Penicillin,17.4553547166581,Topical,Mild Infection,7.26
ANI_01284,Goat,36.95635276666919,9.153353845694777,Oxytetracycline,13.228339753751479,Injectable,Mild Infection,19.44
ANI_01285,Pig,126.77555940842124,2.479474998839982,Tylosin,15.812244747123735,Oral,Severe Infection,15.39
ANI_01286,Pig,89.78783001404841,8.527707679820242,Penicillin,13.339054548118565,Oral,Severe Infection,9.49
ANI_01287,Pig,89.54294825927425,4.534198383016445,Penicillin,10.53622591698797,Injectable,Healthy,9.47
ANI_01288,Goat,55.11423036403197,8.805841941764957,Amoxicillin,12.54282333035216,Injectable,Healthy,12.21
ANI_01289,Sheep,56.37532360240574,12.74196400127396,Amoxicillin,13.211261044851797,Injectable,Severe Infection,17.8
ANI_01290,Goat,39.80570803463979,14.442044009436056,Oxytetracycline,19.206427801147967,Oral,Severe Infection,18.9
ANI_01291,Pig,117.36888621191864,9.855625994877144,Tylosin,13.30144341745591,Injectable,Healthy,14.95
ANI_01292,Sheep,54.96349739624404,14.71207966186797,Oxytetracycline,20.385601647905425,Injectable,Mild Infection,22.56
ANI_01293,Cattle,419.8608729737411,24.633563866085943,Tylosin,5.796809362985017,Injectable,Severe Infection,17.3
ANI_01294,Pig,126.89708062361389,6.39593219994711,Amoxicillin,11.16110800415721,Injectable,Severe Infection,17.53
ANI_01295,Pig,95.60795811548853,3.9837400864463004,Penicillin,15.16842861981813,Injectable,Severe Infection,9.57
ANI_01296,Goat,38.90408337844846,9.195285392305427,Tylosin,5.972513281792868,Injectable,Mild Infection,14.54
ANI_01297,Goat,47.314076358352985,16.641607317069365,Penicillin,17.057510786345233,Injectable,Mild Infection,9.73
ANI_01298,Pig,71.92882740872675,5.8778053408646365,Penicillin,12.043504773185884,Injectable,Severe Infection,13.91
ANI_01299,Goat,37.91664373477969,13.482393655920845,Oxytetracycline,28.585613033716182,Injectable,Healthy,22.72
ANI_01300,Sheep,,9.874513932132086,Penicillin,14.821937169217067,Injectable,Mild Infection,10.38
ANI_01301,Cattle,522.505788525794,36.73395081421098,Tylosin,9.968207219346821,Injectable,Mild Infection,16.27
ANI_01302,Cattle,400.8472958895368,41.21924465013692,Amoxicillin,5.912448413042553,Oral,Mild Infection,6.51
ANI_01303,Sheep,78.10302610004162,13.597077630456702,Amoxicillin,12.90407475882988,Oral,Severe Infection,12.01
ANI_01304,Pig,84.1021270599662,8.841236585548016,Oxytetracycline,21.612395209647076,Injectable,Severe Infection,24.06
ANI_01305,Sheep,63.53006180546495,5.095060863951733,Oxytetracycline,14.280142263477485,Injectable,Severe Infection,20.16
ANI_01306,Goat,37.862900112465965,14.641683743765245,Oxytetracycline,10.235301887339954,Topical,Healthy,13.31
ANI_01307,Pig,104.97674157502757,,Amoxicillin,11.801096984332773,Injectable,Severe Infection,16.42
ANI_01308,Goat,41.33188218061718,5.536094665131777,Tylosin,11.770050877311458,Injectable,Healthy,13.46
ANI_01309,Pig,146.46533968909455,5.257886570399229,Penicillin,22.452744499265407,Injectable,Severe Infection,13.92
ANI_01310,Goat,24.543478731840324,11.310015862410175,Amoxicillin,5.986573767328091,Injectable,Severe Infection,13.49
ANI_01311,Goat,38.540824100939545,20.09947576198339,Amoxicillin,14.782694859989881,Injectable,Mild Infection,13.22
ANI_01312,Goat,47.082050566927684,11.18990801012367,Amoxicillin,14.979151344122878,Oral,Severe Infection,13.51
ANI_01313,Goat,42.23452673418004,11.276666462404592,Oxytetracycline,16.189631583897338,Oral,Severe Infection,20.85
ANI_01314,Goat,54.6604899228481,12.9202416175336,Tylosin,8.798680445603761,Injectable,Mild Infection,13.8
ANI_01315,Goat,36.04638760669836,,Tylosin,8.490953628050804,Injectable,Healthy,15.9
ANI_01316,Goat,39.798490531764166,8.48014259191036,Tylosin,16.79551078942547,Injectable,Healthy,16.29
ANI_01317,Goat,31.129469429707637,12.813415033619991,Amoxicillin,12.047958361321866,Injectable,Healthy,11.59
ANI_01318,Pig,117.55652062478252,11.36101774326649,Amoxicillin,11.89229736362952,Topical,Mild Infection,7.65
ANI_01319,Sheep,51.91811341751862,11.004609124035882,Amoxicillin,11.337790395432506,Oral,Healthy,7.99
ANI_01320,Goat,48.969505140559235,12.029398301858999,Tylosin,11.971763089062513,Oral,Healthy,13.18
ANI_01321,Sheep,73.61607236316752,12.226681176286688,Penicillin,21.652904903474223,Injectable,Healthy,12.27
ANI_01322,Pig,118.93154007146774,5.372542553880304,Amoxicillin,14.75604968589112,Oral,Severe Infection,12.82
ANI_01323,Pig,141.95390378010654,7.194606733663038,Tylosin,13.180442782004626,Oral,Severe Infection,19.29
ANI_01324,Pig,101.5929916522785,4.47428911560689,Tylosin,7.934994434380137,Injectable,Healthy,13.45
ANI_01325,Goat,53.84137443988497,17.690241315370056,Penicillin,12.309611946157435,Injectable,Healthy,10.78
ANI_01326,Cattle,,42.49431608760517,Oxytetracycline,11.64466443021201,Injectable,Severe Infection,24.08
ANI_01327,Sheep,81.67245973132995,7.557346920195025,Tylosin,9.910650201730988,Injectable,Healthy,15.3
ANI_01328,Pig,108.98867031894524,5.489483686675607,Penicillin,11.243907287645891,Oral,Healthy,7.06
ANI_01329,Cattle,361.14897510827586,25.29019177040875,Amoxicillin,10.007349061441984,Injectable,Severe Infection,12.43
ANI_01330,Pig,88.4203156012019,4.496244948824985,Amoxicillin,11.770819719511081,Oral,Severe Infection,15.07
ANI_01331,Cattle,336.4321030999778,32.770373380905085,Penicillin,15.554802631757834,Topical,Mild Infection,6.86
ANI_01332,Cattle,460.0173265713473,22.845605717189738,Oxytetracycline,17.210658357032955,Injectable,Severe Infection,20.75
ANI_01333,Sheep,63.41559473447963,13.57651558356844,Penicillin,11.983172842304494,Injectable,Mild Infection,10.52
ANI_01334,Cattle,671.8363995763875,20.566997400480616,Amoxicillin,11.946717295969576,Injectable,Healthy,10.67
ANI_01335,Cattle,517.1409795903505,43.04517511560355,Penicillin,14.827699528019805,Injectable,Healthy,9.43
ANI_01336,Goat,36.89145423607037,5.401548282265546,Penicillin,10.525974235280781,Injectable,Mild Infection,12.18
ANI_01337,Cattle,602.7045852177761,28.4301480731107,Tylosin,11.475992357642738,Injectable,Mild Infection,17.43
ANI_01338,Pig,41.13716869056533,2.17333549970214,Penicillin,16.63736970502056,Injectable,Healthy,11.43
ANI_01339,Sheep,76.6675312854367,13.22888417718276,Oxytetracycline,24.1187323542324,Injectable,Mild Infection,25.08
ANI_01340,Goat,43.01810607473781,13.834219896075684,Tylosin,6.065101703338828,Injectable,Healthy,16.11
ANI_01341,Cattle,512.8451067246293,28.904344333452652,Amoxicillin,9.27840570627053,Injectable,Mild Infection,11.93
ANI_01342,Cattle,473.49350031114204,53.38094004146868,Penicillin,21.509174515804723,Injectable,Healthy,12.25
ANI_01343,Cattle,458.8918382321516,44.858327511099255,Amoxicillin,6.592830373494585,Injectable,Severe Infection,11.97
ANI_01344,Goat,29.408391326243496,8.123397069042694,Penicillin,22.874370033296593,Injectable,Mild Infection,12.97
ANI_01345,Pig,115.75862504992105,6.9227270421601865,Penicillin,16.511066227239706,Topical,Healthy,5.7
ANI_01346,Goat,45.69985411547044,14.894329143640228,Amoxicillin,14.009634960387638,Oral,Healthy,8.71
ANI_01347,Pig,93.23486711505846,8.429016023555608,Tylosin,19.86202033918907,Topical,Healthy,14.85
ANI_01348,Cattle,366.9773744358662,36.888048143314386,Oxytetracycline,12.790535611193386,Injectable,Healthy,19.06
ANI_01349,Goat,44.89666000643026,10.32585706664205,Tylosin,15.502823889410795,Oral,Healthy,15.62
ANI_01350,Goat,47.64563176891094,14.466381544458228,Amoxicillin,14.112561518342881,Injectable,Healthy,10.44
ANI_01351,Sheep,63.737748749022394,14.234875348749512,Tylosin,18.031358458048807,Injectable,Mild Infection,19.64
ANI_01352,Sheep,62.3604306382437,15.124315924861094,Oxytetracycline,27.485931204443485,Injectable,Healthy,21.15
ANI_01353,Pig,,2.9839712547343433,Amoxicillin,14.02776047764545,Injectable,Healthy,12.26
ANI_01354,Pig,,11.307449750732701,Amoxicillin,12.424575642135565,Injectable,Healthy,13.65
ANI_01355,Cattle,493.2694330032284,42.61982722294889,Tylosin,16.3264095094722,Injectable,Healthy,14.19
ANI_01356,Cattle,,41.319491119289104,Amoxicillin,13.269490250841109,Oral,Healthy,9.26
ANI_01357,Sheep,58.89467092513212,14.830345829942244,Oxytetracycline,20.77638734499338,Injectable,Healthy,23.19
ANI_01358,Goat,26.352327240874118,20.476961548915803,Amoxicillin,6.39187802757987,Injectable,Severe Infection,12.97
ANI_01359,Pig,87.21187928250957,4.766334798045665,Amoxicillin,6.815079616214955,Injectable,Mild Infection,12.95
ANI_01360,Sheep,69.43715505756045,10.263870944923951,Tylosin,9.467710225400328,Injectable,Healthy,16.91
ANI_01361,Goat,46.51573386198805,8.289959261160561,Tylosin,6.02522557172292,Injectable,Mild Infection,15.64
ANI_01362,Pig,103.89910184824375,3.710821449320448,Tylosin,11.646138994001731,Injectable,Mild Infection,15.54
ANI_01363,Cattle,676.979073283711,50.9816164730731,Oxytetracycline,20.761590857481085,Topical,Healthy,13.93
ANI_01364,Sheep,63.32372333223985,15.11450945856863,Penicillin,13.466333832018528,Injectable,Severe Infection,12.34
ANI_01365,Cattle,337.8489908411167,19.92297295576793,Tylosin,11.836037210127271,Oral,Mild Infection,13.96
ANI_01366,Cattle,389.52253263584834,16.931425372639964,Tylosin,8.148977475102265,Oral,Mild Infection,14.66
ANI_01367,Pig,90.67137175277455,5.1501463288860805,Tylosin,16.657417943083924,Injectable,Healthy,15.73
ANI_01368,Cattle,344.84625790318734,34.270973154570065,Tylosin,5.23049376102085,Injectable,Severe Infection,19.41
ANI_01369,Goat,,13.69919725390714,Amoxicillin,11.465350987807327,Oral,Mild Infection,11.08
ANI_01370,Cattle,427.65133775802,55.573381169467,Oxytetracycline,14.537410326629882,Oral,Healthy,15.08
ANI_01371,Sheep,57.37092802125034,3.223638400955009,Tylosin,13.960239514667796,Oral,Mild Infection,16.44
ANI_01372,Cattle,473.68387279401736,45.35025092400964,Penicillin,13.03701313143625,Injectable,Healthy,10.94
ANI_01373,Sheep,70.3436009801456,15.846000377215873,Amoxicillin,5.8504362130607115,Injectable,Severe Infection,13.49
ANI_01374,Sheep,72.88433622503389,11.371595080041965,Oxytetracycline,16.817530791678728,Injectable,Severe Infection,23.26
ANI_01375,Goat,,9.077132879605404,Amoxicillin,13.372399995154593,Injectable,Mild Infection,12.18
ANI_01376,Goat,28.4582817119783,10.102212034022084,Penicillin,22.498141853653934,Injectable,Mild Infection,13.35
ANI_01377,Goat,32.36461520286472,14.563553298054483,Penicillin,16.446180716135,Injectable,Severe Infection,13.44
ANI_01378,Pig,99.8168192293069,5.0832238462926265,Tylosin,18.871212137965426,Injectable,Mild Infection,17.34
ANI_01379,Cattle,468.329255572573,25.47336016935728,Amoxicillin,7.554282810460905,Injectable,Healthy,11.92
ANI_01380,Sheep,60.07560180394133,16.661409530208466,Penicillin,17.070521652594962,Oral,Mild Infection,8.94
ANI_01381,Goat,42.13582071897327,16.34071139268927,Oxytetracycline,27.781847964979203,Injectable,Healthy,17.64
ANI_01382,Cattle,501.8252460856113,57.19748695845074,Penicillin,12.01646624253601,Oral,Healthy,7.52
ANI_01383,Sheep,52.45468645985457,10.76402492651805,Penicillin,17.59751801555388,Oral,Severe Infection,8.26
ANI_01384,Goat,43.44807753704061,13.89884390959466,Amoxicillin,8.04110007342837,Oral,Mild Infection,9.33
ANI_01385,Sheep,58.19014133985678,14.49363189598011,Oxytetracycline,11.615584277486873,Injectable,Healthy,20.92
ANI_01386,Pig,67.27193961587031,7.693851162425361,Penicillin,11.198405316870414,Oral,Healthy,5.82
ANI_01387,Cattle,627.2757536635382,17.051518666584855,Oxytetracycline,13.057742312959963,Injectable,Severe Infection,22.38
ANI_01388,Pig,,,Penicillin,16.17673041228662,Injectable,Mild Infection,14.35
ANI_01389,Pig,77.33663008255878,,Penicillin,23.35172704464714,Injectable,Severe Infection,15.48
ANI_01390,Goat,32.175815811819454,5.2529689382017875,Tylosin,5.380572320634734,Injectable,Mild Infection,16.68
ANI_01391,Cattle,670.6219308025395,14.82613236411715,Tylosin,18.09423095613503,Injectable,Severe Infection,19.2
ANI_01392,Pig,119.21864357216523,6.0983958756215255,Tylosin,14.925125910762954,Oral,Healthy,11.95
ANI_01393,Sheep,55.99741859052828,12.652776098620668,Penicillin,23.936745290369885,Injectable,Healthy,12.35
ANI_01394,Cattle,438.3928784663676,32.604284676231,Tylosin,15.535942138106403,Injectable,Severe Infection,20.91
ANI_01395,Goat,25.70551022549054,23.566634772303573,Amoxicillin,8.539058262568588,Oral,Healthy,8.65
ANI_01396,Sheep,48.74802172262277,16.784418542031666,Tylosin,11.721930491977393,Injectable,Healthy,16.02
ANI_01397,Goat,54.22615391443581,,Penicillin,18.88285270643827,Oral,Healthy,7.35
ANI_01398,Goat,46.87704629483877,16.584727612197756,Penicillin,19.21964228402329,Injectable,Healthy,12.79
ANI_01399,Cattle,562.1390336538301,33.54381158255859,Penicillin,20.4798547012186,Injectable,Severe Infection,15.71
ANI_01400,Sheep,43.95294990202188,10.686237050684744,Oxytetracycline,28.973123154131297,Injectable,Mild Infection,22.64
ANI_01401,Sheep,61.97423047692582,3.0988163888928977,Penicillin,20.136201405207657,Oral,Mild Infection,10.29
ANI_01402,Goat,41.61390923836835,1,Oxytetracycline,21.329332119592685,Topical,Mild Infection,14.98
ANI_01403,Cattle,584.8298179304868,43.779031875910434,Penicillin,24.177846416905098,Injectable,Severe Infection,13.46
ANI_01404,Pig,112.76373997697146,6.9454979469513916,Tylosin,15.685910427093825,Oral,Mild Infection,14.18
ANI_01405,Goat,28.743611752008434,5.175747677607595,Penicillin,12.50257351631252,Oral,Healthy,8.54
ANI_01406,Sheep,65.66602148392725,15.847225890042479,Amoxicillin,5.8897553586933835,Injectable,Mild Infection,13.61
ANI_01407,Goat,40.94412771286325,3.601713429678764,Oxytetracycline,20.646954559092578,Oral,Healthy,17.72
ANI_01408,Sheep,57.66791501793606,2.294729706165066,Amoxicillin,7.738425190992592,Injectable,Healthy,12.39
ANI_01409,Goat,31.441767655126796,5.838355744198609,Oxytetracycline,22.360750493539143,Oral,Severe Infection,20.23
ANI_01410,Pig,130.40183481982203,6.8445832625267915,Penicillin,21.918284416325584,Injectable,Healthy,11.49
ANI_01411,Cattle,614.1558732276723,23.307557917172932,Amoxicillin,13.262691498625811,Injectable,Healthy,12.92
ANI_01412,Goat,36.995928154884005,,Penicillin,17.98495903880654,Injectable,Mild Infection,11.86
ANI_01413,Goat,54.85981767436584,4.905123501643028,Amoxicillin,13.766052783705984,Oral,Mild Infection,10.64
ANI_01414,Pig,115.596572815101,4.93839904241023,Oxytetracycline,22.684559976272297,Injectable,Mild Infection,20.08
ANI_01415,Cattle,388.29904377696744,10.030358795843995,Penicillin,22.769233183247962,Oral,Severe Infection,11.31
ANI_01416,Sheep,69.55935822330763,10.020039204367738,Amoxicillin,13.999832768786542,Oral,Mild Infection,9.28
ANI_01417,Pig,92.71419808215178,10.050182166983905,Tylosin,10.20140107880103,Topical,Mild Infection,11.13
ANI_01418,Pig,94.48320080207087,6.701150915225089,Penicillin,12.69450739558211,Injectable,Severe Infection,13.68
ANI_01419,Cattle,593.7614843509598,30.110495692540727,Tylosin,16.427078824324287,Oral,Healthy,13.06
ANI_01420,Sheep,,12.768457068314675,Oxytetracycline,23.869338119280542,Injectable,Healthy,20.72
ANI_01421,Goat,40.31047200363842,,Amoxicillin,5.307865688607466,Injectable,Mild Infection,13.02
ANI_01422,Cattle,526.7475388898062,21.251965674066643,Penicillin,19.601355948792552,Injectable,Mild Infection,13.86
ANI_01423,Goat,32.46547982842136,13.232509857344535,Amoxicillin,7.6518087513032285,Injectable,Healthy,10.42
ANI_01424,Goat,47.54878221018357,18.0377962016106,Tylosin,16.330083942559583,Topical,Healthy,8.1
ANI_01425,Goat,31.905750594217327,10.687739183222021,Oxytetracycline,24.20775294876596,Topical,Mild Infection,16.62
ANI_01426,Sheep,61.214610641995456,8.885304594811814,Oxytetracycline,18.825756055998866,Injectable,Healthy,22.6
ANI_01427,Cattle,483.44646103523235,45.533979489075726,Oxytetracycline,18.471716537581578,Injectable,Mild Infection,21.71
ANI_01428,Cattle,513.5428834719957,25.368855534420742,Penicillin,19.415991033433986,Injectable,Mild Infection,12.79
ANI_01429,Sheep,58.951003622098774,16.208807630697734,Penicillin,14.191636333538414,Injectable,Mild Infection,12.32
ANI_01430,Pig,93.33904758048955,5.710822566027891,Tylosin,10.26715535835218,Injectable,Healthy,16.85
ANI_01431,Goat,44.41274411232413,13.210707573691895,Amoxicillin,14.01741676040642,Oral,Mild Infection,11.11
ANI_01432,Cattle,487.16017340823913,24.61650587776284,Oxytetracycline,16.052445701637772,Injectable,Severe Infection,21.99
ANI_01433,Pig,106.19063860608476,7.4034201159541855,Penicillin,13.067000802963634,Injectable,Mild Infection,11.29
ANI_01434,Sheep,62.1416894113175,7.729432946669698,Oxytetracycline,22.084790206642847,Injectable,Mild Infection,20.35
ANI_01435,Sheep,52.62244753167118,4.198351193370373,Penicillin,20.606809209165714,Oral,Healthy,5.52
ANI_01436,Pig,116.51847166061306,5.952889199558491,Oxytetracycline,12.636732356070283,Oral,Healthy,15.48
ANI_01437,Cattle,522.1770782441386,19.405248968729545,Amoxicillin,6.160534593845689,Injectable,Healthy,10.37
ANI_01438,Pig,103.53524206500528,6.9880800384248,Tylosin,11.824404760895165,Injectable,Healthy,16.8
ANI_01439,Cattle,353.7116062260568,41.17751949272659,Penicillin,10.700467268276697,Topical,Mild Infection,5.89
ANI_01440,Sheep,63.47397486434762,8.997276051793378,Penicillin,18.487269892892023,Injectable,Severe Infection,15.54
ANI_01441,Pig,67.29604980031502,2.8901023531317014,Amoxicillin,6.6988667480662,Injectable,Severe Infection,16.43
ANI_01442,Pig,94.00245051006776,5.453957565168144,Penicillin,22.94011105497834,Topical,Severe Infection,9.99
ANI_01443,Cattle,629.3369887485671,,Amoxicillin,6.333886170932596,Injectable,Healthy,11.75
ANI_01444,Sheep,74.92952622753828,6.657723921194219,Amoxicillin,12.290134212929686,Injectable,Mild Infection,12.34
ANI_01445,Cattle,573.6413744536013,28.35052170818864,Amoxicillin,9.330745051445652,Topical,Healthy,6.25
ANI_01446,Goat,46.61137859353413,10.667382671690815,Penicillin,21.332419855213224,Injectable,Healthy,9.19
ANI_01447,Goat,35.1469533814229,11.901125773506907,Amoxicillin,13.175324159581207,Oral,Healthy,8.95
ANI_01448,Sheep,61.016300535334246,,Oxytetracycline,15.077680219221364,Injectable,Mild Infection,21.52
ANI_01449,Sheep,48.42250754136201,12.597220964901766,Amoxicillin,9.525645034355826,Oral,Healthy,8.12
ANI_01450,Pig,,6.396592067428907,Penicillin,15.97962002794576,Injectable,Healthy,14.43
ANI_01451,Goat,38.53758054074906,8.510800711757966,Amoxicillin,8.053814819684638,Injectable,Healthy,10.92
ANI_01452,Goat,45.32702258965112,17.085333758340397,Tylosin,10.475685402141703,Injectable,Mild Infection,16.24
ANI_01453,Cattle,361.3231789162314,34.661596605677914,Oxytetracycline,22.54751008870724,Oral,Healthy,17.34
ANI_01454,Cattle,539.530725264933,27.712697502200122,Oxytetracycline,20.90016831447881,Injectable,Healthy,21.59
ANI_01455,Goat,,11.799738567078009,Penicillin,22.92660759684032,Injectable,Healthy,12.07
ANI_01456,Sheep,48.713654856207924,,Oxytetracycline,16.142999003799044,Injectable,Severe Infection,22.08
ANI_01457,Goat,41.6956642160125,9.207118715113683,Oxytetracycline,16.727374237674194,Oral,Healthy,16.36
ANI_01458,Sheep,60.37553076660563,19.00454238965777,Oxytetracycline,13.653260977140274,Oral,Healthy,15.18
ANI_01459,Cattle,536.5763030757137,49.958757061689326,Oxytetracycline,17.782460192300604,Oral,Healthy,19.75
ANI_01460,Sheep,,17.707869617641638,Tylosin,12.23807611200009,Injectable,Healthy,14.02
ANI_01461,Cattle,523.3302106564378,53.45526646882636,Oxytetracycline,20.940562928488955,Injectable,Healthy,19.94
ANI_01462,Goat,35.3797258878463,13.363526637846242,Amoxicillin,8.409164091920903,Topical,Healthy,7.38
ANI_01463,Goat,36.34452128692205,8.130875558821506,Amoxicillin,8.352231802135716,Oral,Severe Infection,12.41
ANI_01464,Goat,36.00103172395974,6.331693768312711,Penicillin,12.115896992384457,Injectable,Mild Infection,13.5
ANI_01465,Sheep,61.191908130075916,9.083854287893848,Oxytetracycline,25.12955357680825,Oral,Mild Infection,22.04
ANI_01466,Pig,110.80035603446282,5.4481795751959385,Amoxicillin,13.514386963311143,Injectable,Severe Infection,14.58
ANI_01467,Pig,116.68525515779073,7.04369674405176,Tylosin,6.822667543064993,Injectable,Mild Infection,15.4
ANI_01468,Cattle,637.7335029528342,36.85942071252336,Tylosin,19.29766307394709,Injectable,Mild Infection,18.39
ANI_01469,Pig,119.16783903234227,9.211222766483754,Penicillin,18.472191716292734,Oral,Severe Infection,12.14
ANI_01470,Pig,105.47822173694358,7.144200416601975,Tylosin,11.480371994506125,Oral,Healthy,11.15
ANI_01471,Pig,81.08456707853445,,Penicillin,21.315639332873644,Injectable,Healthy,10.55
ANI_01472,Pig,65.9042818841977,6.822287066639286,Penicillin,23.761387792067517,Injectable,Mild Infection,11.6
ANI_01473,Pig,108.8797164312106,5.438982830751061,Amoxicillin,12.151056136180891,Oral,Healthy,10.92
ANI_01474,Pig,123.82346089880191,5.3930244810031285,Amoxicillin,13.997596153682574,Injectable,Mild Infection,16.59
ANI_01475,Pig,101.45254776358806,8.879801112713622,Penicillin,11.96102109186775,Injectable,Severe Infection,14.74
ANI_01476,Pig,76.97546684985711,5.038446876990793,Penicillin,21.83029643847136,Oral,Severe Infection,14.07
ANI_01477,Cattle,580.664311672275,33.2588169472037,Penicillin,13.584798816335148,Injectable,Healthy,9.78
ANI_01478,Goat,39.47110084838394,10.99146635599568,Tylosin,5.748837284950686,Injectable,Mild Infection,15.17
ANI_01479,Sheep,38.61011106386262,11.213948342295325,Amoxicillin,9.183689101320072,Injectable,Mild Infection,13.8
ANI_01480,Cattle,534.6527018313001,31.861802971121513,Amoxicillin,9.006578484379533,Injectable,Mild Infection,16.35
ANI_01481,Pig,81.22013607541665,7.852349053370275,Tylosin,6.502539893559948,Oral,Healthy,9.29
ANI_01482,Pig,65.90448511543912,4.515831810154446,Amoxicillin,6.7499682875058395,Oral,Healthy,8.22
ANI_01483,Pig,115.44459866966582,5.1328719344729015,Oxytetracycline,29.972228540749086,Oral,Severe Infection,24.32
ANI_01484,Cattle,553.289172022704,42.1085536640888,Tylosin,5.3174572097305735,Injectable,Mild Infection,16.65
ANI_01485,Cattle,429.86223947775443,,Oxytetracycline,22.337681439327895,Injectable,Healthy,18.11
ANI_01486,Goat,41.44696889185946,9.217806662032508,Amoxicillin,12.292664058366334,Injectable,Mild Infection,13.26
ANI_01487,Sheep,74.685022718854,13.526898979387306,Amoxicillin,14.28008741774554,Oral,Healthy,7.88
ANI_01488,Sheep,47.87342867376687,8.082990667982532,Penicillin,15.183713100230463,Topical,Severe Infection,9.26
ANI_01489,Sheep,70.58474772118964,13.176670152006409,Amoxicillin,6.174620727963839,Oral,Severe Infection,10.72
ANI_01490,Cattle,667.7200509966096,23.207539645375277,Oxytetracycline,16.22811290089756,Injectable,Healthy,20.7
ANI_01491,Goat,54.06954269563891,19.30976776445518,Amoxicillin,9.104931145413417,Oral,Healthy,9.28
ANI_01492,Goat,33.868268551841695,9.352254364946496,Oxytetracycline,19.504549340034806,Injectable,Mild Infection,19.93
ANI_01493,Cattle,634.785758726249,,Penicillin,14.38919091135198,Oral,Mild Infection,7.68
ANI_01494,Cattle,313.32994131960584,37.04527463167165,Amoxicillin,13.579952227273587,Topical,Severe Infection,9.53
ANI_01495,Pig,127.61853127602595,6.070284449241744,Oxytetracycline,26.782432062123295,Injectable,Healthy,21.05
ANI_01496,Cattle,589.1700581069575,30.91747999931064,Penicillin,19.510757624600792,Injectable,Mild Infection,10.09
ANI_01497,Cattle,471.74166168830163,30.92810365659454,Amoxicillin,7.212215141822992,Injectable,Healthy,11.28
ANI_01498,Goat,31.495709817170255,18.900154359192065,Amoxicillin,12.281044923677424,Oral,Healthy,9.58
ANI_01499,Cattle,334.3395081515608,58.371244414628066,Oxytetracycline,22.831405911301996,Oral,Severe Infection,23.04
ANI_01500,Sheep,,7.265834516756304,Penicillin,15.454416231567354,Injectable,Healthy,9.74
ANI_01501,Sheep,63.40089411463904,9.680969766398203,Amoxicillin,5.517454796691012,Topical,Severe Infection,9.15
ANI_01502,Pig,91.87779285953194,7.429487078335414,Penicillin,14.643297541039761,Injectable,Mild Infection,10.53
ANI_01503,Pig,111.4558272441925,7.044677260944372,Tylosin,9.357224084134154,Oral,Healthy,12.17
ANI_01504,Sheep,58.12669690178699,14.45056377035083,Amoxicillin,14.195306289128325,Injectable,Healthy,13.15
ANI_01505,Sheep,58.017252832856784,12.542932170348408,Amoxicillin,6.726574010975898,Injectable,Mild Infection,12.56
ANI_01506,Goat,38.70586175067465,9.714197581382994,Penicillin,24.60289827755878,Oral,Severe Infection,14.14
ANI_01507,Sheep,63.807558457479324,18.182694902346647,Tylosin,6.800041244253321,Oral,Severe Infection,11.78
ANI_01508,Goat,43.86026967856948,12.182517319951456,Amoxicillin,11.296726518598874,Oral,Severe Infection,12.44
ANI_01509,Pig,122.44264644460952,6.85760143554852,Tylosin,19.05160924284503,Injectable,Healthy,15.37
ANI_01510,Cattle,633.5570455536756,29.210117875755863,Amoxicillin,5.001577445780567,Oral,Healthy,7.02
ANI_01511,Sheep,65.31797398480623,4.8791593207362896,Oxytetracycline,17.959145545915383,Injectable,Healthy,19.09
ANI_01512,Pig,103.14291567405068,5.245198071893035,Oxytetracycline,27.914383494960028,Injectable,Healthy,20.92
ANI_01513,Pig,133.73302707335796,4.619718324902211,Penicillin,21.344976797202385,Injectable,Healthy,11.02
ANI_01514,Cattle,651.4280735720483,20.556233228630866,Tylosin,18.79405129132155,Injectable,Severe Infection,20.49
ANI_01515,Goat,42.70260732745591,13.43171079993953,Amoxicillin,7.309403592207337,Topical,Severe Infection,11.17
ANI_01516,Cattle,460.6648875177127,,Amoxicillin,10.655643255679543,Injectable,Healthy,9.99
ANI_01517,Pig,110.63850642737707,4.855425254811395,Tylosin,11.241053533299201,Injectable,Healthy,14.63
ANI_01518,Goat,32.74138752502188,9.974665749875097,Tylosin,9.086696616632475,Injectable,Healthy,15.86
ANI_01519,Pig,117.65972410923581,7.03311408959967,Tylosin,17.69523169799635,Oral,Severe Infection,17.09
ANI_01520,Pig,102.29690180555507,5.071056120287308,Penicillin,12.94323476755443,Topical,Severe Infection,10.21
ANI_01521,Pig,94.63754581964304,5.114665078713526,Oxytetracycline,25.03597889037417,Injectable,Severe Infection,24.33
ANI_01522,Sheep,53.631235257935664,11.352247413746953,Oxytetracycline,28.34043423761113,Oral,Healthy,19.92
ANI_01523,Cattle,500.9524157933608,34.236276215434344,Oxytetracycline,12.143133938538469,Injectable,Healthy,20.97
ANI_01524,Goat,,13.515535151211344,Penicillin,14.754179329533782,Injectable,Mild Infection,11.46
ANI_01525,Goat,41.28892767084942,18.1485512435272,Tylosin,18.919535926805672,Injectable,Healthy,17.41
ANI_01526,Cattle,479.85800999230264,,Penicillin,22.71417061323474,Topical,Severe Infection,9.91
ANI_01527,Cattle,464.42034220701225,40.41723177788175,Oxytetracycline,11.41629402771529,Oral,Healthy,17.86
ANI_01528,Sheep,41.40336959450202,5.315250668413469,Oxytetracycline,16.185377575843795,Topical,Healthy,17.56
ANI_01529,Sheep,70.43713353276131,12.486269950850597,Oxytetracycline,20.87087829298884,Injectable,Mild Infection,22.51
ANI_01530,Pig,91.29503605989663,8.004538545237025,Penicillin,16.799496079698145,Injectable,Mild Infection,11.4
ANI_01531,Sheep,55.01401964325826,8.94823726667154,Amoxicillin,8.29815808856361,Injectable,Healthy,13.11
ANI_01532,Cattle,572.71679888921,23.6796749031086,Amoxicillin,10.644418416538134,Injectable,Severe Infection,15.34
ANI_01533,Goat,44.65602683542893,12.793766114123422,Amoxicillin,9.283427944349604,Oral,Mild Infection,9.29
ANI_01534,Goat,46.63319228047634,11.577127901195611,Oxytetracycline,27.50658165275816,Injectable,Healthy,21.88
ANI_01535,Pig,109.01945621503415,8.945260501326116,Amoxicillin,11.255895834697526,Injectable,Healthy,11.39
ANI_01536,Sheep,55.953041431366735,5.1540460585402394,Oxytetracycline,14.890149946888505,Injectable,Mild Infection,21.29
ANI_01537,Cattle,453.4127057826715,30.570621530596718,Amoxicillin,13.730356015261368,Oral,Mild Infection,11.77
ANI_01538,Cattle,623.2328605214664,,Amoxicillin,13.475647962784947,Injectable,Severe Infection,17.47
ANI_01539,Pig,99.57197004181604,5.965439727877408,Amoxicillin,12.227620328396966,Injectable,Healthy,13.01
ANI_01540,Cattle,443.1123024802631,43.02085613260898,Amoxicillin,12.599971583309685,Injectable,Healthy,12.81
ANI_01541,Goat,38.53044826898726,,Penicillin,24.83611698210557,Injectable,Mild Infection,12.58
ANI_01542,Goat,56.067784087853596,16.88569437356781,Amoxicillin,11.079711675981624,Injectable,Healthy,10.6
ANI_01543,Cattle,509.19260370072266,38.98718527152321,Amoxicillin,6.7517486370418105,Oral,Mild Infection,12.75
ANI_01544,Goat,36.95444300963926,10.224706081234672,Tylosin,12.311607106396826,Injectable,Healthy,12.5
ANI_01545,Sheep,58.161694196798784,9.132502917150102,Penicillin,12.30961526748526,Oral,Mild Infection,10.55
ANI_01546,Sheep,45.90784201975487,16.025933319961137,Amoxicillin,12.532134387388773,Injectable,Healthy,12.36
ANI_01547,Cattle,483.82856838193953,,Amoxicillin,11.055292748912722,Injectable,Healthy,10.2
ANI_01548,Pig,99.24872981267617,4.549144513633209,Oxytetracycline,24.28243054804611,Oral,Mild Infection,18.92
ANI_01549,Cattle,698.0651046695621,,Penicillin,13.500931775926102,Oral,Mild Infection,8.72
ANI_01550,Pig,112.714530528811,4.995608416552343,Tylosin,15.19262034104833,Injectable,Severe Infection,18.05
ANI_01551,Pig,63.48388516214022,8.00454207135122,Tylosin,8.488919554457755,Oral,Healthy,11.55
ANI_01552,Sheep,84.01583661030352,10.199380320629087,Penicillin,20.237185993552927,Topical,Mild Infection,3.18
ANI_01553,Cattle,649.6756785990474,35.069903866244566,Amoxicillin,9.854958911658725,Injectable,Healthy,10.56
ANI_01554,Cattle,475.92756960109494,34.34710681130906,Oxytetracycline,29.37227630691859,Injectable,Mild Infection,20.7
ANI_01555,Goat,38.706560582284034,11.11978597051322,Amoxicillin,14.70076618910001,Oral,Healthy,10.89
ANI_01556,Sheep,66.76994097375054,5.35710201955993,Oxytetracycline,21.222202175368015,Injectable,Mild Infection,22.97
ANI_01557,Sheep,74.51705880776824,10.038806358957673,Penicillin,11.496445060572004,Oral,Severe Infection,9.84
ANI_01558,Cattle,,23.969452411325733,Amoxicillin,8.907503477090932,Injectable,Mild Infection,14.67
ANI_01559,Cattle,473.2238863954408,6.776813136104813,Penicillin,24.848012260568403,Oral,Mild Infection,9.63
ANI_01560,Sheep,46.15481980575004,10.134203232372522,Tylosin,5.171490150083061,Oral,Mild Infection,11.93
ANI_01561,Sheep,43.25772850908031,11.169753735122923,Amoxicillin,13.912294410314674,Injectable,Severe Infection,19.88
ANI_01562,Sheep,,4.98080845851502,Tylosin,14.385007709473896,Injectable,Severe Infection,20.67
ANI_01563,Sheep,67.74656635890075,17.945584173313506,Tylosin,15.195126967109523,Injectable,Mild Infection,14.76
ANI_01564,Cattle,392.48969518832445,35.21833997125334,Tylosin,19.54024421629738,Injectable,Healthy,16.6
ANI_01565,Goat,45.11300610782795,14.613914624874933,Amoxicillin,6.126071490393118,Injectable,Healthy,11.07
ANI_01566,Goat,40.19184015212474,17.844102489356388,Amoxicillin,6.501536441838752,Topical,Healthy,5.98
ANI_01567,Cattle,457.97317258891445,60.744613836082316,Tylosin,17.18049939538991,Injectable,Healthy,16.2
ANI_01568,Cattle,450.33489478717536,30.778717792654334,Tylosin,9.907874087433694,Injectable,Mild Infection,16.92
ANI_01569,Sheep,54.75182803707135,13.619462771854439,Penicillin,16.95744597724948,Injectable,Severe Infection,13.52
ANI_01570,Pig,123.04697277923852,6.564013973512122,Tylosin,10.331741953707176,Injectable,Mild Infection,15.61
ANI_01571,Cattle,335.67989201434136,,Penicillin,14.272005613743262,Oral,Healthy,7.44
ANI_01572,Goat,42.602075985836656,10.816112827150956,Tylosin,13.612429994143744,Oral,Mild Infection,14.49
ANI_01573,Pig,113.08047948462962,4.494189209144121,Penicillin,16.77004049108933,Injectable,Healthy,11.12
ANI_01574,Cattle,516.5859026798673,50.42917086935472,Amoxicillin,6.562613398113556,Oral,Severe Infection,9.46
ANI_01575,Sheep,35.27554341905652,15.125869656989801,Amoxicillin,7.687970961669776,Injectable,Mild Infection,13.89
ANI_01576,Pig,106.70634512794615,8.854017805398122,Amoxicillin,8.66667177874633,Topical,Healthy,6.86
ANI_01577,Cattle,697.3898578442584,31.497369238393226,Oxytetracycline,26.644515610087574,Injectable,Healthy,24.46
ANI_01578,Goat,31.87534896279564,5.644480320779801,Amoxicillin,14.54889710009258,Oral,Severe Infection,13.78
ANI_01579,Sheep,66.64052953305583,9.960669933992797,Tylosin,14.216150139757488,Injectable,Healthy,14.93
ANI_01580,Pig,104.1097285512004,7.460499507465899,Oxytetracycline,25.634445319759195,Injectable,Mild Infection,21.79
ANI_01581,Goat,36.62296668741767,9.838513518939964,Tylosin,12.028697065627085,Oral,Healthy,9.27
ANI_01582,Sheep,53.992520693614324,9.111443133484547,Penicillin,13.672134421182001,Oral,Severe Infection,12.53
ANI_01583,Goat,52.51193723877421,15.208627164651249,Oxytetracycline,23.60426741867336,Injectable,Mild Infection,20.54
ANI_01584,Sheep,47.776353850127606,6.339179521020367,Amoxicillin,5.883127212185778,Injectable,Healthy,9.71
ANI_01585,Goat,40.649804025202,11.40791397386122,Penicillin,13.172929387951205,Oral,Healthy,6.02
ANI_01586,Cattle,484.3723663294957,28.59781690809942,Oxytetracycline,12.684768381874871,Oral,Severe Infection,18.25
ANI_01587,Sheep,75.56104437527084,,Tylosin,17.601157395315862,Topical,Mild Infection,12.94
ANI_01588,Goat,31.414477807463605,10.386008268223076,Tylosin,19.843472123567103,Topical,Mild Infection,13.71
ANI_01589,Cattle,381.85215912648835,6.078353838171168,Penicillin,24.795336932586117,Injectable,Mild Infection,16.06
ANI_01590,Goat,29.11332017359137,11.085738435495163,Oxytetracycline,21.833376411870077,Oral,Mild Infection,18.71
ANI_01591,Sheep,54.86815619076136,9.928138462022064,Penicillin,19.799073487491157,Injectable,Mild Infection,12.26
ANI_01592,Cattle,466.4484167966934,24.5150270728006,Tylosin,6.33874627454876,Injectable,Mild Infection,16.75
ANI_01593,Sheep,52.920270529935976,8.71394355005905,Penicillin,11.513332031587884,Injectable,Severe Infection,16.15
ANI_01594,Pig,118.93236616660873,5.176902103394504,Penicillin,19.936449601320277,Oral,Healthy,6.92
ANI_01595,Sheep,68.62110395189625,13.242468913864593,Amoxicillin,10.860163774782965,Injectable,Mild Infection,12.05
ANI_01596,Cattle,579.5863812341227,44.68767292883241,Oxytetracycline,11.19052393743645,Topical,Healthy,15.03
ANI_01597,Sheep,59.41053466481046,12.188137456034013,Amoxicillin,6.217519976476784,Injectable,Severe Infection,12.35
ANI_01598,Cattle,604.695453442821,37.968191479687334,Oxytetracycline,26.448446200325545,Injectable,Healthy,21.37
ANI_01599,Sheep,66.28330045741797,,Penicillin,19.58048642324759,Injectable,Healthy,9.04
ANI_01600,Goat,24.7107253979161,18.987149546407807,Amoxicillin,10.576612476224163,Injectable,Mild Infection,10.0
ANI_01601,Pig,123.50315652588283,5.18225326319182,Penicillin,16.76746005531394,Injectable,Healthy,11.82
ANI_01602,Goat,41.81924063193296,13.886113936700957,Amoxicillin,11.492427328379707,Oral,Healthy,8.34
ANI_01603,Goat,51.01508708940679,15.05123475829318,Oxytetracycline,27.19287821130792,Injectable,Healthy,19.47
ANI_01604,Cattle,421.5679029699744,35.143920017995164,Amoxicillin,5.288579133361245,Topical,Mild Infection,9.87
ANI_01605,Cattle,570.1937740476683,,Tylosin,17.159986602252687,Injectable,Mild Infection,19.35
ANI_01606,Goat,35.66581411190718,7.309220441361441,Amoxicillin,7.040730584018069,Oral,Mild Infection,9.09
ANI_01607,Pig,88.63655544155408,4.307091017462704,Tylosin,11.82577557212208,Topical,Healthy,8.3
ANI_01608,Sheep,52.291863693859106,9.33350577612781,Oxytetracycline,22.065830212240346,Injectable,Mild Infection,23.07
ANI_01609,Pig,120.02805820460131,5.0852858620714185,Oxytetracycline,25.168919139997286,Oral,Healthy,16.76
ANI_01610,Cattle,469.45005369463473,34.2226922463374,Amoxicillin,12.531997019142294,Injectable,Mild Infection,12.77
ANI_01611,Goat,46.597363146556106,8.33586502116961,Tylosin,16.21664957408151,Oral,Mild Infection,11.96
ANI_01612,Sheep,55.340490219279495,14.096165749480834,Oxytetracycline,18.54406054563669,Topical,Mild Infection,14.87
ANI_01613,Sheep,65.91657083935445,15.34487827620542,Amoxicillin,11.150733400185107,Oral,Mild Infection,10.54
ANI_01614,Goat,37.95850262788573,15.460285957899849,Tylosin,15.8244445400705,Injectable,Healthy,14.14
ANI_01615,Goat,38.36400272984131,17.65224337401617,Penicillin,14.92408440337227,Oral,Healthy,6.78
ANI_01616,Goat,37.49656826247989,15.46941351567551,Penicillin,10.876464862818628,Injectable,Healthy,11.13
ANI_01617,Cattle,527.5663197634258,42.793659704548446,Oxytetracycline,28.523778428789,Injectable,Severe Infection,25.96
ANI_01618,Pig,108.6749521869707,8.190698388797447,Amoxicillin,6.726565358323989,Injectable,Healthy,8.8
ANI_01619,Sheep,67.46293859888453,12.62531166208441,Amoxicillin,12.480893657031265,Injectable,Healthy,13.2
ANI_01620,Cattle,678.1684786466851,31.855014911234,Oxytetracycline,25.000303584573906,Injectable,Severe Infection,24.43
ANI_01621,Goat,38.3582959501923,11.088381811092505,Tylosin,5.816151916252669,Injectable,Healthy,15.35
ANI_01622,Pig,109.18408363199059,4.221016519023106,Amoxicillin,11.205591954189986,Oral,Healthy,8.01
ANI_01623,Cattle,715.1102720289829,45.2434326165975,Oxytetracycline,28.705006287886658,Oral,Mild Infection,18.35
ANI_01624,Sheep,46.182308114322964,9.65260106580505,Oxytetracycline,18.387796759367788,Oral,Healthy,13.37
ANI_01625,Goat,56.04157072188356,11.169498973195626,Amoxicillin,13.972826721355219,Topical,Mild Infection,8.0
ANI_01626,Cattle,441.6834282744044,35.62637354021669,Oxytetracycline,17.184622812434462,Oral,Healthy,17.08
ANI_01627,Goat,39.1796658279202,14.163110075835919,Oxytetracycline,29.048413895069125,Injectable,Mild Infection,22.74
ANI_01628,Sheep,,12.593451434727942,Tylosin,5.792369667262051,Injectable,Mild Infection,14.87
ANI_01629,Pig,95.70758669229559,1.9500933302135657,Amoxicillin,10.966629069324814,Oral,Healthy,9.69
ANI_01630,Sheep,43.923586894768036,12.499093951644625,Tylosin,19.421469685750058,Injectable,Healthy,15.66
ANI_01631,Cattle,386.04972059187344,37.96373731203441,Amoxicillin,11.112143311988302,Injectable,Healthy,10.38
ANI_01632,Sheep,57.26372389606732,5.223381352701678,Tylosin,14.849329242096937,Injectable,Healthy,14.18
ANI_01633,Sheep,66.92464341364328,10.206034520851599,Amoxicillin,10.716397232701478,Injectable,Healthy,9.85
ANI_01634,Pig,96.99704335965122,2.917043790171264,Tylosin,11.161656342864358,Injectable,Severe Infection,18.81
ANI_01635,Pig,112.05800090496308,4.8271758463441765,Oxytetracycline,22.49036030728694,Injectable,Healthy,18.13
ANI_01636,Goat,38.649722100672406,14.129734914841265,Oxytetracycline,25.579770117992172,Topical,Mild Infection,13.63
ANI_01637,Cattle,624.2409307896205,47.578772629274134,Oxytetracycline,27.639751815322594,Injectable,Mild Infection,21.65
ANI_01638,Pig,95.98857638688463,7.110892364405858,Penicillin,13.078862946044051,Injectable,Mild Infection,14.44
ANI_01639,Pig,79.68467066151678,5.939806585418935,Tylosin,6.259274922496758,Oral,Mild Infection,10.52
ANI_01640,Pig,78.336231066679,3.454339159092108,Amoxicillin,14.78456672184284,Oral,Mild Infection,10.82
ANI_01641,Pig,129.09499070741177,9.761522292405296,Penicillin,22.19680408932129,Injectable,Healthy,11.77
ANI_01642,Cattle,521.4110982286134,6.68225633723122,Tylosin,14.196084648240724,Topical,Severe Infection,14.12
ANI_01643,Goat,37.11606129063463,6.3869158810382105,Amoxicillin,14.394808877148755,Injectable,Severe Infection,13.29
ANI_01644,Sheep,50.349544194238206,11.113705645636166,Tylosin,17.262214026352105,Injectable,Mild Infection,19.18
ANI_01645,Sheep,64.59994616413056,18.901142627877377,Tylosin,5.849224597020851,Injectable,Mild Infection,14.58
ANI_01646,Pig,83.61467071621256,4.365597860995972,Oxytetracycline,16.200436924322048,Oral,Healthy,17.77
ANI_01647,Cattle,488.77241313498314,25.95575884270662,Amoxicillin,13.494222694548899,Injectable,Severe Infection,13.77
ANI_01648,Sheep,68.39944539742028,10.78754271393314,Penicillin,24.97296818931786,Oral,Severe Infection,13.88
ANI_01649,Pig,91.5793930827501,3.0049020776796778,Oxytetracycline,24.611325408668097,Injectable,Severe Infection,22.69
ANI_01650,Cattle,563.1418606272406,32.18603349576547,Oxytetracycline,10.703214265772774,Topical,Severe Infection,17.83
ANI_01651,Sheep,50.925388851002005,12.102510689608101,Oxytetracycline,28.417723156603902,Oral,Healthy,19.29
ANI_01652,Pig,94.75532861234288,4.394269519532143,Amoxicillin,6.102767282765669,Injectable,Healthy,10.97
ANI_01653,Pig,93.23185555886369,7.863138462127514,Oxytetracycline,10.864273990999965,Topical,Mild Infection,14.91
ANI_01654,Goat,44.042090745393615,13.055897237744633,Amoxicillin,11.373048264283245,Oral,Severe Infection,10.78
ANI_01655,Pig,120.03662422523063,6.8010059137255405,Amoxicillin,10.400657152841717,Injectable,Severe Infection,16.08
ANI_01656,Goat,39.5032904142857,14.161536191094658,Penicillin,10.05266276365976,Oral,Severe Infection,13.41
ANI_01657,Pig,82.97930956580865,3.8601148972097654,Amoxicillin,8.600654935507283,Injectable,Healthy,9.97
ANI_01658,Sheep,,20.206297287280883,Penicillin,22.415191108053108,Oral,Mild Infection,8.58
ANI_01659,Sheep,57.43265421157432,16.713205779772842,Penicillin,19.670752567221143,Oral,Severe Infection,12.31
ANI_01660,Goat,29.809301398926365,9.86188964025021,Tylosin,13.801321950370822,Injectable,Severe Infection,19.21
ANI_01661,Sheep,68.68229253499574,9.373541874215373,Tylosin,9.323263744338004,Injectable,Severe Infection,20.23
ANI_01662,Sheep,43.3128613765387,8.292303655601568,Amoxicillin,13.62380384524274,Injectable,Severe Infection,18.56
ANI_01663,Pig,123.02194690897643,6.910783888205038,Amoxicillin,11.535607255451929,Injectable,Severe Infection,14.57
ANI_01664,Pig,,3.4812574500680737,Amoxicillin,8.56089673754747,Oral,Healthy,7.68
ANI_01665,Cattle,484.47306958962406,31.125194899602285,Penicillin,16.924887711421228,Injectable,Severe Infection,13.56
ANI_01666,Goat,32.254971217181385,6.756116657108439,Oxytetracycline,28.18081882628472,Oral,Mild Infection,22.08
ANI_01667,Sheep,51.08345212659219,12.223648299946145,Oxytetracycline,18.728967976462258,Injectable,Healthy,20.85
ANI_01668,Cattle,757.2752389244474,43.14959370499598,Amoxicillin,5.433966941560518,Injectable,Severe Infection,13.12
ANI_01669,Goat,54.064554885830596,,Penicillin,13.0371784621207,Injectable,Healthy,8.43
ANI_01670,Goat,44.30569284393806,8.814077526006551,Amoxicillin,5.916382051757278,Injectable,Mild Infection,10.18
ANI_01671,Sheep,75.13241081176713,15.105659674553724,Tylosin,16.4295461689573,Oral,Severe Infection,16.21
ANI_01672,Pig,97.06736451912795,8.129317700816284,Penicillin,11.485846513239819,Injectable,Mild Infection,14.64
ANI_01673,Cattle,526.1730438193883,20.131146231566085,Tylosin,15.392125907736508,Injectable,Healthy,11.57
ANI_01674,Sheep,72.16723492497947,15.56152838306019,Oxytetracycline,18.38400014541469,Oral,Healthy,17.97
ANI_01675,Cattle,501.8280085758821,19.56927463835307,Oxytetracycline,26.98273272322244,Injectable,Healthy,20.42
ANI_01676,Pig,120.90112290462412,1.6772778147492824,Penicillin,12.788525673344004,Injectable,Mild Infection,11.59
ANI_01677,Sheep,60.18490058947156,17.250752713798594,Oxytetracycline,28.32936697332113,Injectable,Mild Infection,24.33
ANI_01678,Sheep,63.97527756573154,10.273117271642324,Amoxicillin,14.265006190442213,Oral,Mild Infection,9.95
ANI_01679,Goat,47.624282920782065,13.852897824000538,Amoxicillin,8.603781215565697,Injectable,Healthy,11.76
ANI_01680,Goat,39.617128578777944,10.084406672760736,Amoxicillin,12.160919178315135,Oral,Healthy,6.66
ANI_01681,Pig,124.84874573051381,5.4866099437512235,Amoxicillin,5.246636882980108,Injectable,Healthy,11.52
ANI_01682,Cattle,519.7313412290266,48.65870895062096,Oxytetracycline,23.48473123256398,Oral,Severe Infection,22.94
ANI_01683,Goat,54.08665071950186,11.497697648279667,Oxytetracycline,18.82720157371243,Injectable,Mild Infection,19.42
ANI_01684,Goat,32.08279227068509,10.819989165931457,Amoxicillin,6.864138471663268,Injectable,Healthy,10.88
ANI_01685,Pig,112.3023771165085,9.28654265537187,Amoxicillin,14.586977413653985,Injectable,Mild Infection,12.94
ANI_01686,Cattle,404.68424952449084,,Penicillin,20.363808551067926,Oral,Mild Infection,6.65
ANI_01687,Cattle,517.0555153946106,28.64412613279745,Amoxicillin,7.353255509597496,Oral,Mild Infection,10.46
ANI_01688,Pig,101.43337107760489,6.38432847206653,Oxytetracycline,12.284969065161127,Injectable,Healthy,16.49
ANI_01689,Pig,82.8034905842421,8.599176955330412,Penicillin,11.392676297959309,Injectable,Healthy,7.48
ANI_01690,Goat,40.69763993629814,14.646914940086388,Oxytetracycline,28.545312652628184,Oral,Mild Infection,23.02
ANI_01691,Sheep,46.564992701754804,11.307114274592939,Amoxicillin,11.363443153180892,Injectable,Healthy,10.26
ANI_01692,Goat,40.0017915839663,19.324588301018526,Oxytetracycline,16.780570994878197,Injectable,Severe Infection,24.52
ANI_01693,Cattle,,28.167553138375833,Amoxicillin,7.959926251439669,Injectable,Mild Infection,13.04
ANI_01694,Sheep,59.13837895900505,11.028790850752197,Oxytetracycline,24.87730561776342,Injectable,Mild Infection,23.82
ANI_01695,Pig,120.83588238043188,5.102080368119653,Tylosin,5.665202929304018,Injectable,Healthy,15.5
ANI_01696,Goat,30.624528566214444,10.765844114843842,Tylosin,12.525544762645236,Injectable,Mild Infection,14.36
ANI_01697,Goat,31.685027152552163,8.526877072800158,Amoxicillin,8.81441082105609,Injectable,Severe Infection,13.38
ANI_01698,Pig,70.7577908960917,6.709723289309996,Tylosin,12.147248117829056,Oral,Healthy,12.41
ANI_01699,Cattle,421.9185402917088,62.53684291116243,Amoxicillin,10.671645462958708,Injectable,Healthy,13.53
ANI_01700,Pig,113.12813130979944,2.731768296325931,Amoxicillin,8.086076816354366,Injectable,Mild Infection,9.6
ANI_01701,Pig,77.2350810788014,4.563602478988477,Tylosin,18.334874578344987,Injectable,Mild Infection,15.62
ANI_01702,Sheep,88.01372989634979,7.158952836612245,Oxytetracycline,19.408644953264826,Injectable,Severe Infection,26.05
ANI_01703,Goat,39.12299319609828,12.531434730668993,Tylosin,17.60542258077978,Injectable,Mild Infection,16.72
ANI_01704,Cattle,462.90688963923316,26.31875457596977,Oxytetracycline,29.194536760779226,Injectable,Severe Infection,25.26
ANI_01705,Goat,44.491555686879614,,Oxytetracycline,23.799823927086123,Oral,Severe Infection,22.0
ANI_01706,Cattle,535.8848072678919,27.323811620567184,Tylosin,19.02614923970703,Oral,Healthy,12.38
ANI_01707,Cattle,489.7520776857591,39.4288819353191,Tylosin,16.678187321340335,Injectable,Healthy,15.2
ANI_01708,Sheep,,8.841785257934717,Amoxicillin,13.883077474377053,Oral,Severe Infection,14.19
ANI_01709,Cattle,555.5552481832557,28.69847902281287,Amoxicillin,10.961627979106776,Injectable,Severe Infection,17.44
ANI_01710,Sheep,57.144583746927765,10.058234523583602,Penicillin,21.29304166755356,Injectable,Severe Infection,13.53
ANI_01711,Sheep,55.39593078503027,14.3862893795342,Tylosin,11.637063904902776,Injectable,Mild Infection,16.71
ANI_01712,Pig,77.69565544058162,4.629963114129872,Oxytetracycline,27.29580443999791,Injectable,Healthy,23.78
ANI_01713,Pig,102.51090558599527,5.636882156809535,Penicillin,24.87261532417753,Injectable,Mild Infection,16.18
ANI_01714,Goat,42.68128453228094,9.907838281533657,Tylosin,11.681505129290453,Injectable,Severe Infection,17.64
ANI_01715,Cattle,475.636994428207,26.823003597531326,Tylosin,15.634311851426329,Injectable,Severe Infection,20.35
ANI_01716,Pig,76.42854430459653,6.181167846962993,Penicillin,21.945186632194734,Injectable,Healthy,12.42
ANI_01717,Goat,27.08658932028128,21.715738952307618,Penicillin,23.917633999092917,Injectable,Healthy,10.28
ANI_01718,Sheep,50.798477685423144,12.731206850922964,Tylosin,17.9204407843485,Injectable,Healthy,17.37
ANI_01719,Goat,26.699803982911263,,Tylosin,9.541330559269298,Injectable,Mild Infection,13.47
ANI_01720,Goat,37.92322622552584,10.797423841056139,Penicillin,23.107296644200783,Oral,Severe Infection,9.62
ANI_01721,Goat,46.48581333791212,19.01361850925188,Penicillin,18.29411122283878,Oral,Healthy,8.53
ANI_01722,Goat,23.325347029257596,7.0363637379607695,Oxytetracycline,25.179728808869655,Injectable,Severe Infection,24.18
ANI_01723,Pig,123.55412708710037,2.6540767809257297,Tylosin,13.341733122308197,Injectable,Healthy,12.85
ANI_01724,Goat,24.614269710321985,11.7068484839857,Penicillin,10.446711809813815,Injectable,Severe Infection,13.68
ANI_01725,Sheep,53.062746911316154,16.203552963787477,Penicillin,17.22861353254003,Injectable,Mild Infection,12.12
ANI_01726,Pig,101.42574521098923,4.465857297362257,Oxytetracycline,10.427776933501596,Injectable,Healthy,20.06
ANI_01727,Goat,33.85809585096494,8.953419044256945,Oxytetracycline,18.440105016914462,Injectable,Healthy,16.33
ANI_01728,Sheep,48.91502909203217,11.484902980863021,Penicillin,17.37420017260496,Injectable,Healthy,8.49
ANI_01729,Sheep,49.23993362285205,14.911765556129001,Oxytetracycline,18.460288924835254,Injectable,Healthy,21.23
ANI_01730,Sheep,61.43428937037324,10.088842383745689,Amoxicillin,9.246834916969604,Injectable,Healthy,11.84
ANI_01731,Pig,116.33138047942069,5.0450168063178,Tylosin,14.032314591896814,Injectable,Healthy,11.73
ANI_01732,Goat,30.999229383815766,17.018979349350616,Tylosin,17.718862434176167,Injectable,Severe Infection,21.54
ANI_01733,Sheep,61.332400539748114,19.87881071620448,Tylosin,12.13476476677455,Injectable,Mild Infection,17.51
ANI_01734,Goat,56.0512691017035,13.221784975441492,Tylosin,15.226952169265799,Oral,Mild Infection,17.1
ANI_01735,Pig,141.21377867455837,8.726096642553504,Tylosin,19.580734471635715,Injectable,Healthy,14.07
ANI_01736,Pig,67.37864749610043,7.2414235062103565,Penicillin,20.316595533182223,Injectable,Mild Infection,10.41
ANI_01737,Goat,44.532019640441746,10.769242253972394,Amoxicillin,13.615642842499565,Oral,Healthy,8.65
ANI_01738,Pig,90.05895026328636,5.76323984989174,Amoxicillin,8.15238628401021,Injectable,Healthy,12.7
ANI_01739,Sheep,74.76190099729804,12.25061797111463,Oxytetracycline,13.587067185291037,Oral,Severe Infection,20.47
ANI_01740,Sheep,60.439005331233886,13.715284024048593,Tylosin,6.284962910704594,Oral,Healthy,9.32
ANI_01741,Goat,47.99704834874787,15.506162049169212,Amoxicillin,9.994045613802445,Injectable,Healthy,10.01
ANI_01742,Sheep,59.357962050472864,10.43810001222444,Penicillin,12.270118880372996,Injectable,Severe Infection,15.84
ANI_01743,Pig,105.63910396370999,3.1405386875279846,Amoxicillin,12.870566539903663,Injectable,Healthy,11.09
ANI_01744,Goat,37.993330625510154,9.928778938679535,Oxytetracycline,14.239630415985227,Oral,Healthy,16.9
ANI_01745,Pig,113.70248676830612,7.7682486420628,Oxytetracycline,13.719264481162636,Injectable,Severe Infection,22.49
ANI_01746,Cattle,479.283831090596,49.94629263183099,Oxytetracycline,14.258345712086113,Oral,Healthy,17.49
ANI_01747,Goat,34.47617830746863,9.613748281661389,Amoxicillin,10.747556906554044,Injectable,Healthy,13.1
ANI_01748,Pig,89.32310712370163,4.629628243178985,Amoxicillin,14.777235118726436,Injectable,Healthy,12.17
ANI_01749,Pig,129.1444615013191,7.041209436322008,Amoxicillin,6.907172530047453,Injectable,Healthy,12.98
ANI_01750,Goat,42.2553441660084,11.439275225556571,Penicillin,18.53153653784316,Oral,Severe Infection,12.75
ANI_01751,Sheep,50.28282820723073,8.419131423389778,Oxytetracycline,14.450595649977716,Oral,Severe Infection,19.45
ANI_01752,Cattle,524.2602813054941,44.481244644742745,Oxytetracycline,25.243422109673556,Oral,Healthy,15.75
ANI_01753,Pig,116.74914404717025,6.333563877311285,Penicillin,22.127699098906163,Oral,Severe Infection,12.27
ANI_01754,Goat,44.19667746438092,8.264232370327965,Oxytetracycline,12.465112399017634,Injectable,Healthy,17.33
ANI_01755,Pig,106.6138645331371,3.5815024910767925,Tylosin,8.813786039218158,Injectable,Healthy,14.2
ANI_01756,Cattle,329.4792392223983,54.63395184238611,Amoxicillin,7.415428127159779,Injectable,Healthy,8.69
ANI_01757,Pig,52.403714351392765,4.531520104616716,Penicillin,12.053204795377415,Injectable,Healthy,12.25
ANI_01758,Pig,72.76649939072738,4.8079269003049365,Penicillin,17.681557831956987,Oral,Healthy,8.22
ANI_01759,Cattle,539.8498778728406,27.13258771317751,Amoxicillin,9.562400440533356,Injectable,Healthy,9.69
ANI_01760,Sheep,61.02690516748587,10.876544977700144,Oxytetracycline,27.38918233075775,Injectable,Severe Infection,24.31
ANI_01761,Cattle,332.78144909238677,26.328157238277797,Tylosin,9.456757371917629,Oral,Mild Infection,13.95
ANI_01762,Sheep,56.5283851758155,14.744567696967065,Tylosin,11.900993584369264,Oral,Mild Infection,11.17
ANI_01763,Goat,38.0686413158542,15.77206363427095,Tylosin,5.999331310511922,Injectable,Mild Infection,12.17
ANI_01764,Pig,104.488400767645,,Tylosin,6.552462553903515,Topical,Healthy,8.3
ANI_01765,Cattle,609.3313378668319,45.072573311769716,Amoxicillin,13.39859572674042,Topical,Mild Infection,9.08
ANI_01766,Goat,38.54367655131475,10.581637469988074,Tylosin,17.2044182033447,Oral,Mild Infection,13.26
ANI_01767,Cattle,569.0058339808667,33.58541426529491,Tylosin,5.5437847627219226,Oral,Mild Infection,11.72
ANI_01768,Goat,44.29743851633389,11.72737347826225,Penicillin,21.198500107050894,Injectable,Mild Infection,14.18
ANI_01769,Pig,74.65885795869866,5.587829253922793,Oxytetracycline,10.956221274049597,Oral,Severe Infection,18.75
ANI_01770,Goat,36.61945264783025,4.992976332840469,Amoxicillin,13.94228042740247,Injectable,Healthy,13.78
ANI_01771,Sheep,65.55626822794872,8.071332198060276,Amoxicillin,12.633812597835625,Topical,Mild Infection,10.02
ANI_01772,Sheep,57.88110468801757,9.322047339991277,Oxytetracycline,28.352663818434202,Injectable,Healthy,20.14
ANI_01773,Pig,90.85972360295605,6.450820285259985,Penicillin,16.028802804890148,Injectable,Mild Infection,9.91
ANI_01774,Sheep,73.07964192549343,6.229457315947277,Penicillin,18.178535774883613,Injectable,Severe Infection,14.88
ANI_01775,Goat,43.31602176450293,6.9315937543926465,Penicillin,14.982601892970354,Oral,Mild Infection,7.43
ANI_01776,Goat,32.12043099906374,9.464026146973943,Penicillin,11.54212842603781,Injectable,Healthy,9.19
ANI_01777,Sheep,69.4190296176102,10.555917929590855,Oxytetracycline,18.486762795925515,Injectable,Healthy,19.77
ANI_01778,Goat,46.87531403807562,13.012741740562367,Tylosin,12.304110698588724,Oral,Healthy,10.82
ANI_01779,Goat,40.148319562312274,22.263366636977594,Oxytetracycline,29.632213112848657,Topical,Healthy,17.68
ANI_01780,Goat,34.040169860119555,13.234873576775362,Penicillin,14.138838296021547,Injectable,Severe Infection,13.61
ANI_01781,Cattle,630.8474169200163,20.845857002779617,Penicillin,10.23470976913099,Injectable,Mild Infection,12.94
ANI_01782,Goat,37.383412553089705,8.945189363284172,Amoxicillin,9.090077367362731,Injectable,Mild Infection,14.32
ANI_01783,Goat,43.01783669275877,7.87014009612759,Amoxicillin,5.7361826153368165,Injectable,Healthy,10.03
ANI_01784,Cattle,394.18535687055885,54.688681891795994,Amoxicillin,10.886917203634045,Injectable,Severe Infection,14.07
ANI_01785,Sheep,56.47166094148643,16.843269036767992,Amoxicillin,14.84685553915239,Oral,Healthy,4.81
ANI_01786,Pig,132.09470024589706,8.089332471350813,Oxytetracycline,14.212911952710733,Oral,Severe Infection,19.21
ANI_01787,Pig,124.41505206509476,9.477596721901737,Oxytetracycline,12.41476705417973,Injectable,Healthy,19.88
ANI_01788,Pig,62.50268688996578,4.795427290663179,Oxytetracycline,19.098701435948893,Oral,Severe Infection,20.04
ANI_01789,Cattle,558.6649570338669,36.63553307897535,Oxytetracycline,17.82553710813891,Injectable,Healthy,20.33
ANI_01790,Pig,98.49945999206398,6.6299750708410015,Amoxicillin,12.351158248403959,Oral,Mild Infection,11.29
ANI_01791,Pig,110.90817547666255,2.4671642986540654,Tylosin,8.74028466360053,Injectable,Mild Infection,16.35
ANI_01792,Pig,,3.7354417409102076,Tylosin,5.949788704584814,Injectable,Healthy,11.87
ANI_01793,Cattle,645.6789451090507,20.582384998528568,Amoxicillin,8.562482530875837,Injectable,Mild Infection,14.56
ANI_01794,Goat,47.18642039751228,5.908182112174208,Oxytetracycline,19.34348266704893,Injectable,Mild Infection,18.47
ANI_01795,Goat,41.34289914885409,10.420591585583635,Oxytetracycline,21.356521827991678,Injectable,Healthy,22.19
ANI_01796,Goat,32.22131996947049,17.667895895350252,Oxytetracycline,15.779156382814342,Injectable,Mild Infection,22.68
ANI_01797,Goat,,16.000149783303655,Tylosin,7.542802404941936,Injectable,Mild Infection,16.62
ANI_01798,Sheep,65.10252222405019,13.074821811787494,Penicillin,11.043726753153685,Oral,Severe Infection,9.88
ANI_01799,Cattle,487.7847753905201,37.647465353851985,Amoxicillin,8.524627843992398,Injectable,Healthy,12.78
ANI_01800,Pig,110.96926547081141,4.4949557708363095,Amoxicillin,7.578700035480086,Oral,Healthy,8.37
ANI_01801,Pig,115.81488014479669,2.095133783589684,Tylosin,11.500712721724113,Injectable,Severe Infection,19.45
ANI_01802,Cattle,495.7668104339787,35.78956909579857,Tylosin,17.200149935676624,Oral,Healthy,11.5
ANI_01803,Sheep,67.82806824992423,15.69604422902869,Penicillin,18.475266533591657,Injectable,Healthy,12.26
ANI_01804,Goat,39.34835209777697,9.514106381142089,Amoxicillin,13.646777525856503,Oral,Severe Infection,16.22
ANI_01805,Cattle,471.48115532563406,47.490213331719914,Oxytetracycline,12.382001152187112,Injectable,Healthy,18.74
ANI_01806,Cattle,333.8419010822008,67.22124565584963,Oxytetracycline,20.78868710975872,Topical,Healthy,18.37
ANI_01807,Sheep,50.55423280079091,14.623535962765558,Amoxicillin,13.947141047556128,Injectable,Healthy,11.95
ANI_01808,Pig,103.62922126961277,9.067001681960619,Amoxicillin,5.975791695762695,Injectable,Severe Infection,14.3
ANI_01809,Goat,39.47636817262263,16.651510774988623,Oxytetracycline,26.54300391007754,Oral,Healthy,18.3
ANI_01810,Goat,39.22892290948082,11.582982738734183,Tylosin,17.43930016295771,Injectable,Healthy,17.55
ANI_01811,Pig,100.02934742884221,2.124419687637009,Penicillin,16.335278090511018,Injectable,Severe Infection,13.76
ANI_01812,Cattle,393.6741313468722,53.246038263649346,Tylosin,13.534550506418615,Injectable,Healthy,14.95
ANI_01813,Pig,88.16968260658865,9.92325894659636,Tylosin,15.340082333001241,Oral,Mild Infection,12.72
ANI_01814,Sheep,67.83465648324734,,Penicillin,10.067225399882933,Injectable,Healthy,10.38
ANI_01815,Cattle,433.9530480041704,38.854569242395776,Amoxicillin,6.813258561043131,Oral,Healthy,11.22
ANI_01816,Pig,93.26910157581779,4.472105195511295,Penicillin,15.927236627464552,Injectable,Healthy,9.29
ANI_01817,Pig,86.92491014844248,6.7676471276625385,Amoxicillin,5.488416233207439,Injectable,Mild Infection,14.09
ANI_01818,Sheep,78.34134564362391,6.212093137955359,Amoxicillin,6.524069200378814,Oral,Healthy,6.61
ANI_01819,Sheep,52.11784832698085,7.768253351964364,Amoxicillin,14.615789710389159,Injectable,Healthy,12.52
ANI_01820,Goat,40.28236312596173,10.713345677803535,Tylosin,19.176187967117478,Injectable,Healthy,15.45
ANI_01821,Cattle,371.4912030133474,,Tylosin,10.45820590440325,Injectable,Healthy,14.38
ANI_01822,Goat,31.41526937309908,13.203170841257897,Tylosin,9.932495703217855,Injectable,Healthy,14.42
ANI_01823,Cattle,561.8884817865093,49.49984527656197,Penicillin,22.848766663411865,Oral,Severe Infection,12.32
ANI_01824,Pig,84.05029005312423,6.828724168357577,Penicillin,20.597944484547867,Oral,Severe Infection,12.55
ANI_01825,Pig,106.82453265384969,6.645052526511934,Oxytetracycline,23.460182019261048,Injectable,Severe Infection,24.72
ANI_01826,Sheep,66.75664453256977,13.564760635305005,Oxytetracycline,22.901653839335726,Injectable,Severe Infection,25.06
ANI_01827,Cattle,507.21380538516667,63.776787654491045,Penicillin,17.90034038389527,Injectable,Healthy,10.57
ANI_01828,Cattle,448.45307269161407,50.71991801172635,Amoxicillin,9.377995312747736,Oral,Mild Infection,10.58
ANI_01829,Pig,110.94875542831102,3.334384042353003,Penicillin,19.424191885978203,Oral,Mild Infection,10.52
ANI_01830,Goat,51.37938364228657,19.97480827259502,Penicillin,11.491923961782849,Injectable,Severe Infection,14.39
ANI_01831,Cattle,505.651555448369,29.306658241847078,Penicillin,11.324172894526141,Oral,Mild Infection,7.86
ANI_01832,Pig,112.98295442140841,3.4434039723026646,Penicillin,16.366508332863685,Injectable,Mild Infection,10.23
ANI_01833,Sheep,68.82074815289481,11.10595576393724,Tylosin,12.449357210947571,Oral,Healthy,12.74
ANI_01834,Pig,101.13413297678531,5.838919350750059,Oxytetracycline,17.431462170324004,Injectable,Healthy,20.06
ANI_01835,Goat,34.12672662103244,15.128532056815772,Oxytetracycline,10.80233156577031,Injectable,Mild Infection,21.03
ANI_01836,Sheep,57.19717286922819,10.778445523183631,Amoxicillin,10.240724465067043,Injectable,Severe Infection,17.05
ANI_01837,Goat,37.77905040690786,12.141088770581215,Amoxicillin,9.118982976099366,Topical,Healthy,6.13
ANI_01838,Cattle,428.3605706299254,45.82086479819323,Oxytetracycline,24.9253212266441,Oral,Healthy,17.17
ANI_01839,Pig,127.51103826726414,4.869931479067013,Amoxicillin,9.452947723752104,Injectable,Mild Infection,11.95
ANI_01840,Sheep,39.73422223400564,9.938242834256169,Amoxicillin,9.684095450243587,Topical,Healthy,6.49
ANI_01841,Goat,44.79368936917093,12.721051175606046,Penicillin,21.357499381187793,Injectable,Severe Infection,14.86
ANI_01842,Goat,37.2638612335618,14.389718142115552,Tylosin,11.505918243439666,Injectable,Healthy,14.67
ANI_01843,Goat,39.839782425251805,6.121495795413947,Amoxicillin,8.477397822959258,Topical,Severe Infection,7.75
ANI_01844,Goat,30.333571874725337,18.19229759417643,Penicillin,12.267429372823397,Injectable,Mild Infection,11.24
ANI_01845,Goat,30.448366223638136,7.169334588392261,Oxytetracycline,21.96387757035787,Injectable,Severe Infection,23.42
ANI_01846,Goat,33.15577849647501,17.316288387976382,Amoxicillin,11.541683119919323,Injectable,Mild Infection,16.21
ANI_01847,Pig,90.93255158740325,7.308956625820215,Tylosin,11.106379342370296,Injectable,Mild Infection,21.1
ANI_01848,Goat,38.87080262125755,11.791956876731819,Tylosin,17.415067033537913,Injectable,Mild Infection,16.03
ANI_01849,Goat,42.09294747636961,13.50149849779202,Tylosin,11.172674043488156,Injectable,Severe Infection,20.43
ANI_01850,Pig,102.15050000861598,3.711293583309116,Tylosin,8.295120169920612,Injectable,Severe Infection,18.35
ANI_01851,Cattle,641.3774727492927,31.076927568946957,Amoxicillin,8.549419644892417,Injectable,Healthy,10.06
ANI_01852,Pig,103.60936283662413,4.447447032064048,Penicillin,22.525449419002705,Topical,Severe Infection,14.63
ANI_01853,Goat,37.172407770001044,11.15220428270424,Penicillin,14.076077747267224,Topical,Healthy,5.94
ANI_01854,Pig,,4.391461900942662,Penicillin,22.619625272495526,Oral,Mild Infection,12.2
ANI_01855,Goat,37.43937661382297,13.988880953773474,Tylosin,10.71721480041576,Oral,Mild Infection,13.05
ANI_01856,Cattle,653.3012542249182,34.91016199949537,Penicillin,17.741868763037303,Injectable,Healthy,12.15
ANI_01857,Goat,34.928266994959976,14.2894677663106,Oxytetracycline,23.88039891649131,Injectable,Mild Infection,20.25
ANI_01858,Sheep,63.96319682007863,14.029142030402554,Penicillin,21.526158146710515,Injectable,Mild Infection,16.0
ANI_01859,Goat,46.30456321282368,10.629641543450813,Penicillin,19.22365128702911,Oral,Mild Infection,9.66
ANI_01860,Pig,125.92513419496004,5.532896912847237,Tylosin,17.541692073915314,Injectable,Healthy,18.49
ANI_01861,Pig,87.18683954794474,8.181035349485338,Penicillin,18.03447479270848,Oral,Healthy,7.88
ANI_01862,Sheep,48.839358239281054,11.869485992362574,Oxytetracycline,27.51306775349172,Injectable,Mild Infection,18.93
ANI_01863,Pig,,8.85430049592688,Oxytetracycline,27.45041033692364,Oral,Healthy,17.49
ANI_01864,Cattle,502.1713018484843,30.34408195715529,Penicillin,21.419071444380407,Injectable,Mild Infection,11.19
ANI_01865,Sheep,65.22296841616591,9.897020066927816,Tylosin,14.862410888843765,Injectable,Severe Infection,18.32
ANI_01866,Cattle,405.7224759769525,36.289286019454735,Tylosin,13.604998963235145,Injectable,Healthy,14.61
ANI_01867,Cattle,326.4512464832355,33.44541100907226,Oxytetracycline,11.120582664978274,Injectable,Mild Infection,19.28
ANI_01868,Sheep,58.79502586100641,16.57663388716766,Tylosin,6.435293109588594,Injectable,Mild Infection,13.1
ANI_01869,Goat,42.01320532543711,16.44476964581711,Amoxicillin,10.203463368715742,Injectable,Severe Infection,16.25
ANI_01870,Sheep,50.82738357822713,15.2169531787307,Penicillin,18.905126115968528,Injectable,Healthy,10.4
ANI_01871,Cattle,352.7742636517027,8.579758752815263,Amoxicillin,10.509441938406031,Injectable,Healthy,10.47
ANI_01872,Cattle,437.29721481696055,37.14351742992281,Tylosin,14.145431827174763,Injectable,Healthy,17.46
ANI_01873,Cattle,571.8596523250037,34.081705609971145,Oxytetracycline,17.06308804565076,Injectable,Mild Infection,21.61
ANI_01874,Cattle,496.8528629796316,35.00273629900074,Amoxicillin,10.142071744772863,Injectable,Severe Infection,17.17
ANI_01875,Goat,39.87707641882607,10.537298661093565,Oxytetracycline,27.17824652191283,Oral,Healthy,18.39
ANI_01876,Sheep,69.85948383314721,8.548762945567578,Amoxicillin,14.260813467869188,Oral,Mild Infection,10.76
ANI_01877,Sheep,49.253224020168936,14.58295140151162,Oxytetracycline,26.738776896199123,Injectable,Mild Infection,21.19
ANI_01878,Sheep,54.08784380757626,4.962602044865485,Amoxicillin,13.280549729692728,Oral,Severe Infection,13.72
ANI_01879,Cattle,532.7873606310459,1,Amoxicillin,7.3917679485737615,Topical,Healthy,4.12
ANI_01880,Pig,142.10173278669004,1.8396240547162561,Tylosin,5.019798034764945,Injectable,Healthy,14.17
ANI_01881,Pig,100.4616511140481,3.7881335508400884,Oxytetracycline,23.8488070503626,Injectable,Healthy,22.35
ANI_01882,Cattle,550.6976345828142,56.80144159925762,Amoxicillin,9.346023687179919,Injectable,Severe Infection,14.47
ANI_01883,Sheep,48.45177132273718,9.29679658628602,Penicillin,15.386649144513957,Oral,Healthy,7.95
ANI_01884,Goat,28.35162805322853,12.102660951990316,Oxytetracycline,17.988006035565896,Oral,Healthy,16.9
ANI_01885,Sheep,58.54455026360229,6.415226735816457,Oxytetracycline,27.236562616492055,Oral,Mild Infection,22.59
ANI_01886,Cattle,504.4064634912938,23.92454695394466,Tylosin,15.353161650492018,Oral,Healthy,12.61
ANI_01887,Goat,32.04135206904581,11.096906909136791,Penicillin,16.298613215477015,Injectable,Mild Infection,11.41
ANI_01888,Cattle,369.95497710780865,32.53382593521637,Tylosin,18.965334186064908,Oral,Mild Infection,14.44
ANI_01889,Goat,42.826533658013545,,Tylosin,11.999515549252807,Injectable,Severe Infection,20.2
ANI_01890,Pig,96.14787122478388,6.468719381457965,Penicillin,17.018387921980374,Injectable,Severe Infection,15.35
ANI_01891,Pig,101.30969718914423,4.488646322542203,Tylosin,7.401923602769603,Oral,Healthy,11.08
ANI_01892,Pig,97.65179399310261,7.322472696229717,Tylosin,17.13390960826687,Injectable,Healthy,14.21
ANI_01893,Pig,97.88583838048623,5.624416743687723,Oxytetracycline,20.877968414262952,Injectable,Healthy,21.1
ANI_01894,Goat,51.79597894056412,17.397770022555303,Tylosin,12.694682628715128,Injectable,Mild Infection,15.24
ANI_01895,Pig,120.11117694012356,12.1350042231733,Amoxicillin,7.656784655028373,Topical,Severe Infection,10.04
ANI_01896,Goat,45.803350617262126,23.578736521893333,Tylosin,10.06633642240378,Injectable,Healthy,14.69
ANI_01897,Cattle,458.81286007568656,48.58082247769952,Penicillin,21.41246545029176,Topical,Mild Infection,5.57
ANI_01898,Cattle,492.99702231919554,15.197157258942557,Tylosin,9.509478928725134,Injectable,Healthy,11.23
ANI_01899,Pig,118.79057944326837,2.553191158572281,Amoxicillin,12.156392360669592,Injectable,Mild Infection,11.0
ANI_01900,Pig,130.1039199775808,5.510749833917449,Tylosin,16.641748976202507,Oral,Severe Infection,15.23
ANI_01901,Sheep,45.31737313037953,,Penicillin,12.44269862918642,Injectable,Healthy,9.97
ANI_01902,Cattle,443.7837658065273,25.498898935499735,Tylosin,10.161496460446049,Injectable,Mild Infection,17.34
ANI_01903,Sheep,74.24450494907273,11.081759307985118,Amoxicillin,12.690232387826478,Injectable,Mild Infection,14.74
ANI_01904,Cattle,542.0766562518586,53.143710528174665,Penicillin,19.76325227685804,Injectable,Healthy,10.12
ANI_01905,Sheep,59.97787290040244,5.318823976976597,Amoxicillin,12.467467725125942,Injectable,Mild Infection,12.14
ANI_01906,Sheep,61.23018673526756,12.690246975963536,Penicillin,13.047400575463133,Injectable,Healthy,14.23
ANI_01907,Cattle,609.9883273553469,34.86990258324841,Penicillin,22.73128700003265,Injectable,Severe Infection,18.22
ANI_01908,Sheep,61.04514036075821,10.824182431143134,Oxytetracycline,27.62378473788618,Oral,Healthy,18.44
ANI_01909,Sheep,74.18867589802213,6.782845350789022,Amoxicillin,14.47522980551238,Oral,Healthy,11.02
ANI_01910,Pig,108.74745348359336,7.962431768146765,Oxytetracycline,10.403898461686659,Injectable,Severe Infection,18.94
ANI_01911,Cattle,391.2322305268742,39.02256432111427,Amoxicillin,9.454054285778348,Oral,Mild Infection,9.82
ANI_01912,Sheep,37.756158913911314,11.71428141504998,Tylosin,16.15793217328998,Oral,Healthy,13.9
ANI_01913,Sheep,56.78628898147808,11.836049868621544,Tylosin,7.27415956895714,Oral,Healthy,10.8
ANI_01914,Goat,37.55752677185148,,Tylosin,19.177421857668456,Oral,Healthy,13.37
ANI_01915,Pig,88.07200188040386,6.060027685233249,Tylosin,10.137499895122062,Injectable,Mild Infection,15.75
ANI_01916,Sheep,52.85335883159007,10.687361260081232,Oxytetracycline,12.002865754767022,Injectable,Healthy,18.07
ANI_01917,Pig,76.4943976680749,4.651025651238456,Tylosin,14.592026592381556,Injectable,Mild Infection,13.29
ANI_01918,Cattle,402.2927853858599,58.93914014405232,Tylosin,5.400397378802814,Injectable,Healthy,14.81
ANI_01919,Sheep,70.77162476440805,12.711957518413216,Penicillin,23.24208518782727,Injectable,Healthy,11.28
ANI_01920,Pig,85.64721724778919,6.8285504350272035,Oxytetracycline,10.16972024166886,Injectable,Mild Infection,20.4
ANI_01921,Goat,51.11834063809462,19.806892681614464,Oxytetracycline,10.713488327210648,Oral,Mild Infection,20.77
ANI_01922,Pig,106.02484960182781,8.28932996849748,Penicillin,15.135726490137825,Injectable,Mild Infection,11.62
ANI_01923,Sheep,50.56757237356222,8.29817900760377,Oxytetracycline,26.386375246939295,Topical,Severe Infection,19.0
ANI_01924,Sheep,,13.371825069821224,Tylosin,17.762089369511735,Topical,Mild Infection,11.19
ANI_01925,Cattle,387.680285966022,45.63672586390534,Oxytetracycline,22.00945726500548,Injectable,Mild Infection,20.56
ANI_01926,Sheep,47.9918100016496,4.378334127936496,Amoxicillin,6.589650940226306,Injectable,Healthy,10.89
ANI_01927,Cattle,444.6474631646445,41.74588692009375,Penicillin,11.628330366589728,Injectable,Mild Infection,9.99
ANI_01928,Sheep,70.65963719731826,12.829682339845732,Amoxicillin,5.7914466827820945,Oral,Healthy,5.11
ANI_01929,Pig,94.21127618703815,6.01638966839348,Oxytetracycline,23.47033054944218,Injectable,Mild Infection,22.6
ANI_01930,Sheep,,11.236056766088113,Oxytetracycline,14.859951857216595,Injectable,Severe Infection,22.66
ANI_01931,Cattle,713.2185666806379,44.02728382554922,Oxytetracycline,20.4365494872769,Injectable,Severe Infection,22.07
ANI_01932,Sheep,57.15489695660778,9.916270558872867,Tylosin,6.327785788446014,Injectable,Mild Infection,16.01
ANI_01933,Cattle,504.1819347895339,27.637607826560963,Penicillin,18.091397718643545,Injectable,Severe Infection,13.93
ANI_01934,Cattle,354.88960135332616,48.352771417623856,Tylosin,18.38984293003221,Topical,Severe Infection,14.05
ANI_01935,Sheep,50.49245011416044,11.652095609493104,Penicillin,16.867204751269373,Oral,Severe Infection,13.29
ANI_01936,Sheep,41.210190552461725,5.735877535933549,Tylosin,19.31926057256081,Injectable,Severe Infection,23.78
ANI_01937,Goat,46.45088080496661,9.421941123361801,Penicillin,14.073002243627538,Injectable,Severe Infection,14.14
ANI_01938,Sheep,54.7874519314387,13.990920438235968,Oxytetracycline,22.834740896280465,Oral,Mild Infection,18.13
ANI_01939,Sheep,81.84810310984808,9.825664239625068,Oxytetracycline,15.95914857916718,Oral,Mild Infection,18.54
ANI_01940,Pig,76.51715255037772,2.7801935973126257,Amoxicillin,12.523109706734559,Injectable,Healthy,13.78
ANI_01941,Cattle,370.6989584243746,52.24025907105843,Tylosin,19.456514749134634,Injectable,Healthy,15.77
ANI_01942,Goat,46.478895878967,13.302738100843307,Amoxicillin,14.978847082284606,Oral,Mild Infection,11.63
ANI_01943,Cattle,390.753295952366,50.4059321332802,Oxytetracycline,25.712035848460452,Oral,Mild Infection,19.1
ANI_01944,Cattle,523.9466988780434,17.358693783007123,Penicillin,15.727864378327489,Injectable,Severe Infection,14.18
ANI_01945,Cattle,414.90215707470463,42.008980391722105,Tylosin,5.186241337541352,Injectable,Mild Infection,15.8
ANI_01946,Sheep,56.62973625318623,,Oxytetracycline,24.92301007653576,Injectable,Mild Infection,22.87
ANI_01947,Cattle,703.6347514656217,45.04236901320819,Tylosin,7.529423163276431,Oral,Healthy,11.11
ANI_01948,Goat,43.518743091782625,12.958190883476925,Oxytetracycline,26.69475909553935,Topical,Mild Infection,20.35
ANI_01949,Sheep,62.145285694972515,,Tylosin,10.90495121083461,Injectable,Healthy,15.82
ANI_01950,Sheep,65.2051249662828,20.881922486084758,Penicillin,23.77287659844601,Injectable,Healthy,11.3
ANI_01951,Pig,96.65777744202646,7.404385823299259,Amoxicillin,8.19095339872988,Oral,Mild Infection,9.5
ANI_01952,Goat,48.89833959913382,,Penicillin,17.312913556074996,Injectable,Healthy,12.15
ANI_01953,Sheep,67.99910952490804,14.136512475178696,Tylosin,8.007642853263313,Oral,Severe Infection,14.71
ANI_01954,Cattle,571.9327601829439,21.65869727687753,Penicillin,13.776166964237955,Oral,Severe Infection,12.1
ANI_01955,Pig,89.08682013577136,7.704579378905624,Tylosin,17.128792541436468,Oral,Healthy,12.37
ANI_01956,Goat,46.287942501625054,15.999904275735279,Amoxicillin,6.528888456447963,Oral,Mild Infection,11.73
ANI_01957,Sheep,68.43306674432955,8.402530880650975,Amoxicillin,7.846553934935921,Injectable,Severe Infection,13.44
ANI_01958,Sheep,48.91235104595005,16.406958598178377,Penicillin,21.29422899494666,Injectable,Severe Infection,13.54
ANI_01959,Sheep,46.27740547590206,7.546973223916027,Penicillin,20.296298409964628,Injectable,Healthy,12.09
ANI_01960,Pig,80.99694939896256,7.603638580402104,Tylosin,19.686682546172037,Injectable,Mild Infection,15.21
ANI_01961,Sheep,60.512039105739646,7.086604939048383,Oxytetracycline,21.943014089662945,Oral,Healthy,14.24
ANI_01962,Goat,35.65760822626428,15.6692431938832,Penicillin,13.568862433674752,Injectable,Healthy,7.1
ANI_01963,Cattle,610.9380167016441,35.16679117824804,Amoxicillin,5.218067931243956,Injectable,Healthy,11.55
ANI_01964,Pig,138.44449120538906,7.709576002826093,Tylosin,14.577875692874969,Oral,Healthy,11.38
ANI_01965,Sheep,65.46995724877635,17.311837914683853,Penicillin,11.042616947727899,Oral,Mild Infection,6.88
ANI_01966,Pig,100.34857905916203,6.805873744841062,Amoxicillin,7.115821345704914,Injectable,Severe Infection,13.26
ANI_01967,Cattle,534.795413260679,39.72104290023038,Penicillin,11.159075894007655,Oral,Mild Infection,10.12
ANI_01968,Cattle,391.2521831887632,15.499692405130318,Oxytetracycline,26.195074348713277,Injectable,Mild Infection,20.27
ANI_01969,Sheep,49.765162136313066,17.68698593838197,Oxytetracycline,28.77200631589455,Injectable,Healthy,22.73
ANI_01970,Goat,43.567582217002425,9.646571910137439,Tylosin,16.671884919297824,Injectable,Healthy,14.17
ANI_01971,Cattle,435.92713873733555,,Penicillin,19.13680933319945,Oral,Healthy,9.38
ANI_01972,Sheep,56.07198983118858,12.961790020560045,Oxytetracycline,20.2910618266756,Injectable,Mild Infection,24.3
ANI_01973,Sheep,57.52132940754735,10.294696534232763,Penicillin,23.534619601631483,Oral,Severe Infection,13.92
ANI_01974,Goat,29.622685629074226,11.182094682301997,Tylosin,16.16421408941246,Injectable,Healthy,15.29
ANI_01975,Sheep,59.6016900471602,17.55052352313618,Oxytetracycline,16.136762614052365,Oral,Mild Infection,19.59
ANI_01976,Cattle,444.8484269897019,36.7182758921505,Oxytetracycline,14.388312771138077,Oral,Severe Infection,21.5
ANI_01977,Cattle,508.87918223178025,17.02987850949097,Penicillin,14.827412622536198,Injectable,Healthy,9.98
ANI_01978,Pig,76.23230658519859,5.051401668360852,Penicillin,18.633656885476306,Injectable,Severe Infection,14.15
ANI_01979,Pig,73.93380632783968,5.096747822587741,Penicillin,18.26368959921829,Oral,Mild Infection,8.74
ANI_01980,Cattle,438.7449097645938,36.857099765241664,Amoxicillin,11.102489782898049,Injectable,Healthy,11.35
ANI_01981,Cattle,429.9338897936703,31.258512860631743,Penicillin,22.644586030728448,Oral,Healthy,7.23
ANI_01982,Goat,45.15251938365778,9.4468446775331,Penicillin,13.150793802689577,Topical,Mild Infection,7.7
ANI_01983,Pig,141.3533621124725,9.423519435967549,Amoxicillin,12.356975053062538,Oral,Mild Infection,9.1
ANI_01984,Goat,29.52009990614586,4.3784573284281345,Amoxicillin,13.425883794336675,Injectable,Mild Infection,10.94
ANI_01985,Goat,47.89660322327428,5.6067472608406765,Penicillin,23.143349396974614,Oral,Healthy,6.68
ANI_01986,Cattle,256.9877624272644,,Penicillin,11.441139634575341,Oral,Healthy,6.09
ANI_01987,Goat,47.290197118672445,11.350595567339528,Oxytetracycline,15.769167008362569,Oral,Healthy,17.1
ANI_01988,Sheep,64.71869947876675,,Oxytetracycline,14.800768375282995,Injectable,Healthy,18.13
ANI_01989,Goat,28.165538030532886,8.322290556813861,Amoxicillin,6.096249863300023,Injectable,Healthy,7.36
ANI_01990,Pig,96.05289689330671,6.185025208547509,Tylosin,5.830860950314088,Oral,Mild Infection,11.83
ANI_01991,Sheep,54.16888522913557,15.747013054121703,Tylosin,13.799645186684517,Oral,Healthy,11.69
ANI_01992,Pig,111.674228396479,7.567553811310024,Tylosin,16.834657817784407,Injectable,Healthy,16.69
ANI_01993,Sheep,63.29028545827467,19.872977820647094,Penicillin,11.247905152772608,Injectable,Healthy,9.95
ANI_01994,Pig,63.487696428707075,2.1859522278603496,Amoxicillin,6.192449113192612,Oral,Mild Infection,9.37
ANI_01995,Cattle,308.1365909139263,16.902022151671893,Amoxicillin,5.442954309969924,Injectable,Healthy,12.66
ANI_01996,Cattle,720.2243273372914,27.69423539548713,Tylosin,16.073252002044796,Topical,Healthy,12.35
ANI_01997,Goat,39.759874143616784,9.392401624499827,Amoxicillin,12.230344308507956,Injectable,Mild Infection,11.34
ANI_01998,Goat,35.99058290437572,12.476306272898436,Amoxicillin,8.63128442846072,Oral,Severe Infection,8.76
ANI_01999,Goat,24.686506618073565,,Oxytetracycline,24.253224512934917,Oral,Healthy,18.0
ANI_02000,Goat,44.83133633186699,11.796799526267542,Penicillin,22.387801515084472,Oral,Mild Infection,9.04
ANI_02001,Cattle,547.158405462902,47.551416648206576,Tylosin,9.00205673138377,Injectable,Severe Infection,17.87
ANI_02002,Pig,87.8495818015858,6.931184350790398,Oxytetracycline,22.315795979602488,Injectable,Healthy,18.66
ANI_02003,Cattle,482.0091369198475,32.81688260256275,Tylosin,18.465578397088706,Injectable,Healthy,16.12
ANI_02004,Goat,45.38376164825534,7.511390339565898,Amoxicillin,8.9198111290696,Topical,Healthy,7.58
ANI_02005,Sheep,47.785295228766756,6.8951292675953955,Tylosin,19.389858567623207,Injectable,Healthy,15.62
ANI_02006,Pig,128.1809193282418,4.873971610174664,Amoxicillin,13.803481958519901,Oral,Healthy,7.25
ANI_02007,Sheep,65.12171119287191,5.335108796645531,Oxytetracycline,19.03273369366447,Injectable,Healthy,18.41
ANI_02008,Pig,96.76270469284539,5.163361160117081,Tylosin,5.8012500790176595,Oral,Severe Infection,14.44
ANI_02009,Sheep,71.6888541856706,15.944809723446102,Tylosin,19.030134220953578,Oral,Healthy,13.38
ANI_02010,Cattle,637.6231970635572,16.59012264910112,Tylosin,6.094397958694323,Injectable,Healthy,14.52
ANI_02011,Cattle,525.6399559243839,32.2135192452437,Tylosin,13.482978153860865,Injectable,Healthy,15.01
ANI_02012,Cattle,593.615359412821,33.691328827939074,Penicillin,15.484632440563171,Oral,Mild Infection,9.53
ANI_02013,Sheep,54.58541091396353,13.69167664090901,Oxytetracycline,18.883181446250006,Injectable,Mild Infection,22.1
ANI_02014,Sheep,49.8205055386485,15.096718074172907,Oxytetracycline,19.169352202914475,Topical,Healthy,14.19
ANI_02015,Pig,100.8312558526711,,Amoxicillin,7.565326176109784,Injectable,Healthy,9.96
ANI_02016,Pig,102.35035238316193,3.4297570028707547,Amoxicillin,5.350876112163,Topical,Severe Infection,8.05
ANI_02017,Pig,60.22061864508316,6.060847360084954,Amoxicillin,6.804830080681326,Injectable,Healthy,9.86
ANI_02018,Cattle,565.3368383795886,50.07874909552197,Amoxicillin,10.879742483703485,Injectable,Mild Infection,13.13
ANI_02019,Cattle,,29.82211324367126,Oxytetracycline,14.65559368874958,Injectable,Mild Infection,19.41
ANI_02020,Goat,34.20374184772601,,Oxytetracycline,14.925314479615714,Injectable,Severe Infection,22.6
ANI_02021,Pig,69.32998778376047,4.812819281218871,Penicillin,18.63625125280466,Oral,Mild Infection,10.08
ANI_02022,Pig,112.11087965171166,5.476677827915084,Oxytetracycline,27.5864331853012,Topical,Healthy,16.08
ANI_02023,Pig,92.10443486492635,5.774087069541778,Oxytetracycline,16.53757579530639,Oral,Healthy,15.85
ANI_02024,Cattle,491.6589265253439,33.93059085566052,Oxytetracycline,15.475959828038244,Injectable,Healthy,20.85
ANI_02025,Cattle,343.7676838399973,39.30334234920981,Penicillin,20.1869160610131,Injectable,Healthy,13.37
ANI_02026,Sheep,59.51223735499383,8.508246821370957,Oxytetracycline,26.206062746669417,Injectable,Healthy,20.25
ANI_02027,Goat,40.68987900237757,9.262873854297169,Tylosin,16.870122860294547,Injectable,Mild Infection,14.62
ANI_02028,Cattle,550.5389011732137,7.440967653827727,Tylosin,15.783169705912027,Injectable,Mild Infection,16.49
ANI_02029,Goat,55.24630587490135,12.437307931849798,Tylosin,17.834368492638156,Injectable,Severe Infection,21.55
ANI_02030,Goat,39.016248426925046,13.549867171053686,Amoxicillin,8.313930876965163,Injectable,Mild Infection,16.02
ANI_02031,Sheep,83.38650940554561,14.757078676501228,Penicillin,15.902208258829393,Injectable,Mild Infection,12.0
ANI_02032,Goat,43.91191624528036,15.895067743756371,Amoxicillin,14.049768817816814,Injectable,Mild Infection,14.9
ANI_02033,Cattle,485.0605786397575,17.772184997335025,Penicillin,10.917064450183354,Injectable,Healthy,6.13
ANI_02034,Cattle,542.9039567567548,,Penicillin,21.880288119102026,Injectable,Healthy,11.32
ANI_02035,Cattle,434.0462127736891,39.9896811729853,Oxytetracycline,18.822976500936036,Topical,Healthy,14.86
ANI_02036,Goat,51.09567912218624,11.549757883415285,Penicillin,13.152776554323156,Oral,Healthy,8.55
ANI_02037,Sheep,38.343810061521985,15.522318683417405,Tylosin,17.14814622557854,Injectable,Mild Infection,14.38
ANI_02038,Goat,51.084601871531845,10.5598329046702,Penicillin,19.590081452521087,Oral,Healthy,9.34
ANI_02039,Sheep,67.6868213688672,15.1564840939608,Penicillin,17.88447871899256,Injectable,Mild Infection,14.2
ANI_02040,Cattle,565.1330951995204,35.33104586251363,Oxytetracycline,12.555659091476866,Oral,Healthy,15.59
ANI_02041,Goat,36.10872729066359,12.860954452750805,Amoxicillin,7.032895554359562,Injectable,Healthy,11.81
ANI_02042,Goat,27.021435093649878,9.783456215158708,Tylosin,6.145899751929585,Oral,Severe Infection,13.78
ANI_02043,Sheep,51.81388247949648,8.782093047713598,Oxytetracycline,29.814501104952104,Injectable,Mild Infection,23.94
ANI_02044,Cattle,549.3537294203767,35.16357697058613,Amoxicillin,10.95319545782895,Oral,Mild Infection,10.36
ANI_02045,Pig,99.8946444669503,6.811328914399782,Amoxicillin,8.90640654804339,Injectable,Severe Infection,17.09
ANI_02046,Pig,98.13478668916471,5.338607709114452,Oxytetracycline,25.97356211815264,Injectable,Mild Infection,19.35
ANI_02047,Sheep,53.00358377932527,7.337266905398281,Penicillin,24.972621068386974,Injectable,Healthy,11.47
ANI_02048,Sheep,65.05538876903208,7.568299095220551,Oxytetracycline,17.539876584209097,Injectable,Severe Infection,24.76
ANI_02049,Pig,115.40747858148127,5.549555323278115,Penicillin,16.620513404796846,Injectable,Severe Infection,14.73
ANI_02050,Pig,101.82543796335146,1,Oxytetracycline,22.81783329674414,Injectable,Healthy,19.09
ANI_02051,Pig,100.36838372373082,5.971248773760708,Oxytetracycline,29.291603716033055,Injectable,Healthy,19.95
ANI_02052,Pig,98.96574418879457,9.9632028053027,Amoxicillin,7.975135051137778,Oral,Healthy,10.81
ANI_02053,Pig,98.90496888238452,5.8083458384833895,Penicillin,12.967819745164967,Injectable,Healthy,13.36
ANI_02054,Pig,118.80739377246596,5.820509327969772,Tylosin,19.816599982056836,Injectable,Healthy,17.87
ANI_02055,Goat,47.555817057588015,13.648436820548952,Amoxicillin,14.424578385332962,Oral,Healthy,7.01
ANI_02056,Goat,57.5331060404399,11.572374039637028,Oxytetracycline,15.608597231471537,Injectable,Severe Infection,24.65
ANI_02057,Cattle,526.6085421067041,43.646617096263846,Tylosin,14.68527987761361,Oral,Healthy,11.32
ANI_02058,Cattle,507.6732859392957,57.80334990247041,Penicillin,10.843143367993333,Oral,Severe Infection,11.11
ANI_02059,Cattle,427.0608665629826,44.63739542000751,Amoxicillin,14.75398477605226,Oral,Mild Infection,10.48
ANI_02060,Pig,106.3765408715906,5.989226986771824,Amoxicillin,9.280477919420747,Injectable,Severe Infection,13.96
ANI_02061,Pig,107.39026232632848,6.625184460307062,Amoxicillin,8.596367431790025,Oral,Healthy,8.59
ANI_02062,Goat,23.725153056925098,10.659569818687888,Oxytetracycline,10.762632281829454,Topical,Healthy,14.08
ANI_02063,Cattle,403.8729500849525,37.624319833106604,Amoxicillin,14.321300733011636,Injectable,Mild Infection,16.17
ANI_02064,Goat,37.26203895882566,12.797304784420637,Amoxicillin,9.40218972971002,Oral,Healthy,6.31
ANI_02065,Pig,97.42695029989272,5.275454033014773,Penicillin,16.17646825339566,Oral,Mild Infection,8.61
ANI_02066,Cattle,467.89205705407534,,Tylosin,16.801950635968637,Topical,Mild Infection,14.59
ANI_02067,Pig,135.14142683062332,7.549165631644905,Penicillin,15.062120425550095,Injectable,Healthy,12.41
ANI_02068,Cattle,427.7219744555506,,Penicillin,17.98052030250085,Oral,Mild Infection,8.37
ANI_02069,Pig,111.78310422437728,7.114912000945349,Amoxicillin,9.63787455755353,Oral,Healthy,9.19
ANI_02070,Cattle,392.05260804254544,42.34215456967139,Amoxicillin,13.448056670360005,Oral,Healthy,8.25
ANI_02071,Cattle,500.58368320340406,46.79664447635441,Tylosin,14.8420556612303,Injectable,Healthy,17.95
ANI_02072,Pig,76.5923280379132,2.7355933260579803,Penicillin,12.2402267547921,Injectable,Mild Infection,12.42
ANI_02073,Sheep,52.730614024279724,9.566406747608799,Amoxicillin,10.022944086937837,Injectable,Mild Infection,15.46
ANI_02074,Goat,35.973146095604214,12.972186518614597,Penicillin,13.517963079779113,Injectable,Severe Infection,14.27
ANI_02075,Sheep,,14.94096577715849,Penicillin,23.91421352722085,Injectable,Mild Infection,13.43
ANI_02076,Pig,101.44690434638363,7.812277836182756,Amoxicillin,12.469746046867705,Injectable,Mild Infection,14.62
ANI_02077,Goat,,10.76211570120224,Amoxicillin,6.23760666084011,Injectable,Healthy,11.14
ANI_02078,Cattle,477.72517868479787,14.333180952177564,Penicillin,22.65223739221429,Topical,Mild Infection,9.4
ANI_02079,Sheep,,11.917682291636542,Tylosin,10.854336512590006,Injectable,Severe Infection,16.76
ANI_02080,Goat,,9.991313972589689,Penicillin,16.303489492021903,Injectable,Mild Infection,14.17
ANI_02081,Goat,62.174316875933116,5.060097212216498,Oxytetracycline,28.9788026256852,Injectable,Healthy,21.59
ANI_02082,Goat,,7.308926719499627,Oxytetracycline,10.351798324250492,Injectable,Severe Infection,24.51
ANI_02083,Sheep,56.797187700389784,7.175624214887522,Amoxicillin,9.824754444178325,Injectable,Mild Infection,13.64
ANI_02084,Pig,99.23477435071688,,Penicillin,16.807568218854705,Topical,Mild Infection,9.08
ANI_02085,Sheep,59.82153590206511,6.297263673710015,Penicillin,23.504155406915373,Oral,Healthy,10.23
ANI_02086,Goat,29.401335554378925,,Amoxicillin,11.113307533028527,Oral,Mild Infection,10.03
ANI_02087,Pig,82.79462742141365,4.365189851190205,Tylosin,15.720833027141396,Injectable,Mild Infection,19.83
ANI_02088,Sheep,62.31528480217519,5.613393358996926,Oxytetracycline,24.309019272982475,Injectable,Healthy,21.76
ANI_02089,Cattle,627.2400627449058,48.58087958681965,Oxytetracycline,24.081993687949,Injectable,Healthy,19.21
ANI_02090,Pig,131.9729518718222,4.827595562785434,Penicillin,24.066884301801725,Injectable,Healthy,12.03
ANI_02091,Pig,122.30500986563561,5.412009582792863,Tylosin,7.37091950437474,Oral,Severe Infection,16.83
ANI_02092,Pig,115.8137242005168,5.3350534949768145,Amoxicillin,11.973580668337705,Oral,Healthy,9.31
ANI_02093,Goat,44.24746389079502,8.93891548368853,Penicillin,13.563487650752272,Injectable,Healthy,11.26
ANI_02094,Goat,24.778990108548463,8.806109955249632,Amoxicillin,10.426592821365677,Injectable,Severe Infection,12.85
ANI_02095,Goat,24.207937581874866,7.424265717609893,Tylosin,14.713677362102885,Oral,Healthy,12.22
ANI_02096,Pig,110.54877303719994,5.286146292410296,Tylosin,9.745008637828283,Injectable,Healthy,12.75
ANI_02097,Cattle,462.7781490353208,27.732422929758016,Amoxicillin,13.864360553553905,Injectable,Healthy,13.7
ANI_02098,Pig,80.04484434681291,8.455159010134247,Oxytetracycline,17.0150642949871,Injectable,Healthy,16.93
ANI_02099,Pig,140.88647604749596,4.050934591810534,Amoxicillin,9.904103611368052,Injectable,Severe Infection,15.69
ANI_02100,Sheep,70.61784766958321,14.138030192826848,Amoxicillin,10.451908290902965,Topical,Mild Infection,8.75
ANI_02101,Pig,85.99734094100182,6.644481761764817,Penicillin,24.419188635510796,Oral,Healthy,9.72
ANI_02102,Pig,126.77039017162545,8.377002028069413,Penicillin,15.739617325983573,Injectable,Healthy,12.52
ANI_02103,Sheep,75.73542920049718,10.797937278011473,Penicillin,18.19216705695066,Oral,Healthy,8.09
ANI_02104,Cattle,716.6959267246966,23.18323382924593,Amoxicillin,14.636871659566511,Injectable,Healthy,11.65
ANI_02105,Cattle,634.0666230603392,37.720676956325505,Penicillin,19.411684147254135,Injectable,Mild Infection,12.51
ANI_02106,Goat,53.42444480362076,7.834820954275599,Oxytetracycline,13.655478053269928,Topical,Mild Infection,13.76
ANI_02107,Goat,,12.19193088178645,Amoxicillin,10.429465845718413,Oral,Healthy,10.09
ANI_02108,Cattle,553.4703949636198,19.963544360677567,Amoxicillin,13.05270597207251,Oral,Healthy,6.69
ANI_02109,Cattle,646.3744124990844,51.77336279972396,Penicillin,21.612019880611406,Injectable,Mild Infection,15.08
ANI_02110,Pig,86.415561255638,10.3347207574864,Amoxicillin,14.986478849342207,Topical,Healthy,8.9
ANI_02111,Sheep,44.331984989305155,12.605800281108584,Amoxicillin,5.476123784274881,Injectable,Healthy,8.04
ANI_02112,Cattle,,37.26520687364234,Tylosin,17.221530220205373,Injectable,Healthy,16.46
ANI_02113,Sheep,56.95519182609692,22.97483667734744,Penicillin,20.999174438014773,Topical,Healthy,3.67
ANI_02114,Cattle,548.2848745748108,33.4471197832128,Amoxicillin,10.147764220004536,Oral,Healthy,7.29
ANI_02115,Cattle,548.8828558202015,48.751867603316406,Oxytetracycline,15.799166436075735,Injectable,Healthy,19.33
ANI_02116,Cattle,621.6165776782254,24.654375501885216,Penicillin,14.88500098417141,Topical,Severe Infection,8.67
ANI_02117,Sheep,88.0087694760939,13.965460548930528,Oxytetracycline,10.11866993492113,Injectable,Healthy,17.62
ANI_02118,Goat,43.44591947185481,13.565906883084615,Penicillin,23.51255470423485,Oral,Healthy,6.95
ANI_02119,Sheep,66.48078011213506,17.639618621075677,Penicillin,16.348887141487438,Injectable,Mild Infection,9.64
ANI_02120,Goat,49.218005214981986,9.138425715043304,Tylosin,18.27490420092539,Injectable,Severe Infection,20.07
ANI_02121,Cattle,631.5440218224961,,Oxytetracycline,19.828275092457634,Injectable,Healthy,18.52
ANI_02122,Goat,,17.026016471760446,Tylosin,12.2233009569089,Injectable,Mild Infection,18.02
ANI_02123,Goat,52.63226960873601,14.025860247712352,Tylosin,6.143773465193802,Injectable,Severe Infection,17.27
ANI_02124,Cattle,744.0923965456535,,Penicillin,13.487035603251451,Injectable,Healthy,10.42
ANI_02125,Cattle,642.1179096797116,18.217772362691775,Tylosin,16.43788515640964,Injectable,Healthy,16.64
ANI_02126,Goat,44.71065561233558,,Amoxicillin,5.52586860214377,Injectable,Mild Infection,13.89
ANI_02127,Cattle,500.08573342459647,46.226394157146224,Oxytetracycline,20.90948465476395,Oral,Severe Infection,21.35
ANI_02128,Goat,50.055024253399374,11.631532648305402,Penicillin,17.865632299830352,Topical,Mild Infection,7.38
ANI_02129,Pig,109.78115001083111,4.993607223165261,Amoxicillin,11.120009375568682,Injectable,Mild Infection,12.99
ANI_02130,Sheep,46.12713486569134,12.182242790879405,Oxytetracycline,20.117345970573766,Oral,Healthy,18.43
ANI_02131,Pig,128.01108773001604,6.261544937888394,Amoxicillin,7.154532769556433,Topical,Healthy,3.67
ANI_02132,Cattle,,39.49462946114659,Oxytetracycline,24.507824923178887,Injectable,Severe Infection,25.83
ANI_02133,Goat,38.634303989947824,15.346139522321646,Penicillin,14.716150395606931,Injectable,Mild Infection,9.96
ANI_02134,Sheep,39.849915604929095,4.885858923221789,Amoxicillin,11.131075959555897,Injectable,Healthy,13.39
ANI_02135,Sheep,50.01664810503828,17.01155598165463,Oxytetracycline,12.943154019274468,Topical,Mild Infection,15.11
ANI_02136,Pig,95.3218402911021,7.752830732929279,Amoxicillin,12.915410063332002,Topical,Mild Infection,9.24
ANI_02137,Pig,104.12418416615677,5.025958273930987,Oxytetracycline,23.734333192096972,Topical,Healthy,15.2
ANI_02138,Cattle,576.7843694668111,36.4346468455832,Oxytetracycline,26.348953010139063,Injectable,Healthy,19.86
ANI_02139,Goat,40.24351649915823,7.800201688277492,Tylosin,6.187229314245915,Injectable,Healthy,13.28
ANI_02140,Pig,101.59991710487164,6.1345199190497945,Penicillin,22.577537879854553,Injectable,Mild Infection,12.24
ANI_02141,Pig,95.80824467594168,6.156026148911179,Oxytetracycline,27.106953373672454,Injectable,Mild Infection,23.39
ANI_02142,Goat,45.80472140385857,6.969184035548563,Amoxicillin,8.759611021613539,Oral,Severe Infection,14.09
ANI_02143,Sheep,60.29739030956156,12.262323885480713,Oxytetracycline,29.87823976463564,Injectable,Mild Infection,22.17
ANI_02144,Sheep,68.2585266982771,,Oxytetracycline,22.666771636851788,Injectable,Healthy,18.73
ANI_02145,Sheep,72.29183625940799,16.817868833014593,Amoxicillin,14.011312392861718,Injectable,Healthy,15.6
ANI_02146,Pig,108.0788083213661,6.056153068989098,Oxytetracycline,26.249119008062248,Injectable,Healthy,18.41
ANI_02147,Pig,108.33428698517832,5.871834246862314,Oxytetracycline,21.203851084684665,Injectable,Mild Infection,20.44
ANI_02148,Cattle,424.4875601551482,42.35430533193672,Penicillin,19.927439345171553,Injectable,Healthy,12.27
ANI_02149,Sheep,55.78537702637802,14.850317786440247,Amoxicillin,6.5705888409913875,Injectable,Severe Infection,11.91
ANI_02150,Cattle,427.5080657108398,41.46249897721977,Oxytetracycline,13.993193732979565,Topical,Healthy,14.35
ANI_02151,Pig,105.9258069696687,5.781813583447493,Amoxicillin,13.225837321614321,Injectable,Healthy,10.53
ANI_02152,Sheep,64.66066748278604,11.283563396584778,Amoxicillin,12.954509581775875,Oral,Healthy,8.8
ANI_02153,Goat,27.168305988587125,10.814512424987,Penicillin,13.8847326614795,Injectable,Healthy,10.15
ANI_02154,Sheep,,6.56057590211239,Amoxicillin,6.201915414455387,Injectable,Healthy,10.79
ANI_02155,Pig,107.16773226256349,5.763860488155709,Penicillin,11.247425996986973,Topical,Healthy,5.01
ANI_02156,Sheep,60.661411151490015,,Penicillin,23.67524506494604,Injectable,Healthy,11.3
ANI_02157,Goat,,13.988327764012809,Tylosin,15.281099345604815,Oral,Mild Infection,11.42
ANI_02158,Pig,104.08307743992054,7.24948405296301,Penicillin,24.0600934468705,Injectable,Healthy,13.05
ANI_02159,Sheep,71.34686019927562,14.434947584367489,Tylosin,10.323767605470607,Oral,Healthy,9.97
ANI_02160,Goat,32.17796479166361,22.16842539467952,Penicillin,11.39367491994555,Topical,Healthy,2.44
ANI_02161,Pig,125.38532545849856,8.010900670156158,Tylosin,7.051325354200813,Injectable,Mild Infection,16.41
ANI_02162,Pig,119.88828840180477,5.637051595287863,Oxytetracycline,17.622866305859574,Injectable,Severe Infection,25.26
ANI_02163,Cattle,546.7203692827762,51.23340868108311,Amoxicillin,6.1585277700376455,Oral,Severe Infection,10.99
ANI_02164,Pig,94.46081811545669,5.425587640433461,Penicillin,10.326834246433833,Oral,Healthy,3.75
ANI_02165,Goat,44.6226583091194,16.33376521339154,Oxytetracycline,16.497497341985774,Injectable,Severe Infection,19.24
ANI_02166,Cattle,583.405545184937,39.49600371982559,Tylosin,12.847340947161676,Oral,Healthy,15.85
ANI_02167,Sheep,77.51674453777895,19.259655740665394,Penicillin,23.712826362002666,Oral,Healthy,6.87
ANI_02168,Cattle,,36.171844826458305,Tylosin,6.267989229403586,Injectable,Healthy,13.18
ANI_02169,Cattle,570.425309502092,39.71831933241217,Oxytetracycline,10.658371735279076,Topical,Mild Infection,15.49
ANI_02170,Sheep,73.175408190174,10.381873038993632,Oxytetracycline,21.087280816568196,Topical,Mild Infection,18.12
ANI_02171,Cattle,,31.054752600321137,Amoxicillin,8.739702592773327,Injectable,Mild Infection,13.34
ANI_02172,Pig,104.0206700743314,6.297546809002185,Amoxicillin,12.80338247625157,Oral,Healthy,10.24
ANI_02173,Cattle,513.9662127686496,36.663650223662664,Tylosin,9.508656620810331,Injectable,Mild Infection,14.69
ANI_02174,Goat,46.075537390580664,,Oxytetracycline,17.050557025277026,Injectable,Severe Infection,25.07
ANI_02175,Pig,104.62850936624616,6.828403198860113,Penicillin,22.430424133660026,Oral,Mild Infection,10.94
ANI_02176,Sheep,73.50993905727516,8.95278300505948,Amoxicillin,7.907048559043821,Topical,Mild Infection,7.41
ANI_02177,Sheep,47.21363295442208,12.424330841033369,Penicillin,22.006150949876552,Injectable,Healthy,15.34
ANI_02178,Pig,88.61277615818264,7.175607708018943,Penicillin,13.34466212181522,Injectable,Healthy,11.01
ANI_02179,Goat,40.668698923075816,14.389441918931997,Penicillin,20.483538578412144,Injectable,Severe Infection,16.03
ANI_02180,Sheep,68.70060216907484,15.998708387628154,Amoxicillin,11.698908678584068,Topical,Mild Infection,8.84
ANI_02181,Cattle,501.93075292261307,21.826434441136204,Penicillin,16.835911010203695,Injectable,Healthy,9.56
ANI_02182,Goat,48.8891617216357,13.709752912333544,Penicillin,19.510554601204127,Oral,Mild Infection,6.72
ANI_02183,Sheep,60.11286223160319,12.12699503049517,Amoxicillin,14.719141301256846,Topical,Severe Infection,10.42
ANI_02184,Sheep,67.61192372701508,9.751624759407257,Amoxicillin,8.125747270778582,Injectable,Healthy,13.71
ANI_02185,Goat,35.372903026212484,20.54032803572052,Oxytetracycline,16.10528603214872,Oral,Severe Infection,19.39
ANI_02186,Pig,86.81880618970918,4.924979458309911,Oxytetracycline,24.342389710645847,Topical,Healthy,14.87
ANI_02187,Sheep,51.22998837268089,11.1601041545059,Tylosin,12.995649318328747,Injectable,Healthy,15.11
ANI_02188,Goat,38.84251391406126,8.772086933440255,Oxytetracycline,20.477112140856452,Oral,Healthy,16.71
ANI_02189,Goat,44.11900189063568,,Oxytetracycline,12.877314856136877,Injectable,Mild Infection,19.38
ANI_02190,Sheep,62.04857300217691,13.2613258825777,Penicillin,15.320874519212913,Injectable,Healthy,11.8
ANI_02191,Pig,107.63103151778522,6.155936944387884,Tylosin,7.046766774056878,Injectable,Severe Infection,20.11
ANI_02192,Sheep,63.13143023133532,17.90612014981081,Amoxicillin,12.61211515165474,Injectable,Mild Infection,14.47
ANI_02193,Sheep,73.84630458176544,10.079193098619852,Tylosin,19.3014047510122,Oral,Healthy,13.0
ANI_02194,Cattle,418.2418413222309,43.264542669762264,Amoxicillin,14.65510824567933,Injectable,Mild Infection,14.49
ANI_02195,Sheep,67.5112119078048,4.438959213251316,Amoxicillin,12.823830932235502,Injectable,Healthy,12.82
ANI_02196,Cattle,573.8566039202061,45.999636640083565,Penicillin,12.658335749597045,Injectable,Mild Infection,11.04
ANI_02197,Sheep,57.26950917484842,1.0795287409177359,Penicillin,22.845300232202632,Injectable,Healthy,8.08
ANI_02198,Sheep,63.75746881719658,9.865274800537255,Penicillin,13.324137823587263,Injectable,Mild Infection,12.02
ANI_02199,Cattle,436.6964599438318,48.679943391132326,Amoxicillin,10.018981804026646,Injectable,Healthy,9.53
ANI_02200,Pig,112.19625039749505,4.80980251790434,Tylosin,18.247639559214846,Injectable,Healthy,16.82
ANI_02201,Cattle,538.7781209362387,50.551014983682606,Tylosin,16.29781555772261,Oral,Severe Infection,18.78
ANI_02202,Sheep,38.06352073741127,14.516719431498219,Amoxicillin,10.954499314692967,Injectable,Severe Infection,13.2
ANI_02203,Pig,99.7819773799257,9.571173404952145,Tylosin,14.127366298454252,Injectable,Mild Infection,16.3
ANI_02204,Goat,46.92698070867475,12.017481006331867,Oxytetracycline,26.08467578064453,Injectable,Mild Infection,21.67
ANI_02205,Goat,47.399663156046074,8.343810716637929,Oxytetracycline,22.205169103804625,Injectable,Mild Infection,23.19
ANI_02206,Cattle,609.0244283658064,27.178052279196397,Penicillin,20.459886554768737,Injectable,Healthy,13.98
ANI_02207,Cattle,590.5192567371888,51.38206834314353,Amoxicillin,6.550936062710023,Injectable,Mild Infection,11.45
ANI_02208,Goat,28.088621951435385,15.726920203883395,Oxytetracycline,14.519054217065078,Injectable,Severe Infection,26.13
ANI_02209,Goat,,,Oxytetracycline,16.491285685109528,Injectable,Mild Infection,22.17
ANI_02210,Cattle,,45.71553933674591,Amoxicillin,12.551177893054172,Injectable,Severe Infection,14.47
ANI_02211,Goat,44.72401855036223,17.243530906754785,Oxytetracycline,19.519661097210943,Injectable,Healthy,18.87
ANI_02212,Cattle,574.22099624265,30.67816273178094,Penicillin,24.727120340767407,Oral,Severe Infection,14.76
ANI_02213,Goat,46.032434278765706,14.892091614920687,Oxytetracycline,23.435454527244595,Oral,Healthy,17.38
ANI_02214,Pig,62.62051848346247,3.9928270636771166,Tylosin,8.450815516203456,Injectable,Healthy,13.59
ANI_02215,Cattle,579.2903466692294,7.952444553062591,Tylosin,14.42439842722329,Topical,Mild Infection,11.36
ANI_02216,Goat,39.56202883459027,13.511529129124925,Amoxicillin,14.958862757597158,Injectable,Severe Infection,15.95
ANI_02217,Sheep,34.75778319678879,10.018787029586338,Amoxicillin,11.061773057817677,Injectable,Healthy,12.74
ANI_02218,Pig,97.97604745364936,5.167564760201352,Oxytetracycline,12.146373209480302,Oral,Severe Infection,19.01
ANI_02219,Pig,106.0076187391577,5.904340307604173,Tylosin,7.350565216939222,Injectable,Healthy,12.72
ANI_02220,Sheep,60.9390648166045,9.440749443232523,Tylosin,10.822421719404755,Injectable,Severe Infection,18.38
ANI_02221,Pig,98.77686794308882,4.5001301724434954,Penicillin,19.141923790161464,Injectable,Mild Infection,11.89
ANI_02222,Sheep,59.483020606247685,10.840923613084124,Amoxicillin,8.884636426109966,Injectable,Mild Infection,9.8
ANI_02223,Cattle,533.1721946623288,44.143291908842286,Penicillin,12.181342886431597,Injectable,Healthy,11.19
ANI_02224,Pig,104.21270890430117,5.145454836468927,Amoxicillin,10.261427596891464,Injectable,Severe Infection,12.77
ANI_02225,Cattle,222.71612569035318,60.84303701840634,Oxytetracycline,22.09419587774784,Topical,Severe Infection,20.43
ANI_02226,Pig,99.29366280810208,6.367189448614612,Oxytetracycline,23.634719041312216,Injectable,Severe Infection,23.48
ANI_02227,Pig,85.6048231054623,5.663838031190368,Penicillin,18.178166182261002,Oral,Healthy,8.39
ANI_02228,Cattle,,68.34586451362901,Penicillin,18.941477915051436,Injectable,Severe Infection,13.42
ANI_02229,Goat,53.73086799039563,13.694235348066885,Tylosin,18.559642578148658,Oral,Healthy,12.82
ANI_02230,Pig,120.5438957648572,6.601094896801995,Oxytetracycline,25.581905116259918,Injectable,Healthy,17.48
ANI_02231,Pig,118.3132939296814,7.339068487112011,Amoxicillin,9.941004157584395,Topical,Healthy,6.71
ANI_02232,Sheep,71.37058860045522,13.343741565585836,Tylosin,8.775191057904655,Injectable,Healthy,14.6
ANI_02233,Goat,40.91506780108747,13.493781421777758,Oxytetracycline,22.34153060012453,Injectable,Mild Infection,20.57
ANI_02234,Pig,102.22537038334978,6.336766055566176,Tylosin,16.71372878231789,Oral,Mild Infection,14.36
ANI_02235,Sheep,58.98134648357384,8.100678070608136,Tylosin,16.814017196924667,Topical,Mild Infection,12.22
ANI_02236,Pig,95.14967100947956,4.216161467690655,Amoxicillin,7.653240700646672,Injectable,Healthy,12.88
ANI_02237,Pig,73.21465756023834,7.656532713578,Penicillin,21.922453924064904,Injectable,Healthy,10.41
ANI_02238,Sheep,55.38024402028716,9.229657120358006,Oxytetracycline,23.16394816426733,Oral,Healthy,19.14
ANI_02239,Cattle,,33.8567227750813,Oxytetracycline,19.502943603137652,Injectable,Healthy,17.69
ANI_02240,Sheep,39.05562473285097,17.65594062799121,Oxytetracycline,17.389574472674667,Injectable,Mild Infection,19.82
ANI_02241,Goat,44.380289754255955,12.52648275595573,Amoxicillin,14.89723132554715,Injectable,Severe Infection,11.87
ANI_02242,Pig,71.10717493863172,6.730395816822848,Tylosin,12.453160875301933,Injectable,Mild Infection,17.2
ANI_02243,Pig,93.17202693732783,5.940400047610357,Oxytetracycline,13.481282748146167,Oral,Healthy,18.01
ANI_02244,Goat,,8.394080844566272,Oxytetracycline,29.896996141235853,Injectable,Healthy,23.43
ANI_02245,Cattle,458.38547834882723,41.44272036317506,Penicillin,20.641041545789967,Injectable,Mild Infection,8.17
ANI_02246,Sheep,,12.071670952887667,Oxytetracycline,20.58326201911325,Topical,Mild Infection,14.96
ANI_02247,Cattle,601.5046943458476,48.11363606990552,Oxytetracycline,12.30939550355776,Injectable,Healthy,21.52
ANI_02248,Goat,54.63650077056991,12.231820674564688,Penicillin,21.59985329056115,Injectable,Mild Infection,10.02
ANI_02249,Cattle,545.1897586116471,45.448296560332025,Amoxicillin,12.740033129097597,Injectable,Mild Infection,11.94
ANI_02250,Cattle,398.9409396841405,24.351986791406713,Amoxicillin,12.965962414079081,Injectable,Healthy,12.34
ANI_02251,Cattle,473.1992257494643,25.510757245647923,Tylosin,16.61840374871881,Oral,Mild Infection,14.6
ANI_02252,Pig,98.59079319068009,7.268161873505952,Penicillin,18.04524441849334,Injectable,Severe Infection,15.32
ANI_02253,Goat,30.82917912923935,8.908666159854803,Tylosin,14.133006419438496,Injectable,Healthy,14.67
ANI_02254,Goat,44.946314426485664,12.534532772754936,Amoxicillin,11.144336548350953,Oral,Mild Infection,8.45
ANI_02255,Cattle,712.0832995334035,32.718189200340454,Oxytetracycline,18.654128984974072,Injectable,Healthy,19.02
ANI_02256,Pig,138.38562600288918,5.165102061889361,Tylosin,5.690497042125778,Injectable,Healthy,15.34
ANI_02257,Sheep,73.70508653108234,9.00691600810374,Amoxicillin,7.939165968905657,Injectable,Healthy,8.45
ANI_02258,Sheep,76.17358697445054,8.30176068718333,Oxytetracycline,13.266448194286172,Injectable,Mild Infection,20.9
ANI_02259,Goat,30.559927301221173,13.365906956188315,Oxytetracycline,16.227526738106477,Oral,Healthy,18.27
ANI_02260,Cattle,461.6521981076113,45.58172412534296,Oxytetracycline,10.262667474198675,Oral,Healthy,16.32
ANI_02261,Goat,25.17832372107777,19.036018472051556,Oxytetracycline,10.352330142822145,Oral,Healthy,14.38
ANI_02262,Pig,80.79106092032237,7.058420087822069,Tylosin,12.006846390397092,Oral,Healthy,11.36
ANI_02263,Cattle,495.37985288910346,30.912628055102523,Tylosin,14.16172034116921,Oral,Severe Infection,17.75
ANI_02264,Sheep,52.78303545984557,6.23951548368235,Penicillin,20.604954454456273,Topical,Healthy,5.78
ANI_02265,Cattle,569.1184158377242,18.09912830950362,Amoxicillin,6.230878534032706,Injectable,Severe Infection,18.33
ANI_02266,Pig,89.90569076329697,7.48962209839352,Oxytetracycline,18.613471429649103,Injectable,Severe Infection,22.12
ANI_02267,Sheep,55.26543740345303,7.677362281703002,Oxytetracycline,23.06580489518967,Oral,Healthy,16.46
ANI_02268,Pig,88.76678886149148,8.805809567924381,Oxytetracycline,24.305642626543538,Injectable,Healthy,20.13
ANI_02269,Goat,38.47300558116977,5.364357668466871,Oxytetracycline,17.078553531506074,Injectable,Severe Infection,25.07
ANI_02270,Cattle,457.65634168207225,25.454225051542565,Penicillin,24.948421292707852,Topical,Mild Infection,8.12
ANI_02271,Goat,45.42299349100269,12.292335059163353,Amoxicillin,6.664194379316028,Oral,Healthy,6.82
ANI_02272,Sheep,55.30042126826849,12.534927706381389,Penicillin,16.094122008393796,Injectable,Healthy,7.57
ANI_02273,Cattle,596.7812210804535,24.932111324787165,Penicillin,18.678631170748357,Topical,Severe Infection,8.62
ANI_02274,Cattle,412.9836842220098,34.995031348179445,Penicillin,19.82272093583692,Injectable,Healthy,13.06
ANI_02275,Sheep,75.06584846133575,12.566818866615726,Amoxicillin,12.689132100912616,Injectable,Healthy,13.94
ANI_02276,Pig,79.60062562464623,4.630567691303865,Penicillin,23.081656131895407,Oral,Healthy,8.93
ANI_02277,Pig,115.96626473802276,5.527924856892918,Penicillin,10.314744944294548,Injectable,Healthy,10.69
ANI_02278,Goat,39.640643694764535,6.9399242867461455,Oxytetracycline,10.371110781397208,Injectable,Mild Infection,19.84
ANI_02279,Cattle,444.67214271319295,21.21170994814388,Tylosin,17.131133435316798,Topical,Healthy,11.44
ANI_02280,Pig,93.03144099416812,3.5931718600577414,Penicillin,21.729914282665902,Topical,Mild Infection,9.93
ANI_02281,Sheep,64.32818541265323,14.402039188908748,Amoxicillin,10.17155970488958,Injectable,Healthy,9.96
ANI_02282,Pig,104.064954626108,7.063708040947601,Penicillin,23.185479578147067,Oral,Mild Infection,9.92
ANI_02283,Pig,62.19518671726008,8.696750896676093,Oxytetracycline,16.133479433761522,Injectable,Mild Infection,23.16
ANI_02284,Sheep,41.22960845369691,8.984982637730546,Oxytetracycline,17.366330112522512,Injectable,Mild Infection,21.19
ANI_02285,Cattle,497.4161855283867,33.700489012110985,Oxytetracycline,17.179408593740174,Oral,Healthy,18.71
ANI_02286,Cattle,518.70689379766,29.227661357266086,Oxytetracycline,24.676602388429117,Injectable,Healthy,20.98
ANI_02287,Cattle,474.90285559700015,20.4162792601334,Tylosin,16.993404743633434,Injectable,Mild Infection,15.29
ANI_02288,Sheep,,1,Oxytetracycline,27.028700757149494,Injectable,Mild Infection,20.7
ANI_02289,Pig,134.35295373361612,6.682359258006713,Oxytetracycline,22.437121709691517,Injectable,Healthy,21.56
ANI_02290,Sheep,69.21936601285356,9.20578780246913,Tylosin,15.750871740221758,Oral,Mild Infection,10.22
ANI_02291,Sheep,61.306748998926196,14.867687809542042,Oxytetracycline,13.579236342700021,Injectable,Healthy,19.86
ANI_02292,Pig,114.51642296077594,5.353456120569465,Amoxicillin,5.620510526354328,Oral,Mild Infection,10.45
ANI_02293,Sheep,60.74151895931111,12.709945661911258,Tylosin,18.304008945638053,Injectable,Mild Infection,19.53
ANI_02294,Goat,37.89620068787437,17.858669035527203,Penicillin,13.796266048321403,Oral,Mild Infection,9.95
ANI_02295,Pig,121.03162090852987,7.784095606854547,Tylosin,14.933713212822205,Topical,Healthy,11.77
ANI_02296,Pig,102.51117044947156,,Penicillin,12.078211636670414,Injectable,Severe Infection,14.48
ANI_02297,Pig,109.61000466271317,6.920689609651288,Tylosin,15.630578008235045,Topical,Healthy,10.91
ANI_02298,Goat,33.3105030836934,8.72707206599064,Penicillin,23.380383535449603,Injectable,Healthy,11.34
ANI_02299,Sheep,52.35453094892489,14.583648061676808,Amoxicillin,11.675288182241696,Topical,Mild Infection,9.36
ANI_02300,Cattle,527.5248687568364,40.041735268649575,Amoxicillin,8.804444517659611,Topical,Severe Infection,11.95
ANI_02301,Sheep,79.6594585200655,10.605609133860684,Oxytetracycline,28.23549094048286,Oral,Healthy,17.94
ANI_02302,Sheep,72.78485207451672,7.878769397706617,Oxytetracycline,17.056120185318115,Injectable,Healthy,19.87
ANI_02303,Sheep,49.33232445315339,12.944736621191561,Oxytetracycline,10.834495857070065,Injectable,Healthy,20.84
ANI_02304,Goat,28.42594314937228,12.088397294203743,Tylosin,6.278211303526564,Injectable,Healthy,12.08
ANI_02305,Sheep,58.37090843714018,8.534653531248551,Amoxicillin,14.151407395173948,Injectable,Healthy,13.36
ANI_02306,Goat,44.68650386843724,5.578467891760778,Tylosin,7.724648548365741,Topical,Mild Infection,12.6
ANI_02307,Cattle,496.0660044072639,57.51673190172579,Penicillin,16.47900135045215,Topical,Healthy,5.67
ANI_02308,Cattle,238.2886882568789,32.53050843858598,Tylosin,18.438637080972363,Oral,Severe Infection,17.38
ANI_02309,Goat,37.698900311703895,11.497338458909914,Amoxicillin,8.73617772310308,Injectable,Mild Infection,11.41
ANI_02310,Goat,49.56920177220901,11.3773698468404,Amoxicillin,6.664320766624571,Oral,Mild Infection,10.87
ANI_02311,Sheep,66.77002397313736,16.435365676286825,Oxytetracycline,24.634799471712103,Injectable,Mild Infection,23.03
ANI_02312,Goat,44.90307257410547,6.524237773187223,Tylosin,9.392192826571765,Injectable,Severe Infection,18.89
ANI_02313,Pig,95.41886555716621,6.850746213597977,Oxytetracycline,17.545714487424796,Topical,Healthy,12.73
ANI_02314,Goat,49.569069736728856,9.305469694277939,Tylosin,6.693898869333125,Injectable,Healthy,12.63
ANI_02315,Cattle,477.22287237560363,44.570849612780506,Oxytetracycline,23.412116194426908,Oral,Healthy,16.42
ANI_02316,Pig,84.62466342878614,7.5308614584701905,Penicillin,16.736958488402365,Injectable,Mild Infection,13.74
ANI_02317,Pig,114.50320266806804,2.3799137549439635,Tylosin,15.822043068072308,Oral,Severe Infection,18.55
ANI_02318,Cattle,525.5328171745044,57.27580622516427,Penicillin,14.892245756790423,Injectable,Healthy,11.27
ANI_02319,Cattle,406.5075918561156,53.15682319428085,Amoxicillin,11.713340311030056,Injectable,Healthy,12.15
ANI_02320,Pig,104.92235412753168,7.3985021776575275,Penicillin,13.422510015708767,Injectable,Mild Infection,12.52
ANI_02321,Pig,86.39314761800252,5.377441432240928,Tylosin,15.751195743651163,Injectable,Mild Infection,15.57
ANI_02322,Cattle,448.46062018845794,35.55716591125479,Amoxicillin,5.969084346778111,Injectable,Mild Infection,12.38
ANI_02323,Cattle,398.99135411404575,37.934219067022305,Amoxicillin,7.116153273493815,Oral,Healthy,7.43
ANI_02324,Sheep,80.02947084076285,16.186593443367116,Penicillin,14.586382347335482,Injectable,Healthy,9.05
ANI_02325,Sheep,60.77028020845872,14.789402978552268,Oxytetracycline,25.756663763709934,Injectable,Healthy,21.15
ANI_02326,Sheep,81.32146460143701,,Amoxicillin,12.822290004721234,Oral,Healthy,7.13
ANI_02327,Sheep,56.400668285191365,11.51533642878798,Penicillin,20.79215339764697,Oral,Healthy,8.04
ANI_02328,Goat,33.017911433691694,3.5114663493021165,Oxytetracycline,19.221066610543765,Injectable,Healthy,18.66
ANI_02329,Cattle,,51.944897161190994,Tylosin,7.812920719198413,Oral,Healthy,11.38
ANI_02330,Cattle,487.420737234167,34.06790200566358,Penicillin,14.310698728833525,Oral,Mild Infection,11.29
ANI_02331,Sheep,55.23020610677262,9.533852291486978,Amoxicillin,11.924454812415469,Oral,Healthy,7.73
ANI_02332,Cattle,575.6642465106938,48.95428219260204,Tylosin,12.513941066247583,Injectable,Mild Infection,17.41
ANI_02333,Cattle,449.7028989093372,20.78653722886015,Amoxicillin,10.440122913631098,Injectable,Healthy,10.59
ANI_02334,Sheep,83.17516231196855,13.734929576112075,Oxytetracycline,25.571636974412865,Oral,Mild Infection,20.25
ANI_02335,Pig,105.22079965173815,6.745938674419149,Amoxicillin,14.265455414356275,Injectable,Healthy,12.4
ANI_02336,Sheep,54.116384356932215,,Oxytetracycline,12.103765697579433,Injectable,Healthy,20.81
ANI_02337,Pig,77.08523433895897,3.51602928010368,Oxytetracycline,26.79716006799171,Injectable,Severe Infection,27.02
ANI_02338,Goat,47.50888862900395,18.992721832277038,Penicillin,19.732388147509212,Topical,Healthy,7.4
ANI_02339,Pig,54.86069231046607,7.275160275563623,Tylosin,16.430576950836127,Injectable,Severe Infection,18.99
ANI_02340,Cattle,501.60366630134786,23.959871235046958,Penicillin,19.049234791758828,Oral,Healthy,7.69
ANI_02341,Cattle,526.1835320571537,36.46182634009112,Penicillin,18.841648309063736,Injectable,Severe Infection,16.6
ANI_02342,Pig,69.11090181832891,5.844304436911353,Amoxicillin,13.310067889897745,Topical,Severe Infection,11.17
ANI_02343,Goat,41.46243171336101,8.885669417015372,Tylosin,15.298713920319317,Topical,Mild Infection,11.03
ANI_02344,Cattle,365.902796401872,45.30173460733717,Oxytetracycline,10.19461920311046,Injectable,Healthy,19.82
ANI_02345,Sheep,56.15033471191551,17.742578880396874,Oxytetracycline,13.07725938907674,Oral,Healthy,14.88
ANI_02346,Sheep,64.40819798905716,7.205599392148237,Penicillin,18.385098084788353,Injectable,Healthy,10.5
ANI_02347,Cattle,,28.33532015368302,Penicillin,19.920247601245947,Injectable,Severe Infection,14.89
ANI_02348,Pig,33.409924049837414,5.334658402974398,Tylosin,17.156148991025454,Oral,Mild Infection,12.63
ANI_02349,Goat,40.881655033872995,5.505651657460646,Oxytetracycline,26.86722257743979,Injectable,Healthy,18.21
ANI_02350,Goat,25.624066821764792,14.656344915080888,Penicillin,18.638657011260946,Injectable,Mild Infection,10.09
ANI_02351,Sheep,62.447279181600166,18.54221671339559,Penicillin,16.93089702841945,Topical,Severe Infection,8.68
ANI_02352,Pig,81.33057683149917,6.056121612767825,Tylosin,14.70448526031963,Injectable,Severe Infection,17.43
ANI_02353,Goat,43.104174442389045,8.833102904443617,Amoxicillin,8.72676095495838,Oral,Severe Infection,11.38
ANI_02354,Cattle,653.5530773371883,25.598170456870257,Penicillin,16.161726143641523,Oral,Mild Infection,9.05
ANI_02355,Cattle,644.1954153562435,26.070032573443793,Oxytetracycline,17.905769221392198,Injectable,Severe Infection,22.64
ANI_02356,Cattle,380.8280866382657,34.86052356596255,Oxytetracycline,28.049070784110413,Injectable,Healthy,21.56
ANI_02357,Sheep,56.9914725103746,12.455599675612737,Oxytetracycline,14.421317300944335,Injectable,Mild Infection,17.69
ANI_02358,Pig,,5.368486325561623,Tylosin,15.966966634466353,Injectable,Healthy,16.3
ANI_02359,Pig,68.79973809403833,8.188721714561565,Penicillin,20.172689401180996,Topical,Healthy,2.43
ANI_02360,Pig,71.83137019263279,6.04282125680858,Oxytetracycline,19.804057084112564,Injectable,Severe Infection,25.75
ANI_02361,Sheep,77.0142374044037,15.379414360100172,Oxytetracycline,28.686600164338888,Topical,Healthy,17.23
ANI_02362,Sheep,72.09531401136269,13.335350476309454,Tylosin,16.363051801958438,Injectable,Healthy,16.22
ANI_02363,Pig,82.9930580405154,5.2022872057782115,Amoxicillin,12.249131428523432,Injectable,Healthy,12.58
ANI_02364,Cattle,416.699174416056,22.405177287098,Penicillin,20.505776997149404,Injectable,Healthy,9.33
ANI_02365,Sheep,65.92358407804475,8.608596105236938,Tylosin,15.027697722017328,Oral,Mild Infection,12.63
ANI_02366,Pig,111.9201734597224,7.332049711089877,Penicillin,23.881773884177996,Injectable,Healthy,12.82
ANI_02367,Cattle,407.39475381207353,21.217695467136267,Oxytetracycline,20.936040518290245,Injectable,Mild Infection,22.06
ANI_02368,Sheep,52.27026565833379,15.238942999179178,Tylosin,8.115951233026673,Oral,Severe Infection,15.31
ANI_02369,Sheep,58.711991712107455,21.94880306956937,Oxytetracycline,28.259708128620172,Injectable,Mild Infection,20.81
ANI_02370,Sheep,54.36446818751299,14.316651770045738,Tylosin,15.99028537095202,Oral,Healthy,12.37
ANI_02371,Cattle,541.5147732929836,38.71825848290002,Tylosin,9.55792195983083,Injectable,Severe Infection,19.75
ANI_02372,Goat,47.92239637679619,17.191014847148967,Penicillin,22.493035626969842,Injectable,Mild Infection,12.76
ANI_02373,Pig,122.31694549873293,5.2015315614057975,Amoxicillin,9.902014585562668,Oral,Healthy,8.56
ANI_02374,Sheep,43.53488613398059,14.737690880174902,Penicillin,19.355829539187752,Oral,Healthy,8.89
ANI_02375,Pig,97.30969744353435,7.210230669077887,Tylosin,12.925984751022298,Oral,Mild Infection,13.61
ANI_02376,Pig,,5.828011368709373,Amoxicillin,14.912664987450434,Topical,Severe Infection,11.63
ANI_02377,Pig,110.6061987249592,6.013276020762211,Penicillin,24.20547095385141,Oral,Healthy,10.16
ANI_02378,Cattle,562.732812027381,39.82046940070356,Oxytetracycline,12.83430416495145,Oral,Mild Infection,16.59
ANI_02379,Cattle,602.4655190284435,49.74389118838674,Penicillin,17.73279873871565,Injectable,Mild Infection,8.66
ANI_02380,Cattle,,26.897786443406435,Tylosin,17.704978996359024,Injectable,Healthy,17.63
ANI_02381,Goat,27.42883524413621,7.411719417234986,Tylosin,17.25018108913885,Oral,Healthy,12.52
ANI_02382,Cattle,550.6811397663049,39.6079133866316,Penicillin,10.246540868984907,Oral,Severe Infection,13.25
ANI_02383,Goat,38.97899057079612,11.26301608458381,Oxytetracycline,20.071170926510447,Topical,Severe Infection,20.01
ANI_02384,Goat,41.44889831111544,13.685308278062404,Tylosin,10.81902613518304,Oral,Healthy,11.28
ANI_02385,Goat,31.44705871440943,10.247925752827648,Tylosin,16.36012671008827,Injectable,Mild Infection,17.07
ANI_02386,Sheep,53.72963490850155,9.287840547397705,Amoxicillin,7.75076785137923,Injectable,Mild Infection,11.62
ANI_02387,Sheep,55.91000820773402,5.882289119869242,Oxytetracycline,16.639539043224662,Oral,Healthy,16.86
ANI_02388,Cattle,532.3755067231493,39.713519952041466,Amoxicillin,12.844614668933792,Injectable,Mild Infection,15.11
ANI_02389,Cattle,420.7068703631165,43.976232603146016,Tylosin,16.692325197073007,Injectable,Healthy,16.26
ANI_02390,Sheep,64.76613507019815,14.041232025053738,Oxytetracycline,23.016767176738135,Injectable,Healthy,20.93
ANI_02391,Pig,,3.219635029217434,Tylosin,16.658427800024867,Topical,Severe Infection,14.8
ANI_02392,Cattle,404.19206203586396,36.12814635882014,Amoxicillin,13.307608668132266,Oral,Severe Infection,13.63
ANI_02393,Goat,43.56924590369813,16.683723114381657,Amoxicillin,14.596988005510044,Injectable,Healthy,11.94
ANI_02394,Sheep,59.03638714411777,10.716099322403235,Amoxicillin,6.061446528213919,Injectable,Healthy,10.26
ANI_02395,Pig,106.00307483053952,7.349467110617549,Oxytetracycline,22.360749611235487,Injectable,Healthy,21.64
ANI_02396,Sheep,65.34468535068511,4.94979125583344,Amoxicillin,13.800767088838445,Oral,Severe Infection,13.49
ANI_02397,Pig,111.34957268274555,5.7402547137652205,Amoxicillin,7.496500927583027,Topical,Healthy,6.37
ANI_02398,Cattle,,36.73418648573095,Oxytetracycline,23.713532726673883,Oral,Mild Infection,19.08
ANI_02399,Pig,,4.169832498778266,Tylosin,16.741022620355416,Injectable,Healthy,14.48
ANI_02400,Pig,64.07604489330897,6.9062462174209704,Oxytetracycline,13.730011668096079,Injectable,Healthy,18.09
ANI_02401,Sheep,56.0987180902655,11.795417472713462,Tylosin,10.202110989768556,Oral,Healthy,10.71
ANI_02402,Pig,105.32430520305815,9.501682143300055,Oxytetracycline,16.643584998066267,Topical,Healthy,12.65
ANI_02403,Goat,40.65402197171591,12.17394771441521,Tylosin,6.396439978145256,Oral,Healthy,10.42
ANI_02404,Cattle,310.5165632417789,50.193328445665,Amoxicillin,10.77821506271614,Injectable,Healthy,13.66
ANI_02405,Sheep,68.23692238842769,11.930010617379578,Amoxicillin,9.805313431584082,Injectable,Healthy,11.42
ANI_02406,Sheep,57.15860445311033,11.086712434582209,Penicillin,18.455533291272875,Oral,Mild Infection,6.81
ANI_02407,Goat,22.266675871891923,11.479259246071322,Penicillin,22.19429475470809,Oral,Mild Infection,10.14
ANI_02408,Sheep,59.97888320015176,17.18892141404715,Amoxicillin,9.942359264076128,Injectable,Mild Infection,11.8
ANI_02409,Sheep,59.99144400429962,15.298429167688111,Penicillin,20.634627189090082,Oral,Healthy,9.15
ANI_02410,Goat,33.963164940853815,,Amoxicillin,5.9516390008021505,Topical,Healthy,5.06
ANI_02411,Goat,44.881888048037304,18.56300903309103,Oxytetracycline,20.01079354264251,Topical,Healthy,15.47
ANI_02412,Goat,45.162375667448345,10.300913463532694,Amoxicillin,13.50930827433241,Topical,Healthy,8.83
ANI_02413,Sheep,56.346225641433435,6.878336786333636,Tylosin,7.554433763780506,Injectable,Mild Infection,13.49
ANI_02414,Sheep,88.24167009402728,8.184335432016317,Tylosin,18.217551327112616,Injectable,Mild Infection,19.29
ANI_02415,Pig,97.25072460521974,6.235247968149685,Tylosin,10.611577024344598,Oral,Healthy,13.45
ANI_02416,Cattle,631.2207993601533,33.30817842131349,Penicillin,10.226611683815566,Injectable,Healthy,8.31
ANI_02417,Sheep,53.23029708938703,6.249589855553778,Oxytetracycline,26.05732744795092,Injectable,Severe Infection,23.01
ANI_02418,Sheep,55.1487005790013,,Oxytetracycline,23.645742435273952,Injectable,Mild Infection,21.43
ANI_02419,Sheep,52.023346309525564,17.788281206938855,Penicillin,11.161333949992601,Injectable,Mild Infection,9.69
ANI_02420,Pig,95.79023938925933,5.618782928481559,Tylosin,15.157174059937446,Oral,Mild Infection,14.58
ANI_02421,Cattle,576.7669488764368,37.18444762098405,Tylosin,10.00747285553108,Oral,Healthy,10.06
ANI_02422,Pig,66.72620043607233,3.9919182779595457,Oxytetracycline,20.207912450401977,Injectable,Severe Infection,23.23
ANI_02423,Sheep,,5.4003384318889855,Tylosin,9.76337209429527,Injectable,Healthy,14.76
ANI_02424,Sheep,59.93599247396862,12.883504904346104,Oxytetracycline,26.863672533147025,Injectable,Healthy,22.09
ANI_02425,Sheep,56.35900089840297,6.933117191473702,Oxytetracycline,12.363936210299709,Injectable,Healthy,18.55
ANI_02426,Sheep,47.630467415571545,14.180677844888976,Penicillin,11.617965076663637,Injectable,Healthy,10.01
ANI_02427,Cattle,427.1525984115248,44.183446575717866,Tylosin,17.432938597513278,Oral,Mild Infection,14.43
ANI_02428,Cattle,565.0489639988436,31.359545504694676,Amoxicillin,7.223861761968884,Oral,Mild Infection,10.06
ANI_02429,Cattle,412.2648996190728,38.903630016664856,Oxytetracycline,23.120291591830124,Injectable,Mild Infection,19.42
ANI_02430,Sheep,70.4166673308335,12.053284078093059,Amoxicillin,8.837153495003268,Injectable,Healthy,14.86
ANI_02431,Pig,64.89668240020039,5.4350445784335495,Penicillin,12.700748499501781,Injectable,Healthy,11.69
ANI_02432,Sheep,,14.795903273379068,Tylosin,11.67918675255867,Injectable,Healthy,14.99
ANI_02433,Sheep,46.77203247760808,,Amoxicillin,11.263655419762578,Injectable,Healthy,13.07
ANI_02434,Sheep,44.82926963094367,15.888512527600374,Oxytetracycline,21.180061401496616,Injectable,Severe Infection,25.9
ANI_02435,Goat,40.35084078159794,15.255571254155987,Penicillin,20.733544532096083,Injectable,Healthy,10.63
ANI_02436,Sheep,54.597144721043165,10.70238832020754,Amoxicillin,7.33257641453998,Injectable,Healthy,10.7
ANI_02437,Sheep,62.28066867653191,10.859697028377004,Oxytetracycline,25.68189401159696,Injectable,Mild Infection,22.26
ANI_02438,Cattle,475.92974281526904,33.38923576492955,Oxytetracycline,19.125917662555977,Oral,Mild Infection,18.87
ANI_02439,Cattle,508.09152255271204,33.98153651241462,Penicillin,18.149400405566126,Injectable,Mild Infection,11.42
ANI_02440,Goat,46.1970050822012,14.528193908484223,Amoxicillin,10.737442425445865,Topical,Severe Infection,11.45
ANI_02441,Goat,40.21897982954567,13.286757480321196,Oxytetracycline,15.427380300501127,Oral,Mild Infection,17.02
ANI_02442,Goat,32.15749003239522,15.449424657880064,Amoxicillin,5.434683993237148,Injectable,Healthy,10.24
ANI_02443,Sheep,59.58952148298127,13.021533461541328,Tylosin,19.255764415686762,Oral,Severe Infection,14.95
ANI_02444,Sheep,67.34811343510417,17.222585472464772,Penicillin,12.381644294308934,Injectable,Severe Infection,11.65
ANI_02445,Sheep,60.11557922771419,6.946061579755573,Oxytetracycline,19.89336564454687,Topical,Mild Infection,17.31
ANI_02446,Goat,33.861220112494685,18.687343434977556,Oxytetracycline,19.63781772114969,Injectable,Healthy,20.65
ANI_02447,Sheep,62.077658789919035,13.942450320598079,Tylosin,5.26447113401037,Injectable,Severe Infection,21.09
ANI_02448,Cattle,563.2151629690773,50.94741974661857,Amoxicillin,9.071928496858536,Topical,Severe Infection,11.06
ANI_02449,Cattle,594.8865245446841,31.449049106744887,Tylosin,5.569257293913222,Injectable,Healthy,13.41
ANI_02450,Pig,94.81831881838738,7.522684713587025,Oxytetracycline,25.35481619705418,Oral,Healthy,19.65
ANI_02451,Sheep,54.55918688982419,6.412069622622437,Oxytetracycline,18.995558831314064,Topical,Healthy,15.02
ANI_02452,Pig,115.89282407147317,6.185127107244557,Amoxicillin,11.356510711589388,Injectable,Healthy,12.36
ANI_02453,Pig,109.79790212819287,5.311596804669991,Oxytetracycline,24.642396008212604,Oral,Mild Infection,19.94
ANI_02454,Sheep,64.52762587848065,4.859722163414137,Penicillin,22.591050158417584,Injectable,Healthy,12.65
ANI_02455,Cattle,587.9738674219885,25.21172263530286,Amoxicillin,10.514044749059007,Oral,Severe Infection,11.25
ANI_02456,Sheep,55.127790583317775,6.054586792373707,Oxytetracycline,16.750976262006503,Injectable,Severe Infection,23.87
ANI_02457,Goat,39.93865758361545,12.649994040996354,Penicillin,24.457134544314997,Topical,Healthy,6.16
ANI_02458,Goat,39.40049942621021,8.837603115474922,Penicillin,14.295948676413676,Topical,Healthy,5.27
ANI_02459,Pig,105.84592025228,7.2480182642256406,Oxytetracycline,29.420582624901993,Oral,Mild Infection,23.3
ANI_02460,Cattle,516.0704551278462,49.735993887308055,Tylosin,16.795459049036197,Injectable,Severe Infection,20.34
ANI_02461,Sheep,77.517962170706,15.290461479894592,Oxytetracycline,29.94470143175174,Oral,Healthy,18.23
ANI_02462,Cattle,427.43825434367125,32.33805240068421,Amoxicillin,5.881546442522991,Oral,Mild Infection,10.41
ANI_02463,Sheep,49.69924117518912,17.104395315271276,Tylosin,10.698577829273393,Oral,Mild Infection,12.01
ANI_02464,Pig,120.90415164064501,7.926218024086918,Penicillin,18.021803131496725,Oral,Healthy,9.25
ANI_02465,Goat,44.73299778627727,18.215332569182717,Oxytetracycline,10.254545633798411,Injectable,Healthy,18.69
ANI_02466,Cattle,591.6328953438572,4.140630712598881,Tylosin,11.741551629620682,Oral,Healthy,12.12
ANI_02467,Pig,126.98893365076034,6.9020872674917815,Penicillin,21.535922100717563,Oral,Healthy,6.35
ANI_02468,Sheep,,15.793703082872682,Oxytetracycline,15.430331554661427,Injectable,Mild Infection,21.91
ANI_02469,Cattle,582.0977561824916,13.251046279049078,Tylosin,5.801985861884427,Injectable,Mild Infection,11.92
ANI_02470,Cattle,516.9826672583687,42.22612707528134,Tylosin,13.080049395281495,Injectable,Healthy,15.29
ANI_02471,Cattle,477.6629662213127,35.76581472715122,Tylosin,11.648860120390017,Injectable,Healthy,16.93
ANI_02472,Pig,77.52197750154231,2.514224052365881,Oxytetracycline,25.496194416845075,Injectable,Healthy,17.56
ANI_02473,Sheep,60.369053385530144,16.08559907552735,Oxytetracycline,21.622170433970105,Injectable,Mild Infection,21.05
ANI_02474,Goat,35.509146099808426,6.457863208843352,Tylosin,8.991316038034245,Injectable,Severe Infection,18.5
ANI_02475,Cattle,621.2384452889752,11.825548902171654,Amoxicillin,7.4183499495446545,Oral,Healthy,7.57
ANI_02476,Pig,95.6062590995232,8.098001402130802,Tylosin,9.23101436816415,Oral,Mild Infection,13.38
ANI_02477,Cattle,414.8307175578751,33.59312600529922,Oxytetracycline,29.509809966621113,Injectable,Healthy,20.84
ANI_02478,Cattle,411.1075190940229,31.459287687674376,Oxytetracycline,12.473836641347585,Injectable,Healthy,20.17
ANI_02479,Goat,40.37106846333235,6.685425703090958,Tylosin,8.594781995241423,Topical,Healthy,8.44
ANI_02480,Cattle,596.6278739234672,34.10733065916119,Amoxicillin,11.565330699030019,Injectable,Severe Infection,16.94
ANI_02481,Pig,68.73962197407101,3.4843188879893603,Penicillin,10.01498488400414,Injectable,Mild Infection,11.26
ANI_02482,Sheep,61.336788382376234,18.821316131590436,Amoxicillin,11.824061619553177,Oral,Mild Infection,11.54
ANI_02483,Pig,114.5019945739882,6.607515898201854,Oxytetracycline,23.706775638427125,Injectable,Healthy,17.86
ANI_02484,Cattle,387.8720408518215,41.024161546371644,Tylosin,13.278199131779587,Oral,Mild Infection,13.18
ANI_02485,Sheep,30.689032362874613,19.892498663146156,Tylosin,16.268452833621232,Injectable,Healthy,14.06
ANI_02486,Pig,85.683481722505,6.899456951012223,Tylosin,11.301921184934272,Injectable,Healthy,12.84
ANI_02487,Pig,114.79245933488166,,Penicillin,17.433085192813017,Oral,Mild Infection,8.46
ANI_02488,Sheep,61.95640528312316,9.783190180189685,Tylosin,18.37954869163408,Injectable,Healthy,14.24
ANI_02489,Pig,89.88187329138577,11.090071046807207,Amoxicillin,14.779579469545045,Oral,Healthy,8.98
ANI_02490,Pig,123.76949933007047,5.571186630502483,Tylosin,8.387932724332554,Injectable,Mild Infection,14.86
ANI_02491,Pig,82.6116913689478,6.0643172391303635,Tylosin,16.0305147459879,Injectable,Mild Infection,19.21
ANI_02492,Pig,108.74035244146837,,Amoxicillin,9.735085877410645,Injectable,Healthy,10.72
ANI_02493,Sheep,50.13292314285758,14.582939788337086,Oxytetracycline,11.17014302898873,Injectable,Mild Infection,22.93
ANI_02494,Pig,108.44287384390526,,Oxytetracycline,21.96505861034104,Injectable,Severe Infection,22.87
ANI_02495,Pig,127.15569104116142,4.5729964500056095,Penicillin,12.59133090986084,Injectable,Healthy,7.57
ANI_02496,Goat,46.208698982900515,4.736272015920709,Tylosin,17.141660658179518,Oral,Mild Infection,14.39
ANI_02497,Sheep,71.9846517338522,16.484305473796045,Tylosin,14.787649891801296,Injectable,Healthy,13.9
ANI_02498,Sheep,58.144514654071465,6.862196550869518,Penicillin,11.988231686573116,Injectable,Healthy,10.36
ANI_02499,Cattle,507.63844075889466,47.69670721086874,Penicillin,17.252035964850265,Injectable,Healthy,10.99
ANI_02500,Pig,102.2338826021335,5.102127099941836,Tylosin,12.235421246971093,Oral,Mild Infection,12.16
ANI_02501,Sheep,54.76187395490979,19.548555839969097,Amoxicillin,13.630259611201758,Injectable,Mild Infection,13.41
ANI_02502,Pig,,8.787431128836253,Oxytetracycline,22.58400314899322,Injectable,Healthy,17.92
ANI_02503,Pig,123.5829143247135,8.497311507779276,Oxytetracycline,21.95364256055615,Injectable,Healthy,19.8
ANI_02504,Goat,29.08773468128549,14.77737957762853,Amoxicillin,14.232393837281878,Injectable,Healthy,9.99
ANI_02505,Pig,123.31755622914558,5.376081373767628,Amoxicillin,8.806461466974573,Injectable,Healthy,11.17
ANI_02506,Goat,35.847794248654814,,Amoxicillin,11.005576560606293,Injectable,Mild Infection,14.42
ANI_02507,Goat,41.91133493679702,12.238296443922064,Tylosin,11.40262114053467,Injectable,Healthy,13.57
ANI_02508,Pig,53.815919571823024,5.814035185308099,Amoxicillin,5.0338398657397745,Injectable,Healthy,9.19
ANI_02509,Pig,103.87173990131397,3.1199548842996387,Tylosin,9.169372356964775,Injectable,Healthy,10.09
ANI_02510,Sheep,57.105099195663804,11.925372824889497,Oxytetracycline,19.35579540945083,Oral,Healthy,20.05
ANI_02511,Pig,167.69077719789297,5.926553724738449,Oxytetracycline,23.83804628167242,Injectable,Healthy,19.3
ANI_02512,Cattle,646.5379427498518,47.731909643581275,Oxytetracycline,23.92722533832945,Injectable,Mild Infection,21.91
ANI_02513,Sheep,63.56828498657961,12.41794616642275,Amoxicillin,6.581698904094261,Oral,Severe Infection,12.15
ANI_02514,Pig,87.82816388861443,10.33954149750133,Oxytetracycline,16.30357391031778,Injectable,Healthy,19.92
ANI_02515,Goat,31.99557892212217,7.186190301502205,Amoxicillin,8.715412244495885,Topical,Severe Infection,9.04
ANI_02516,Cattle,,7.161122508224253,Amoxicillin,10.18518132609713,Injectable,Severe Infection,16.19
ANI_02517,Cattle,355.6381442732901,45.3399062897461,Penicillin,10.264522435785196,Oral,Healthy,9.75
ANI_02518,Cattle,643.9597927430135,25.1184874137488,Tylosin,12.663958648912214,Injectable,Severe Infection,19.29
ANI_02519,Cattle,560.5758797550044,,Amoxicillin,7.0296941416418335,Injectable,Mild Infection,11.97
ANI_02520,Pig,117.80816010373682,3.073127687963711,Tylosin,16.570702830803416,Injectable,Healthy,16.33
ANI_02521,Pig,71.80374194644514,5.920952307670352,Oxytetracycline,29.914964541190592,Injectable,Mild Infection,22.53
ANI_02522,Goat,,11.215598871531466,Tylosin,17.083763737154413,Injectable,Mild Infection,17.96
ANI_02523,Goat,15.038003624812333,15.98474668438122,Oxytetracycline,23.44868803924686,Injectable,Severe Infection,23.23
ANI_02524,Goat,30.664657589028455,13.313449581334119,Tylosin,19.570944004842474,Oral,Severe Infection,14.36
ANI_02525,Cattle,390.40622203295976,31.66629078465805,Amoxicillin,13.88551382703368,Injectable,Mild Infection,13.62
ANI_02526,Cattle,518.8478991089487,25.503836383928693,Oxytetracycline,14.820594646718515,Oral,Mild Infection,15.36
ANI_02527,Sheep,,15.650999119655385,Penicillin,24.003434674040996,Injectable,Healthy,12.72
ANI_02528,Goat,47.206329392226415,17.949118509091605,Oxytetracycline,11.647634781568213,Injectable,Mild Infection,21.56
ANI_02529,Cattle,476.3168541034427,33.4232712745139,Tylosin,10.495750883848777,Injectable,Healthy,13.47
ANI_02530,Cattle,498.8993678371592,,Penicillin,17.94587420213001,Oral,Mild Infection,7.44
ANI_02531,Cattle,482.1531005585551,38.17830596095977,Amoxicillin,5.1521652969097715,Oral,Mild Infection,8.34
ANI_02532,Cattle,529.3747351673999,44.43284005931311,Tylosin,9.747117974567875,Oral,Healthy,11.79
ANI_02533,Goat,25.34993089750613,9.219589351693891,Oxytetracycline,24.13121628645996,Injectable,Healthy,21.1
ANI_02534,Sheep,64.13647898282373,,Tylosin,17.636996108189386,Injectable,Mild Infection,16.8
ANI_02535,Goat,37.747169572529415,14.812966915289648,Tylosin,10.3220212892206,Injectable,Severe Infection,20.94
ANI_02536,Sheep,65.42774673912562,13.62879966322592,Oxytetracycline,29.003366815261874,Injectable,Severe Infection,25.0
ANI_02537,Sheep,68.15905988984484,14.60733492867621,Oxytetracycline,14.944114074212989,Oral,Healthy,17.54
ANI_02538,Goat,44.77978347117409,13.42493249147056,Amoxicillin,13.229503200222162,Injectable,Healthy,12.07
ANI_02539,Sheep,,6.98993523116931,Tylosin,11.952523492507778,Injectable,Healthy,15.73
ANI_02540,Cattle,,33.30621414643886,Oxytetracycline,20.042561915712497,Oral,Healthy,18.49
ANI_02541,Cattle,521.4799014979304,31.5238601822023,Amoxicillin,7.732018316729821,Injectable,Mild Infection,14.88
ANI_02542,Sheep,69.3798960029134,13.454978576641075,Tylosin,18.028634480561806,Oral,Mild Infection,14.97
ANI_02543,Pig,119.28834916240699,5.71352891617288,Amoxicillin,9.675402622668692,Injectable,Healthy,10.79
ANI_02544,Pig,117.86694525216292,4.6698161038364265,Oxytetracycline,28.97601659355271,Oral,Healthy,19.44
ANI_02545,Cattle,593.8743175056572,35.79394273694149,Oxytetracycline,27.54077258086609,Oral,Healthy,18.0
ANI_02546,Pig,95.92480973011159,4.958901765893167,Penicillin,19.949209552867273,Injectable,Mild Infection,10.89
ANI_02547,Goat,42.81631288006094,9.423447368585936,Oxytetracycline,14.60688311264229,Oral,Severe Infection,19.52
ANI_02548,Goat,39.34610659174805,13.081328332645333,Penicillin,24.582744522805616,Injectable,Healthy,12.36
ANI_02549,Goat,30.76306540516508,,Oxytetracycline,23.459283462236314,Injectable,Healthy,17.04
ANI_02550,Pig,112.45722969922991,6.405786758532251,Oxytetracycline,12.249959156277708,Injectable,Healthy,18.42
ANI_02551,Goat,42.612491442705036,17.12996814909841,Oxytetracycline,14.715230257271461,Injectable,Healthy,20.17
ANI_02552,Goat,33.92278591333297,10.291587934791492,Amoxicillin,6.957134149282652,Injectable,Healthy,12.27
ANI_02553,Cattle,540.6158830130564,53.87562340066014,Penicillin,16.381736748277255,Topical,Healthy,4.66
ANI_02554,Pig,91.94485420187165,9.133407442888089,Tylosin,16.595478480585758,Oral,Healthy,13.19
ANI_02555,Goat,31.251530514756094,19.249425170037973,Amoxicillin,10.945984539489778,Injectable,Healthy,9.94
ANI_02556,Pig,94.76424652751807,3.4675546713240815,Amoxicillin,9.146877096494315,Oral,Mild Infection,9.83
ANI_02557,Cattle,337.79736217124656,36.54258860517011,Oxytetracycline,25.923010160461487,Injectable,Mild Infection,22.47
ANI_02558,Goat,33.174255054864965,19.51472991935343,Oxytetracycline,24.895013861038098,Injectable,Mild Infection,22.23
ANI_02559,Pig,64.85054755815382,9.44804143113101,Tylosin,13.958190412789898,Injectable,Mild Infection,14.93
ANI_02560,Goat,31.96969747629091,13.909325825692767,Tylosin,11.876207476882966,Injectable,Severe Infection,20.33
ANI_02561,Sheep,65.81920189438313,19.020724016130856,Penicillin,18.81913357582397,Oral,Healthy,7.15
ANI_02562,Pig,59.81569311948877,10.23122636666251,Tylosin,7.7858177825145125,Injectable,Mild Infection,17.33
ANI_02563,Cattle,376.7687473977301,49.12518776914186,Penicillin,10.747703111716815,Injectable,Healthy,8.84
ANI_02564,Cattle,589.9829496132958,42.365505479268464,Oxytetracycline,16.43368093334069,Injectable,Healthy,18.53
ANI_02565,Pig,121.43327959089498,8.65164143394557,Tylosin,14.01694114895403,Injectable,Healthy,16.64
ANI_02566,Cattle,498.31986840222595,19.743100088492685,Tylosin,7.853598257131985,Injectable,Healthy,15.3
ANI_02567,Sheep,68.73974476031714,5.864322577855062,Amoxicillin,14.457384219894527,Oral,Healthy,10.8
ANI_02568,Cattle,567.1259666077354,,Oxytetracycline,26.93450817579722,Injectable,Healthy,23.09
ANI_02569,Sheep,56.54545252382069,7.812485988894004,Amoxicillin,6.310422091454324,Injectable,Healthy,9.49
ANI_02570,Goat,35.47557790078061,11.988275125974845,Amoxicillin,7.3431910804802625,Oral,Severe Infection,12.82
ANI_02571,Cattle,661.4905925971822,50.75243020298606,Amoxicillin,11.6526292432246,Injectable,Mild Infection,15.02
ANI_02572,Goat,36.04071843607758,10.874147299802615,Tylosin,7.197061401174754,Injectable,Mild Infection,11.91
ANI_02573,Pig,119.19647905484739,9.347916219332113,Tylosin,7.882142730448316,Injectable,Mild Infection,14.59
ANI_02574,Pig,75.59171578377831,8.87642155256277,Tylosin,19.6440740065556,Injectable,Mild Infection,16.99
ANI_02575,Pig,110.23005998264587,8.14132005657538,Tylosin,11.359242609112252,Oral,Mild Infection,13.59
ANI_02576,Pig,100.37592383970984,4.473053754219415,Oxytetracycline,10.286149795884693,Injectable,Severe Infection,23.95
ANI_02577,Sheep,49.54545492120089,8.013126359433409,Tylosin,16.89297480653707,Oral,Severe Infection,14.41
ANI_02578,Pig,111.62746118677848,8.241517267878192,Oxytetracycline,17.632184359654506,Injectable,Severe Infection,23.08
ANI_02579,Sheep,53.40408496113619,12.709080610033784,Tylosin,19.223105927231966,Injectable,Healthy,16.32
ANI_02580,Pig,154.9756483182013,6.4620308291524795,Amoxicillin,8.540658617935836,Oral,Mild Infection,8.4
ANI_02581,Goat,42.8080092337988,16.846120849212824,Oxytetracycline,29.946890985669967,Injectable,Healthy,20.45
ANI_02582,Cattle,587.926390516656,39.08096713247436,Penicillin,13.402706432515846,Injectable,Severe Infection,15.13
ANI_02583,Cattle,449.36143855034976,17.3573133246259,Penicillin,22.518936079424755,Oral,Severe Infection,13.36
ANI_02584,Pig,111.30400434169198,6.971668848824384,Amoxicillin,10.393544160068963,Topical,Healthy,5.36
ANI_02585,Pig,119.49218222844343,3.3981331384718825,Amoxicillin,5.401287890782558,Injectable,Severe Infection,17.08
ANI_02586,Pig,115.28585162840866,5.005385559550571,Penicillin,13.787039462819193,Injectable,Mild Infection,12.98
ANI_02587,Sheep,52.71727673981158,13.562885503692405,Tylosin,19.773563737023686,Topical,Healthy,10.99
ANI_02588,Goat,59.80251040748882,9.384786560825106,Amoxicillin,12.5911909558426,Oral,Healthy,8.33
ANI_02589,Goat,49.75946380429187,14.778819881868184,Oxytetracycline,17.157770614513787,Oral,Healthy,15.73
ANI_02590,Cattle,612.2141733919524,30.453657800844518,Penicillin,10.944668619799495,Injectable,Mild Infection,8.56
ANI_02591,Pig,64.01998319577186,6.500885187031906,Penicillin,15.253226951972643,Injectable,Healthy,11.3
ANI_02592,Pig,69.64101770106593,5.420651089810204,Amoxicillin,7.5230714075863805,Oral,Healthy,9.97
ANI_02593,Goat,38.8946548297608,12.013103628411928,Tylosin,10.625884161696593,Injectable,Healthy,14.29
ANI_02594,Pig,81.25884647067733,10.17325123068288,Amoxicillin,13.562963087989713,Injectable,Healthy,14.21
ANI_02595,Cattle,392.87777135044485,23.484371599874805,Amoxicillin,8.611375171057245,Oral,Mild Infection,7.81
ANI_02596,Goat,44.807310259322676,11.471841254071043,Penicillin,10.342114910314347,Injectable,Severe Infection,12.98
ANI_02597,Pig,80.10387812780428,5.667804473965797,Amoxicillin,9.168406592603677,Oral,Healthy,8.96
ANI_02598,Cattle,607.5120748981757,28.459091232453915,Oxytetracycline,18.5292960045411,Injectable,Severe Infection,26.3
ANI_02599,Cattle,357.9502714181774,30.88173062291888,Amoxicillin,12.235592919944185,Injectable,Mild Infection,13.38
ANI_02600,Pig,149.53858267446824,,Penicillin,22.126034496963417,Injectable,Mild Infection,10.29
ANI_02601,Cattle,622.3610737986763,71.4091769592694,Tylosin,5.630278868995394,Injectable,Severe Infection,17.58
ANI_02602,Goat,46.375487405268764,5.810657254137679,Tylosin,17.50862560886779,Oral,Mild Infection,15.38
ANI_02603,Goat,32.64784167144847,8.077814691534789,Penicillin,20.057703979281513,Injectable,Healthy,12.02
ANI_02604,Pig,78.37781304351773,6.152166501629726,Amoxicillin,11.75814866416092,Injectable,Mild Infection,13.62
ANI_02605,Sheep,37.826910945288034,15.4049334820834,Oxytetracycline,18.850744315545867,Oral,Healthy,15.2
ANI_02606,Cattle,506.8823657704649,31.898635500942188,Oxytetracycline,27.825858534067944,Injectable,Severe Infection,24.36
ANI_02607,Goat,38.4188959499754,10.98701621130319,Oxytetracycline,11.0405969389969,Injectable,Healthy,20.67
ANI_02608,Pig,94.58989391807651,7.919459320554534,Penicillin,11.31784276489772,Oral,Healthy,6.05
ANI_02609,Pig,77.48044673055263,3.456881859401525,Penicillin,21.27407302484714,Injectable,Severe Infection,14.18
ANI_02610,Pig,114.25324064254013,9.128580527054027,Amoxicillin,14.608861292249738,Injectable,Healthy,13.2
ANI_02611,Cattle,445.06371298879276,15.323805370409818,Tylosin,12.32704223374903,Injectable,Mild Infection,16.31
ANI_02612,Pig,85.16857482212984,4.945111088744138,Tylosin,8.765092681615599,Oral,Mild Infection,11.97
ANI_02613,Cattle,614.2648986848745,55.55049742568887,Oxytetracycline,18.19855866702145,Oral,Severe Infection,21.6
ANI_02614,Cattle,473.5790715005635,30.139594957730296,Penicillin,21.483823564655225,Injectable,Healthy,11.76
ANI_02615,Sheep,43.54061102231439,11.897191069963254,Amoxicillin,10.82009280881913,Injectable,Severe Infection,13.59
ANI_02616,Goat,37.042266521925654,14.932993890252014,Oxytetracycline,11.253442694039318,Oral,Healthy,17.64
ANI_02617,Goat,45.48055496745951,14.63054265889765,Oxytetracycline,10.685702711864076,Injectable,Mild Infection,18.9
ANI_02618,Goat,62.025836086425656,10.03323356496116,Tylosin,15.253712499870646,Injectable,Healthy,17.38
ANI_02619,Goat,40.43795163630698,9.592023412464222,Amoxicillin,12.93967726043636,Injectable,Healthy,13.88
ANI_02620,Sheep,79.01765708701544,16.555743283911795,Tylosin,7.424605035061615,Injectable,Healthy,12.62
ANI_02621,Goat,50.54961084614588,14.03980666697075,Penicillin,20.09186064199045,Injectable,Severe Infection,17.74
ANI_02622,Cattle,497.8637627558523,32.88638280014517,Amoxicillin,13.850645509166675,Injectable,Healthy,9.83
ANI_02623,Goat,63.487798997104875,17.093362208206567,Oxytetracycline,27.21602406664426,Injectable,Severe Infection,28.1
ANI_02624,Cattle,,42.39157361252476,Tylosin,19.55977449571685,Injectable,Healthy,15.93
ANI_02625,Pig,,9.176675914454702,Oxytetracycline,24.033498339695328,Injectable,Severe Infection,25.3
ANI_02626,Cattle,604.6879032323288,20.590445609017895,Amoxicillin,6.20326657397535,Injectable,Severe Infection,17.42
ANI_02627,Cattle,483.1367090308091,1,Tylosin,18.261560344223167,Topical,Healthy,13.14
ANI_02628,Goat,46.85857753524942,15.499483501236869,Oxytetracycline,22.010924780020723,Injectable,Severe Infection,25.0
ANI_02629,Sheep,68.91339646844798,10.557077767022376,Oxytetracycline,11.864229415497391,Injectable,Severe Infection,20.98
ANI_02630,Cattle,366.32779158533776,47.089175291594735,Amoxicillin,11.449822620531418,Injectable,Healthy,13.97
ANI_02631,Cattle,467.0116114839817,39.407853836550544,Oxytetracycline,19.736588558748426,Injectable,Mild Infection,20.44
ANI_02632,Cattle,448.32324324537103,62.49900514796209,Oxytetracycline,17.535354804088232,Injectable,Healthy,18.56
ANI_02633,Pig,115.39648262541213,5.05813360434732,Tylosin,7.26650238761898,Injectable,Mild Infection,14.24
ANI_02634,Goat,37.44723172599181,9.830723657260531,Oxytetracycline,20.873927169502835,Injectable,Healthy,16.43
ANI_02635,Sheep,,9.94121035473505,Oxytetracycline,20.912822531871303,Injectable,Mild Infection,22.24
ANI_02636,Goat,38.80151425003367,6.189898214750877,Tylosin,14.949767655117215,Topical,Mild Infection,10.53
ANI_02637,Cattle,407.09350591063736,15.523207074342615,Oxytetracycline,28.125504791787066,Oral,Severe Infection,21.8
ANI_02638,Sheep,74.98958462667531,10.319016296515054,Amoxicillin,10.16315988849118,Topical,Mild Infection,5.63
ANI_02639,Cattle,627.935267636609,31.20808339944351,Tylosin,12.013555424199453,Oral,Healthy,11.13
ANI_02640,Sheep,69.65573558793184,13.459315155768659,Amoxicillin,7.319838370673728,Injectable,Healthy,11.91
ANI_02641,Sheep,26.692139856053664,14.382153288799739,Amoxicillin,9.49138537144465,Injectable,Severe Infection,16.05
ANI_02642,Cattle,295.64616461037645,41.00764153804341,Tylosin,13.98304965840262,Injectable,Healthy,14.61
ANI_02643,Pig,92.35877025290563,3.5206311282639757,Tylosin,12.06199122403712,Topical,Mild Infection,11.52
ANI_02644,Cattle,593.4717745828492,,Oxytetracycline,28.227890736145678,Oral,Mild Infection,17.96
ANI_02645,Pig,98.72751866295293,4.268391474816235,Tylosin,16.28119156294369,Injectable,Healthy,13.54
ANI_02646,Pig,86.6128780749941,6.490429409408747,Penicillin,11.73344194710004,Oral,Mild Infection,7.01
ANI_02647,Pig,135.7315424795747,5.217900548041816,Oxytetracycline,28.743060126515317,Topical,Healthy,17.09
ANI_02648,Cattle,432.70127808347434,27.862091483435762,Oxytetracycline,27.425752714693324,Injectable,Mild Infection,23.63
ANI_02649,Cattle,613.9294224473348,24.56434770074151,Penicillin,21.735486927267395,Oral,Mild Infection,9.49
ANI_02650,Pig,111.94112199477081,6.624969996394608,Penicillin,12.674398924548285,Oral,Mild Infection,5.73
ANI_02651,Pig,95.85806376926728,8.653988066975819,Tylosin,13.379795178950143,Oral,Healthy,12.64
ANI_02652,Goat,33.611836862527774,21.52792947763433,Tylosin,9.539084313630557,Injectable,Healthy,14.77
ANI_02653,Goat,42.062116427268414,12.076386849248365,Tylosin,15.52054792598922,Injectable,Mild Infection,16.18
ANI_02654,Sheep,46.67755413236554,10.026568123765948,Amoxicillin,13.77448483650976,Injectable,Mild Infection,13.7
ANI_02655,Cattle,517.5978089005615,17.920270532954955,Tylosin,8.364539402374618,Topical,Severe Infection,14.26
ANI_02656,Sheep,45.51875224723132,13.225150602585586,Penicillin,16.991791289016383,Topical,Severe Infection,6.0
ANI_02657,Cattle,289.44191687950723,17.091308844021423,Tylosin,19.39002752425878,Oral,Healthy,12.96
ANI_02658,Sheep,70.87606985198954,11.27372218322755,Oxytetracycline,16.499748191141723,Injectable,Healthy,19.53
ANI_02659,Goat,33.43306186072164,7.575726188153155,Tylosin,14.426112446578303,Injectable,Severe Infection,19.18
ANI_02660,Pig,132.19083314076738,6.451341931926375,Penicillin,16.012947692295707,Injectable,Severe Infection,14.13
ANI_02661,Pig,96.9572822641285,6.499837988048681,Tylosin,8.662101780424987,Oral,Healthy,11.33
ANI_02662,Goat,27.74222570207751,14.923178361254793,Penicillin,24.033483403033294,Injectable,Mild Infection,13.75
ANI_02663,Cattle,533.7194422508562,28.516675312732303,Amoxicillin,14.92737304475487,Oral,Healthy,12.88
ANI_02664,Pig,98.41755555230982,3.9235385390161572,Oxytetracycline,16.446436645405456,Oral,Mild Infection,19.13
ANI_02665,Sheep,68.49888646220892,6.310959271159324,Tylosin,13.762919530018427,Oral,Healthy,14.16
ANI_02666,Goat,46.88148168625475,16.441783776757195,Tylosin,16.289399861514237,Injectable,Healthy,16.19
ANI_02667,Cattle,446.61227843264743,28.890493490598914,Amoxicillin,7.889218318158468,Oral,Mild Infection,10.48
ANI_02668,Pig,124.31747124397961,5.700427565759796,Amoxicillin,8.337747922695655,Topical,Mild Infection,8.3
ANI_02669,Pig,115.94968230264334,6.02795724723937,Oxytetracycline,16.73585577451626,Injectable,Severe Infection,23.29
ANI_02670,Sheep,78.23358962036465,7.685392030195664,Amoxicillin,14.096769219050845,Injectable,Severe Infection,17.36
ANI_02671,Goat,,14.202459855103077,Amoxicillin,7.5891761793138235,Injectable,Healthy,11.73
ANI_02672,Cattle,447.38346289398123,59.632084041835114,Amoxicillin,9.92854338904937,Injectable,Severe Infection,16.32
ANI_02673,Goat,39.612693926303464,9.97831985978023,Amoxicillin,6.509649931302949,Injectable,Mild Infection,11.67
ANI_02674,Cattle,593.6506606057008,53.69965717897381,Penicillin,11.102624152040129,Injectable,Mild Infection,11.02
ANI_02675,Cattle,541.4700513983945,23.891566035978034,Penicillin,15.984893750053708,Injectable,Severe Infection,13.47
ANI_02676,Cattle,405.70366275502363,34.03640405220078,Oxytetracycline,24.26337526000566,Oral,Healthy,18.32
ANI_02677,Cattle,460.67636403328333,50.44953288556145,Oxytetracycline,21.772151713877108,Injectable,Severe Infection,25.56
ANI_02678,Sheep,49.03374955852682,12.148773114482678,Oxytetracycline,14.074065833131526,Oral,Healthy,14.03
ANI_02679,Goat,41.9365249708345,12.156258042936095,Oxytetracycline,29.998019540184632,Injectable,Mild Infection,23.55
ANI_02680,Cattle,552.0677767080074,36.40250512589763,Tylosin,8.26997456582652,Oral,Severe Infection,14.61
ANI_02681,Pig,111.03582238110107,6.122234605395233,Penicillin,18.28279163402104,Injectable,Mild Infection,11.55
ANI_02682,Pig,117.65849611173505,8.74068561902152,Oxytetracycline,21.603755266090648,Injectable,Healthy,17.73
ANI_02683,Pig,80.31144158944888,6.598574295883078,Tylosin,8.7954731529821,Injectable,Healthy,15.44
ANI_02684,Cattle,377.1220649094986,28.047911376785883,Oxytetracycline,28.49610958383294,Injectable,Severe Infection,26.76
ANI_02685,Goat,39.20081936586813,16.34016727189224,Penicillin,19.99564786288606,Injectable,Severe Infection,13.44
ANI_02686,Cattle,558.3433569155965,35.58956890282522,Amoxicillin,11.378728330734765,Injectable,Severe Infection,14.66
ANI_02687,Pig,86.2067656506297,6.266476573172888,Oxytetracycline,12.701891131906196,Injectable,Healthy,19.32
ANI_02688,Pig,,5.501264323303823,Amoxicillin,13.02343998981953,Injectable,Severe Infection,14.26
ANI_02689,Pig,101.70142278397266,2.8273298497362194,Amoxicillin,12.974644903726233,Oral,Healthy,9.38
ANI_02690,Cattle,527.8079595573527,35.58263916157269,Amoxicillin,11.477709884140046,Oral,Healthy,8.3
ANI_02691,Pig,77.85078439300457,6.760603604889657,Penicillin,10.307837675687729,Injectable,Severe Infection,13.89
ANI_02692,Goat,31.27686240954049,15.720148788893123,Amoxicillin,14.284686523951569,Oral,Healthy,7.57
ANI_02693,Sheep,84.29756025803646,17.46090427072067,Tylosin,15.501943436839293,Oral,Healthy,11.41
ANI_02694,Sheep,64.06542138266695,13.738238187653591,Oxytetracycline,21.723006483260527,Injectable,Healthy,19.75
ANI_02695,Cattle,428.6529950710733,55.86519697083743,Tylosin,9.608125802347857,Injectable,Healthy,14.81
ANI_02696,Sheep,57.50878996511281,12.120251852732986,Oxytetracycline,10.234052536217852,Injectable,Healthy,16.67
ANI_02697,Goat,36.610847923095704,3.188276354569238,Oxytetracycline,21.233867497029493,Topical,Healthy,14.41
ANI_02698,Sheep,65.17000302513935,16.151883582817476,Oxytetracycline,21.68882928281272,Oral,Mild Infection,19.16
ANI_02699,Cattle,419.8143905456549,42.516460328978525,Penicillin,10.422854732448045,Injectable,Mild Infection,13.44
ANI_02700,Pig,64.87539531040846,6.660757635523365,Oxytetracycline,29.683532857897642,Oral,Mild Infection,18.9
ANI_02701,Sheep,66.2483880216204,13.78525372590591,Tylosin,15.174893069468947,Oral,Healthy,10.67
ANI_02702,Cattle,485.7714307554852,38.96995084701633,Oxytetracycline,25.986503345172395,Oral,Healthy,17.27
ANI_02703,Goat,49.14133999058033,10.620558987628872,Amoxicillin,8.903943730694042,Injectable,Mild Infection,13.82
ANI_02704,Sheep,59.98428192626806,13.802431341662878,Amoxicillin,5.060220403684063,Injectable,Healthy,9.97
ANI_02705,Cattle,474.9570667789679,27.257397788029653,Oxytetracycline,15.484152101204895,Injectable,Healthy,19.94
ANI_02706,Goat,40.07609471952795,10.930795702439822,Tylosin,15.484298967796047,Injectable,Severe Infection,20.75
ANI_02707,Pig,97.40966153874,12.43189448622333,Oxytetracycline,13.746372394038207,Oral,Severe Infection,21.85
ANI_02708,Cattle,676.1501893492003,20.08348024588477,Tylosin,8.12499286232804,Injectable,Mild Infection,16.36
ANI_02709,Goat,36.189815817860975,15.223573841328502,Penicillin,23.681020898324775,Oral,Mild Infection,9.11
ANI_02710,Sheep,74.6199283086832,7.613449965444722,Penicillin,12.843833966465755,Injectable,Severe Infection,12.09
ANI_02711,Pig,69.72524835650128,2.0871850976415276,Penicillin,16.170111856225326,Injectable,Healthy,12.47
ANI_02712,Pig,,5.429279708443771,Oxytetracycline,12.49447540104516,Oral,Healthy,16.21
ANI_02713,Goat,52.26263278130031,,Oxytetracycline,25.088540583198558,Oral,Mild Infection,18.34
ANI_02714,Cattle,450.2865976130064,23.269398941252575,Amoxicillin,14.652276595056907,Injectable,Healthy,10.11
ANI_02715,Pig,100.55172703247105,7.853393468767324,Oxytetracycline,28.113592707539613,Injectable,Severe Infection,23.1
ANI_02716,Pig,,8.570804680319258,Amoxicillin,5.223228728977176,Oral,Mild Infection,10.93
ANI_02717,Goat,46.56885403170712,20.34131120287025,Penicillin,18.78640537556337,Injectable,Healthy,12.29
ANI_02718,Pig,72.19141988420381,3.2993643803369466,Amoxicillin,11.814458761198209,Topical,Severe Infection,11.15
ANI_02719,Cattle,545.6166127013553,27.883610932368732,Oxytetracycline,18.131230068473187,Injectable,Healthy,16.84
ANI_02720,Goat,45.24735311727069,,Tylosin,16.602758784069415,Injectable,Healthy,12.5
ANI_02721,Cattle,510.612440721318,26.43911732030257,Amoxicillin,11.391151283898033,Injectable,Mild Infection,14.23
ANI_02722,Goat,,10.860838182868935,Amoxicillin,10.652924095178975,Topical,Healthy,6.86
ANI_02723,Cattle,,33.861654939471606,Oxytetracycline,14.343070996703748,Injectable,Severe Infection,23.65
ANI_02724,Cattle,532.6563015863055,,Oxytetracycline,24.611828661932343,Injectable,Mild Infection,24.85
ANI_02725,Cattle,521.6569306170886,37.39768892750388,Penicillin,15.202649568482105,Injectable,Healthy,9.84
ANI_02726,Cattle,567.0992652088923,53.319402389383406,Amoxicillin,7.012636022608925,Oral,Healthy,8.37
ANI_02727,Cattle,,47.940632959884546,Oxytetracycline,14.220461526776806,Oral,Healthy,13.01
ANI_02728,Sheep,73.53435062907751,6.422800907993189,Tylosin,9.01345434622261,Oral,Healthy,9.67
ANI_02729,Sheep,58.912708865311046,6.502279572612153,Penicillin,11.035516251964998,Oral,Healthy,6.91
ANI_02730,Cattle,689.557477322856,46.779666166282766,Amoxicillin,12.287614583323837,Injectable,Severe Infection,15.41
ANI_02731,Sheep,74.23665580242391,,Amoxicillin,12.46651432837595,Oral,Mild Infection,11.74
ANI_02732,Goat,50.11240136405732,17.507908502195306,Amoxicillin,9.271560411496743,Injectable,Healthy,10.19
ANI_02733,Cattle,505.72621143403455,42.159027476330955,Tylosin,12.601367270356537,Injectable,Mild Infection,14.69
ANI_02734,Goat,33.2396919062698,14.25679875223572,Tylosin,19.051581045306285,Injectable,Healthy,16.32
ANI_02735,Pig,106.42499847381643,4.524203329763381,Amoxicillin,12.793658357478758,Injectable,Mild Infection,14.74
ANI_02736,Sheep,70.8591841150672,10.86584048770032,Oxytetracycline,12.603271877553375,Topical,Healthy,14.81
ANI_02737,Cattle,553.9210133984619,32.00238803810495,Oxytetracycline,23.829583644831583,Injectable,Severe Infection,22.83
ANI_02738,Sheep,74.3174948424108,17.240224861492692,Penicillin,17.233806078409327,Oral,Healthy,5.08
ANI_02739,Cattle,,24.70448236636102,Tylosin,6.19978936911045,Injectable,Healthy,15.54
ANI_02740,Sheep,63.142893154787075,10.627467547761201,Oxytetracycline,28.375290873884524,Oral,Healthy,17.72
ANI_02741,Pig,99.13955354071481,4.883517887133219,Oxytetracycline,26.348990289526014,Oral,Mild Infection,19.32
ANI_02742,Pig,135.5528963763886,6.9503503137881735,Oxytetracycline,26.357754842574984,Injectable,Severe Infection,26.14
ANI_02743,Goat,47.34168419648202,4.293161613676229,Penicillin,13.861979987978886,Oral,Mild Infection,6.01
ANI_02744,Pig,90.66289179200162,8.78841650922978,Oxytetracycline,13.503957084763226,Injectable,Severe Infection,22.02
ANI_02745,Cattle,644.4548075479422,54.940040344064414,Tylosin,8.200578610322934,Injectable,Healthy,15.91
ANI_02746,Cattle,492.09349805126277,28.38165148030098,Amoxicillin,9.299925400243067,Injectable,Mild Infection,16.42
ANI_02747,Pig,76.92392613528185,6.917445690404133,Tylosin,13.438715806469942,Injectable,Severe Infection,21.19
ANI_02748,Pig,125.43836606844732,6.287771253303484,Amoxicillin,10.540170191076188,Injectable,Mild Infection,12.2
ANI_02749,Pig,108.05038886488467,7.299211827000633,Tylosin,6.1307638196563286,Oral,Severe Infection,16.96
ANI_02750,Pig,99.1058248648083,6.675313595387928,Oxytetracycline,16.310785414597092,Injectable,Mild Infection,21.57
ANI_02751,Sheep,50.840021304438494,,Tylosin,7.910027216228196,Injectable,Healthy,14.54
ANI_02752,Cattle,615.1515145933001,36.83797929953143,Oxytetracycline,28.251155437573196,Injectable,Severe Infection,26.89
ANI_02753,Goat,37.57067376869438,9.908423350826698,Tylosin,6.002708297265141,Oral,Mild Infection,11.92
ANI_02754,Goat,43.76864323277509,5.925904819082404,Tylosin,19.759603372735608,Injectable,Healthy,15.94
ANI_02755,Goat,36.63789556247138,12.889859449369892,Oxytetracycline,23.412754926528912,Injectable,Severe Infection,22.72
ANI_02756,Goat,44.99685315915423,9.383151537046617,Penicillin,15.125110599269245,Injectable,Healthy,10.99
ANI_02757,Cattle,393.02142979214943,43.89956670244737,Oxytetracycline,17.201801916271016,Oral,Healthy,20.22
ANI_02758,Sheep,54.72228124054574,18.090787894063347,Penicillin,10.913089979371014,Injectable,Healthy,9.36
ANI_02759,Pig,76.17813675600812,4.58767558635586,Tylosin,19.43978210341141,Oral,Mild Infection,12.43
ANI_02760,Cattle,598.6514003804201,21.34022567647502,Oxytetracycline,29.421479965316436,Oral,Healthy,17.67
ANI_02761,Pig,125.01577390725772,4.754347250893532,Tylosin,16.28386889710739,Oral,Healthy,12.0
ANI_02762,Cattle,561.4547237650868,49.04737614745085,Tylosin,5.704310588486022,Oral,Mild Infection,11.85
ANI_02763,Goat,16.014342732076692,10.38113179527072,Oxytetracycline,20.41140213739762,Injectable,Healthy,17.09
ANI_02764,Cattle,552.7330079480672,62.694412065254525,Tylosin,18.644568834599838,Oral,Healthy,12.93
ANI_02765,Cattle,498.41448661124167,39.38381091233308,Tylosin,19.54385504681901,Injectable,Severe Infection,17.12
ANI_02766,Cattle,719.6332234522523,26.572712626506437,Penicillin,18.281150444218717,Oral,Healthy,5.39
ANI_02767,Goat,32.56994752249072,11.447278026670908,Oxytetracycline,15.212530266741513,Topical,Healthy,14.4
ANI_02768,Sheep,53.951256009908164,13.739885890694255,Oxytetracycline,17.84054112157954,Injectable,Healthy,19.48
ANI_02769,Cattle,451.58394947314076,52.67982051926885,Oxytetracycline,19.888644016579768,Injectable,Mild Infection,20.82
ANI_02770,Cattle,678.9438711077373,19.91995205970504,Oxytetracycline,10.441874942095497,Injectable,Severe Infection,22.71
ANI_02771,Sheep,80.86005185522139,17.349705015201707,Tylosin,13.084880136379413,Topical,Severe Infection,12.98
ANI_02772,Goat,53.409516060016124,10.0164073748161,Oxytetracycline,28.53947141583536,Injectable,Healthy,21.34
ANI_02773,Pig,75.89505671002084,1.116168874150354,Oxytetracycline,27.736197313188033,Injectable,Mild Infection,22.06
ANI_02774,Pig,89.85943474417952,6.178147539428123,Tylosin,13.532005233256369,Injectable,Healthy,14.45
ANI_02775,Goat,35.414433540248915,16.626112343920376,Amoxicillin,5.636513703346274,Injectable,Severe Infection,13.3
ANI_02776,Sheep,48.21058597892621,8.827726437148424,Penicillin,14.62572560289603,Oral,Mild Infection,7.0
ANI_02777,Goat,,6.230368079055907,Amoxicillin,9.885811449750452,Topical,Mild Infection,9.8
ANI_02778,Pig,93.87237271675285,5.50468879232524,Amoxicillin,11.67808571905532,Injectable,Mild Infection,14.91
ANI_02779,Goat,40.669518559815096,10.60431309423595,Oxytetracycline,16.066707647899744,Injectable,Healthy,20.1
ANI_02780,Sheep,62.83678449698853,13.245194469721566,Penicillin,19.142002046597092,Oral,Mild Infection,8.18
ANI_02781,Goat,40.04145987482925,13.101804393453255,Oxytetracycline,12.317040766027352,Topical,Mild Infection,13.35
ANI_02782,Goat,39.00738219117569,11.712137388121656,Tylosin,6.221813221016006,Oral,Healthy,9.55
ANI_02783,Pig,102.17222716083641,3.646904052117513,Oxytetracycline,21.350747350708374,Oral,Severe Infection,21.51
ANI_02784,Sheep,66.77149974133293,15.030514290390176,Oxytetracycline,13.610142396887943,Injectable,Mild Infection,21.17
ANI_02785,Sheep,64.03298743051786,15.601036092882262,Oxytetracycline,24.69991000528843,Injectable,Severe Infection,22.51
ANI_02786,Goat,41.94896017191859,6.7187676954870845,Penicillin,13.647513602885937,Injectable,Mild Infection,13.23
ANI_02787,Sheep,67.37347760058071,9.713012442327672,Tylosin,5.821390791654601,Oral,Mild Infection,11.55
ANI_02788,Pig,135.795815406168,3.679565885934419,Amoxicillin,13.063509758054337,Topical,Mild Infection,8.17
ANI_02789,Pig,97.09762873327728,5.866081332197148,Penicillin,23.541265224611166,Injectable,Mild Infection,10.32
ANI_02790,Sheep,58.60485971666929,16.271838698136364,Oxytetracycline,14.19854854558986,Oral,Healthy,17.26
ANI_02791,Cattle,555.4882305095686,43.759240770045174,Oxytetracycline,16.938266407417945,Injectable,Mild Infection,21.17
ANI_02792,Goat,45.94396328751321,13.271350527898786,Tylosin,18.61639986860709,Oral,Mild Infection,15.84
ANI_02793,Goat,49.292855523734495,16.235712256469608,Tylosin,19.782226258574028,Injectable,Severe Infection,19.78
ANI_02794,Sheep,52.385444432361496,11.80228383917007,Amoxicillin,12.862182306426043,Oral,Severe Infection,13.69
ANI_02795,Cattle,537.1459053951016,37.02299971551417,Amoxicillin,14.875538288615655,Oral,Healthy,10.47
ANI_02796,Goat,,10.90290743890279,Oxytetracycline,18.410971982401033,Injectable,Severe Infection,23.28
ANI_02797,Sheep,47.802643936736516,3.985878322351361,Amoxicillin,12.024971168239118,Oral,Healthy,7.13
ANI_02798,Sheep,75.4764077359527,19.655651385494618,Penicillin,21.129500579714396,Injectable,Healthy,10.52
ANI_02799,Pig,99.79611744302186,5.561601558450916,Penicillin,21.908566001990362,Injectable,Mild Infection,12.11
ANI_02800,Sheep,,,Penicillin,10.562289206880104,Topical,Mild Infection,8.66
ANI_02801,Cattle,554.0240544084207,35.12780696154858,Oxytetracycline,15.435875052473499,Injectable,Mild Infection,20.05
ANI_02802,Goat,52.36886848345128,12.185665344939164,Amoxicillin,10.287946118037487,Oral,Healthy,7.16
ANI_02803,Cattle,669.3750624214755,,Oxytetracycline,29.716027014970436,Topical,Healthy,16.63
ANI_02804,Sheep,62.438269266167644,18.397403483256024,Oxytetracycline,22.707991149582245,Injectable,Healthy,21.31
ANI_02805,Sheep,58.11365336147824,11.20331923975843,Tylosin,7.442482187441942,Injectable,Mild Infection,14.69
ANI_02806,Goat,45.588603846896156,9.27792771086634,Tylosin,18.806699358436788,Topical,Mild Infection,10.95
ANI_02807,Cattle,370.0854058244306,29.15151056731419,Oxytetracycline,23.723830009692044,Injectable,Healthy,19.09
ANI_02808,Sheep,69.51021336178155,10.017358344324883,Penicillin,22.905300212555435,Oral,Severe Infection,11.15
ANI_02809,Sheep,51.38727129607103,,Amoxicillin,9.46334025720638,Injectable,Severe Infection,14.77
ANI_02810,Pig,118.61746578131383,3.713427066531297,Penicillin,19.36087664166023,Oral,Mild Infection,8.24
ANI_02811,Sheep,33.56174562036505,13.49783522879648,Oxytetracycline,25.7852599398257,Topical,Healthy,13.44
ANI_02812,Sheep,54.730448564350084,18.02275539736832,Tylosin,9.696019839688503,Injectable,Mild Infection,17.1
ANI_02813,Pig,91.66569487543705,6.442609787953113,Amoxicillin,8.753078420284922,Oral,Healthy,8.37
ANI_02814,Cattle,427.03421177058794,34.80231946615283,Oxytetracycline,26.050871379531134,Injectable,Healthy,22.03
ANI_02815,Goat,41.093642582058095,11.784149359741065,Penicillin,22.1859286261907,Topical,Severe Infection,10.13
ANI_02816,Pig,101.69595458052287,8.242310846370286,Oxytetracycline,11.746808282278886,Topical,Mild Infection,14.76
ANI_02817,Cattle,399.62810029893535,28.01077853030533,Amoxicillin,6.7291080299052215,Injectable,Healthy,12.01
ANI_02818,Sheep,62.22387814134697,6.719765736368831,Tylosin,14.02239429462412,Injectable,Healthy,13.67
ANI_02819,Goat,52.06738502899927,9.084708037992714,Amoxicillin,10.724143779729971,Injectable,Mild Infection,15.99
ANI_02820,Goat,38.96736009562518,6.277202513552651,Amoxicillin,14.35619356328657,Injectable,Healthy,12.31
ANI_02821,Cattle,309.5475480431354,40.25294714053035,Amoxicillin,9.89272519976084,Injectable,Healthy,12.41
ANI_02822,Goat,49.7787620517438,3.5603686549221347,Tylosin,16.126392153364456,Injectable,Severe Infection,18.99
ANI_02823,Cattle,578.1391501182345,34.51593424778299,Oxytetracycline,23.851279830286654,Injectable,Healthy,19.49
ANI_02824,Cattle,442.1348945879545,26.454007144798275,Penicillin,15.810377345619411,Injectable,Healthy,10.86
ANI_02825,Cattle,546.4562727665094,47.859877387276356,Oxytetracycline,11.290448221952897,Injectable,Healthy,16.43
ANI_02826,Goat,34.06448436994819,8.768487333539998,Tylosin,16.13564574308957,Injectable,Healthy,14.8
ANI_02827,Goat,47.08190644592152,15.750518988721922,Tylosin,19.20664421218384,Topical,Healthy,12.16
ANI_02828,Pig,82.66534658679373,7.0214197419179385,Tylosin,10.472315633262744,Oral,Healthy,12.14
ANI_02829,Cattle,388.93864733346584,30.14546879181146,Amoxicillin,13.944786247667759,Injectable,Healthy,12.66
ANI_02830,Pig,80.18604980927535,6.874949328843227,Oxytetracycline,15.531296248312492,Topical,Mild Infection,15.16
ANI_02831,Cattle,515.981762272715,26.384480992396522,Amoxicillin,13.211421268986797,Oral,Mild Infection,12.79
ANI_02832,Pig,118.22524566075647,4.284610664134838,Oxytetracycline,25.25335632775284,Injectable,Mild Infection,21.91
ANI_02833,Sheep,80.31881402030167,14.702382064257275,Tylosin,17.19777005299394,Injectable,Healthy,14.04
ANI_02834,Cattle,482.0267485989879,15.2213161203953,Oxytetracycline,29.942272680254785,Injectable,Mild Infection,23.92
ANI_02835,Pig,118.74231015968519,5.593756527454998,Tylosin,12.237490622986192,Injectable,Mild Infection,16.88
ANI_02836,Goat,42.768275287286414,8.403611469555209,Tylosin,17.636813065587717,Oral,Severe Infection,16.25
ANI_02837,Goat,43.87460350162164,9.369638870840781,Oxytetracycline,24.217133469325624,Injectable,Healthy,21.32
ANI_02838,Pig,92.13215124088529,4.525968248429476,Amoxicillin,8.47140597094776,Oral,Healthy,10.43
ANI_02839,Sheep,51.216672008862645,19.71075222596326,Penicillin,19.420817967256376,Injectable,Severe Infection,14.97
ANI_02840,Sheep,49.40578592917943,19.732260902843162,Penicillin,13.073308430376631,Injectable,Mild Infection,10.22
ANI_02841,Sheep,70.46113105847574,,Amoxicillin,10.650515862904033,Topical,Healthy,6.67
ANI_02842,Cattle,742.3106130613554,32.12514664840031,Penicillin,21.558234710403518,Topical,Severe Infection,8.41
ANI_02843,Goat,37.63615412378712,15.635045920457719,Oxytetracycline,17.89045189072524,Topical,Severe Infection,21.77
ANI_02844,Cattle,447.0975349361222,15.381553253446526,Penicillin,21.467748415541976,Injectable,Healthy,10.51
ANI_02845,Pig,104.6920968212516,6.800436781677346,Oxytetracycline,12.139999429671986,Topical,Severe Infection,16.22
ANI_02846,Sheep,58.21417730485775,15.12502876398503,Amoxicillin,9.659817820381512,Injectable,Mild Infection,14.67
ANI_02847,Sheep,54.39808819325694,12.213311863397754,Penicillin,23.798531884898463,Injectable,Severe Infection,17.22
ANI_02848,Pig,99.35962391025858,7.044928234780191,Penicillin,23.48486584078141,Oral,Healthy,7.99
ANI_02849,Sheep,65.5472330265092,7.733325048900956,Tylosin,8.642664545006715,Injectable,Healthy,14.3
ANI_02850,Goat,38.282443620905305,15.6816772132541,Tylosin,5.138808803254452,Injectable,Healthy,13.46
ANI_02851,Sheep,60.51553182211182,9.547244742450399,Oxytetracycline,14.697803319436403,Oral,Healthy,14.64
ANI_02852,Sheep,51.87530167707666,17.835533149265014,Oxytetracycline,11.623891816406486,Injectable,Healthy,18.94
ANI_02853,Goat,47.25149494345641,19.750250881563616,Amoxicillin,10.152796241120853,Injectable,Severe Infection,14.45
ANI_02854,Goat,42.017851839354385,11.971616561709638,Oxytetracycline,16.13531641305903,Injectable,Mild Infection,24.57
ANI_02855,Goat,38.875404470161236,11.726246524700693,Amoxicillin,14.001547514476554,Injectable,Healthy,13.16
ANI_02856,Goat,37.05709365042813,13.737069076575011,Oxytetracycline,14.706167961507415,Injectable,Healthy,19.59
ANI_02857,Sheep,51.58277732003411,15.906665980906476,Oxytetracycline,18.39910848295571,Oral,Severe Infection,22.32
ANI_02858,Goat,37.26705226583747,12.722018535556348,Penicillin,24.557149696626738,Injectable,Healthy,12.46
ANI_02859,Pig,104.88131420986274,5.828876316532283,Oxytetracycline,10.43882935195128,Oral,Severe Infection,21.41
ANI_02860,Cattle,366.1669373179536,50.585157764232676,Oxytetracycline,16.245711517785104,Oral,Severe Infection,21.03
ANI_02861,Pig,111.40294649293924,4.0225877688519,Amoxicillin,8.940936485720673,Injectable,Mild Infection,14.63
ANI_02862,Pig,126.6687833206593,6.563663003133015,Tylosin,9.352304524399619,Oral,Mild Infection,13.88
ANI_02863,Goat,45.65026514514999,13.617598083712652,Tylosin,19.63478197086907,Oral,Healthy,12.76
ANI_02864,Goat,42.61336737233734,10.758698170685493,Penicillin,19.308289878923215,Injectable,Healthy,12.18
ANI_02865,Cattle,451.2679463891208,13.906659210959209,Penicillin,15.472615918574103,Oral,Healthy,8.89
ANI_02866,Goat,39.55131418977061,11.025601968987752,Amoxicillin,6.0749932099224235,Oral,Healthy,10.2
ANI_02867,Cattle,521.2832607125347,29.164406357490154,Tylosin,15.740204613992654,Injectable,Mild Infection,18.69
ANI_02868,Goat,45.76285998714807,18.10236461115607,Penicillin,21.046594631699037,Injectable,Severe Infection,17.43
ANI_02869,Pig,95.35616010203339,3.0354163533518594,Tylosin,17.78521701428957,Oral,Severe Infection,16.54
ANI_02870,Sheep,66.87140306002979,18.364892799072965,Tylosin,12.521611207123293,Injectable,Healthy,14.21
ANI_02871,Goat,32.202509450259384,,Penicillin,16.849434837267125,Oral,Healthy,7.82
ANI_02872,Goat,50.50039355472181,5.9214632539295,Oxytetracycline,29.685225888315692,Oral,Mild Infection,19.41
ANI_02873,Sheep,48.460338091101306,7.000784370899431,Penicillin,20.48103557725451,Oral,Healthy,10.85
ANI_02874,Sheep,32.43537202909289,13.339639745839762,Tylosin,15.036431672828858,Oral,Healthy,14.46
ANI_02875,Goat,39.97943309051699,13.644582790118406,Penicillin,24.94115373694897,Injectable,Healthy,9.46
ANI_02876,Sheep,59.44606474517664,14.300540414604514,Tylosin,14.1474007316369,Injectable,Severe Infection,20.34
ANI_02877,Pig,108.21667615561965,8.823023577079523,Amoxicillin,14.758805437588853,Topical,Healthy,5.22
ANI_02878,Goat,43.18586227753818,12.002507327345675,Tylosin,8.528518699559697,Oral,Mild Infection,12.69
ANI_02879,Goat,33.5213923438891,6.717642801960713,Penicillin,24.108388911352673,Injectable,Mild Infection,12.62
ANI_02880,Goat,,16.833026930612895,Penicillin,10.915505778598567,Injectable,Mild Infection,9.49
ANI_02881,Sheep,58.1831352177453,14.205994119983036,Amoxicillin,8.992753840155771,Oral,Severe Infection,11.47
ANI_02882,Cattle,539.5711532416954,18.75909314090027,Amoxicillin,5.2663168691410505,Injectable,Healthy,11.18
ANI_02883,Sheep,66.7059662611107,7.443828445687646,Penicillin,16.521275893599835,Injectable,Severe Infection,14.41
ANI_02884,Sheep,52.9401483450109,,Amoxicillin,9.568990709144906,Oral,Mild Infection,9.41
ANI_02885,Cattle,586.1223415099844,41.4030922942769,Tylosin,8.235852356984141,Injectable,Mild Infection,16.47
ANI_02886,Sheep,63.27818715815984,9.135099962307937,Oxytetracycline,21.27883539288974,Injectable,Severe Infection,25.58
ANI_02887,Goat,47.52929492597401,7.2464725113757895,Tylosin,16.678127226291764,Injectable,Healthy,14.67
ANI_02888,Cattle,572.9369795129751,30.52678790626345,Penicillin,17.094756499782008,Topical,Healthy,4.95
ANI_02889,Cattle,535.2159763236235,42.428624980097396,Amoxicillin,13.95435100756106,Topical,Mild Infection,9.69
ANI_02890,Pig,96.41343944253937,,Oxytetracycline,17.331018763331805,Oral,Mild Infection,14.98
ANI_02891,Pig,117.79127350114314,6.2138284255398775,Tylosin,18.690899391325964,Injectable,Healthy,14.58
ANI_02892,Goat,33.20688282789607,17.097792210220838,Oxytetracycline,16.773438497749943,Injectable,Mild Infection,24.46
ANI_02893,Goat,38.01075453147781,9.97595884318572,Tylosin,7.060529818623541,Oral,Healthy,9.24
ANI_02894,Sheep,58.8521117836545,12.206010879893281,Amoxicillin,6.694882749200567,Injectable,Mild Infection,11.84
ANI_02895,Cattle,528.6498609289335,27.596221202870815,Penicillin,19.174709991063978,Oral,Mild Infection,5.58
ANI_02896,Cattle,416.58059061262173,49.538801113894536,Oxytetracycline,28.32930612465079,Injectable,Healthy,20.18
ANI_02897,Cattle,605.3735317648933,45.92957761499415,Penicillin,24.742038095575282,Oral,Severe Infection,13.22
ANI_02898,Goat,41.54924253305194,11.160631559963793,Oxytetracycline,10.22108797394019,Oral,Severe Infection,19.56
ANI_02899,Goat,46.070634146206615,11.27631188936052,Penicillin,15.387555267546848,Injectable,Healthy,5.82
ANI_02900,Pig,99.43751352116331,5.425828267355763,Penicillin,11.965427587184484,Oral,Healthy,6.07
ANI_02901,Goat,40.81640925850281,12.998835225629689,Amoxicillin,14.266494080645696,Injectable,Mild Infection,14.7
ANI_02902,Pig,117.56427996309989,5.787707210353342,Tylosin,5.135946472799667,Injectable,Severe Infection,19.11
ANI_02903,Pig,101.60054176695094,8.803156277998891,Penicillin,20.278161195077036,Injectable,Healthy,11.17
ANI_02904,Pig,116.98912510208662,5.517113879167309,Tylosin,7.452893129121806,Injectable,Healthy,16.22
ANI_02905,Sheep,56.002720175850754,20.4806388314947,Penicillin,12.152135562013221,Injectable,Healthy,11.18
ANI_02906,Pig,100.34828497996462,4.722620318712394,Amoxicillin,14.416053369059945,Oral,Mild Infection,11.34
ANI_02907,Cattle,583.8468052091572,44.57159260920923,Oxytetracycline,17.948705447741514,Oral,Healthy,19.03
ANI_02908,Goat,30.823475202247387,14.2367984137635,Oxytetracycline,11.966473341839276,Oral,Healthy,14.21
ANI_02909,Sheep,66.68000873941423,10.16067375174148,Tylosin,7.921906754564027,Oral,Mild Infection,14.78
ANI_02910,Cattle,292.2840340699172,16.653194410680765,Tylosin,16.6253758344424,Injectable,Healthy,17.33
ANI_02911,Cattle,418.73529441109486,61.40617847987727,Oxytetracycline,13.379140822026372,Injectable,Healthy,17.2
ANI_02912,Goat,31.50821621661098,16.934202789476274,Penicillin,11.913528208231469,Injectable,Mild Infection,11.71
ANI_02913,Cattle,608.1948177713248,47.10197151461535,Amoxicillin,11.514298121960167,Oral,Mild Infection,10.65
ANI_02914,Pig,88.34141008801465,6.313183010772915,Penicillin,23.018843628776708,Topical,Mild Infection,10.92
ANI_02915,Cattle,520.0145033040482,31.54006759578826,Amoxicillin,12.085615685819505,Oral,Mild Infection,9.67
ANI_02916,Goat,42.52298316901912,15.10942571834047,Tylosin,9.424894204759696,Injectable,Mild Infection,14.27
ANI_02917,Goat,44.63172474467409,12.866750325887972,Amoxicillin,14.692459342110903,Oral,Healthy,10.24
ANI_02918,Pig,88.19276616389338,5.68497202441983,Tylosin,10.059767390145112,Topical,Mild Infection,9.92
ANI_02919,Pig,106.45864429676686,6.1390956734056905,Amoxicillin,14.377849568016149,Injectable,Mild Infection,16.14
ANI_02920,Pig,89.3049839081817,3.8722301766401928,Oxytetracycline,18.68891902439757,Oral,Healthy,15.05
ANI_02921,Sheep,81.00916139234911,11.866383275988486,Oxytetracycline,11.328832636358007,Injectable,Mild Infection,21.56
ANI_02922,Sheep,62.80291291965907,5.188597756176272,Amoxicillin,10.855918252204543,Oral,Healthy,7.29
ANI_02923,Pig,107.12045007172556,7.918819993714186,Tylosin,8.229474459821692,Oral,Healthy,12.63
ANI_02924,Cattle,,20.211996084949256,Oxytetracycline,19.505098052160573,Injectable,Mild Infection,19.97
ANI_02925,Goat,,7.305583601335283,Penicillin,24.427497494369796,Injectable,Healthy,13.7
ANI_02926,Goat,43.39638879775735,7.2606397580999245,Tylosin,11.071931087926075,Injectable,Severe Infection,19.37
ANI_02927,Pig,131.51363794450586,7.404408627845225,Oxytetracycline,29.55783715820919,Oral,Healthy,17.51
ANI_02928,Sheep,68.46722338770843,9.393813692095138,Tylosin,5.878121329251169,Oral,Mild Infection,13.55
ANI_02929,Cattle,469.73969765710785,26.498566368410653,Oxytetracycline,11.67204562048828,Oral,Healthy,14.54
ANI_02930,Sheep,67.978518254783,18.924393440424087,Penicillin,11.419815705904588,Injectable,Healthy,9.89
ANI_02931,Cattle,317.00961388366045,38.761983864086396,Tylosin,16.861652128588688,Topical,Healthy,9.8
ANI_02932,Sheep,53.31103508270785,17.14827271352469,Oxytetracycline,12.50142478901138,Injectable,Healthy,20.13
ANI_02933,Cattle,,47.60899621433629,Penicillin,19.93785865575556,Injectable,Healthy,9.89
ANI_02934,Sheep,51.10037443442859,15.145585412196539,Penicillin,18.61400034401347,Injectable,Healthy,11.82
ANI_02935,Sheep,66.46151089356125,8.240846766660383,Oxytetracycline,26.838772612849716,Oral,Severe Infection,19.08
ANI_02936,Cattle,544.3375982102375,37.2781989158869,Oxytetracycline,14.826032845099279,Injectable,Healthy,19.51
ANI_02937,Pig,114.7172748752387,5.4862295417924685,Amoxicillin,10.671731001852015,Oral,Healthy,8.02
ANI_02938,Pig,94.19234016698407,4.7650951779887905,Penicillin,12.177095398992108,Injectable,Healthy,10.11
ANI_02939,Cattle,541.786402619944,25.682548296342052,Amoxicillin,8.912034417144252,Injectable,Severe Infection,17.45
ANI_02940,Sheep,54.66454662615946,17.795287271149014,Amoxicillin,11.073087429212753,Oral,Mild Infection,10.94
ANI_02941,Cattle,617.8695984719262,13.388039772565861,Oxytetracycline,11.725463154670912,Oral,Severe Infection,18.09
ANI_02942,Goat,25.752946879357587,11.888191479005668,Tylosin,18.519764977453764,Injectable,Mild Infection,16.71
ANI_02943,Pig,91.8874807078759,9.642039546510375,Tylosin,11.899674702668987,Injectable,Healthy,13.01
ANI_02944,Pig,116.33249486524457,8.03966762476951,Penicillin,21.87296606747583,Injectable,Healthy,12.01
ANI_02945,Pig,108.90464725797003,5.308865761278706,Penicillin,22.859970551989893,Injectable,Healthy,14.6
ANI_02946,Cattle,552.2766742366719,22.87348937663716,Amoxicillin,7.045833721504385,Oral,Mild Infection,8.84
ANI_02947,Sheep,70.57763695670583,6.108956668409418,Tylosin,18.4171708338023,Injectable,Healthy,15.03
ANI_02948,Goat,45.396040265238575,6.743933345679159,Oxytetracycline,26.814923093736304,Injectable,Severe Infection,25.33
ANI_02949,Pig,102.29970736754554,1.0369749240291641,Oxytetracycline,27.852306681780632,Oral,Healthy,18.49
ANI_02950,Cattle,604.5802915699516,51.96159969525412,Oxytetracycline,18.997293907228396,Injectable,Severe Infection,24.61
ANI_02951,Goat,40.198909062025955,,Oxytetracycline,19.617349172724516,Injectable,Mild Infection,19.9
ANI_02952,Goat,35.9384641729329,15.654962963347336,Oxytetracycline,28.735362667442047,Injectable,Severe Infection,26.32
ANI_02953,Sheep,72.94633303740129,14.410003879235472,Oxytetracycline,15.43282261488348,Oral,Healthy,17.57
ANI_02954,Cattle,572.379941644442,48.88332354294789,Penicillin,16.944604977185683,Injectable,Mild Infection,10.72
ANI_02955,Pig,120.96729771270846,6.710095342910186,Tylosin,5.312552393931214,Injectable,Healthy,13.69
ANI_02956,Cattle,426.23737347291456,29.684313171901103,Oxytetracycline,14.499973540351423,Injectable,Healthy,17.08
ANI_02957,Pig,,4.652200903181521,Amoxicillin,9.770771715592135,Oral,Mild Infection,9.72
ANI_02958,Sheep,63.35218346217372,11.918932467449476,Penicillin,20.183250503339536,Oral,Healthy,9.42
ANI_02959,Goat,39.972630790920135,3.935232707909874,Penicillin,15.61007799059934,Injectable,Mild Infection,11.53
ANI_02960,Pig,144.79930384462895,4.61661035344739,Oxytetracycline,14.407393811329829,Oral,Healthy,15.76
ANI_02961,Cattle,516.0131152760603,26.89765561542489,Tylosin,7.799322373502401,Topical,Healthy,5.69
ANI_02962,Sheep,59.74230644122743,,Tylosin,16.898233040197837,Injectable,Healthy,18.06
ANI_02963,Pig,101.39204147276416,6.402425941719624,Amoxicillin,14.049952259723248,Injectable,Mild Infection,13.5
ANI_02964,Goat,29.38852138153603,8.91283596399026,Penicillin,23.19282388879131,Injectable,Severe Infection,15.33
ANI_02965,Sheep,59.03029482331358,8.039444433023075,Oxytetracycline,13.612731018950651,Injectable,Healthy,18.26
ANI_02966,Pig,106.72643619243372,6.0642164916625525,Amoxicillin,5.582434527714712,Injectable,Mild Infection,13.96
ANI_02967,Pig,111.20595003063684,9.007873492332523,Amoxicillin,10.405946539617489,Oral,Healthy,7.37
ANI_02968,Pig,76.36212051256021,4.002372578030744,Tylosin,12.00968567232602,Injectable,Severe Infection,19.12
ANI_02969,Sheep,64.60565878601544,5.673027148661826,Oxytetracycline,26.877041164039476,Injectable,Severe Infection,24.99
ANI_02970,Sheep,68.29343925226281,,Amoxicillin,7.796950133569767,Injectable,Healthy,10.77
ANI_02971,Pig,104.47751356937803,5.932115514218182,Penicillin,12.298484803519168,Topical,Mild Infection,9.6
ANI_02972,Cattle,464.6294957744418,34.377485842438155,Penicillin,23.93334739983277,Oral,Healthy,8.38
ANI_02973,Sheep,68.63781903166858,6.078224299909135,Oxytetracycline,18.202994397772798,Oral,Mild Infection,18.89
ANI_02974,Cattle,417.6650461637364,50.27610237822027,Tylosin,11.27304176514086,Injectable,Severe Infection,20.87
ANI_02975,Cattle,550.2651817603321,36.13127691091109,Tylosin,19.33549338378308,Oral,Mild Infection,16.25
ANI_02976,Goat,37.30605575961683,15.561341259928279,Amoxicillin,12.801338491950922,Injectable,Healthy,12.17
ANI_02977,Sheep,52.52216960281299,7.6649342526500455,Penicillin,18.69309015240588,Injectable,Healthy,12.16
ANI_02978,Goat,23.904149074354375,5.940426003694812,Oxytetracycline,10.28740411853498,Injectable,Healthy,19.12
ANI_02979,Sheep,52.12876449679734,13.9232630927565,Amoxicillin,10.400934210977145,Oral,Healthy,8.68
ANI_02980,Goat,38.96130939320477,15.223603772443134,Penicillin,23.749350605171692,Injectable,Severe Infection,15.7
ANI_02981,Goat,39.936255801110285,13.253648210655394,Penicillin,13.573210792437216,Injectable,Healthy,8.9
ANI_02982,Pig,117.39524116352584,4.656869823998841,Amoxicillin,9.132510032332764,Oral,Mild Infection,7.56
ANI_02983,Goat,64.90601342318632,16.234780905698955,Amoxicillin,13.199004299844582,Injectable,Healthy,9.63
ANI_02984,Pig,102.01893940579163,4.078925132817248,Penicillin,15.128894568670962,Oral,Healthy,7.86
ANI_02985,Pig,115.68179264824948,6.896354654361875,Tylosin,19.3782977796894,Topical,Mild Infection,16.68
ANI_02986,Goat,36.25912373266218,14.397855674500697,Penicillin,23.385656718899497,Injectable,Healthy,12.36
ANI_02987,Cattle,503.73350771107124,35.66499691239023,Tylosin,12.451868876445438,Injectable,Healthy,17.51
ANI_02988,Cattle,415.9565237330293,38.37802179818705,Tylosin,17.405682367142447,Injectable,Healthy,15.71
ANI_02989,Cattle,562.4600518224056,,Oxytetracycline,18.12508532855655,Oral,Severe Infection,20.03
ANI_02990,Goat,43.68337814387511,16.86202722009232,Oxytetracycline,26.357503143702548,Topical,Healthy,14.37
ANI_02991,Pig,88.19404229656806,4.833112447077834,Oxytetracycline,11.304809083509664,Oral,Severe Infection,18.54
ANI_02992,Pig,128.91270093316174,7.750660468229171,Penicillin,17.86931652429062,Injectable,Healthy,11.16
ANI_02993,Cattle,489.48901268869093,26.347507250377973,Oxytetracycline,25.70186612995984,Oral,Healthy,17.97
ANI_02994,Goat,36.585708232612596,10.163095557859071,Penicillin,15.353723522072727,Topical,Healthy,2.74
ANI_02995,Sheep,62.87159509496178,11.8363335585814,Oxytetracycline,14.313216268073054,Oral,Mild Infection,18.08
ANI_02996,Goat,54.435591775896995,12.57001559468805,Oxytetracycline,25.521885724366484,Injectable,Mild Infection,22.72
ANI_02997,Pig,111.52006900025681,9.621746467188984,Oxytetracycline,17.339527467929003,Injectable,Severe Infection,23.41
ANI_02998,Cattle,455.6073505565108,67.6572321121019,Penicillin,13.598768782817872,Injectable,Healthy,10.43
ANI_02999,Goat,60.133172446350926,9.262808082384531,Penicillin,16.38825196697544,Topical,Healthy,7.16
ANI_03000,Cattle,360.74874328615215,26.74408630131165,Amoxicillin,14.961529042006461,Topical,Healthy,6.1
ANI_03001,Cattle,,52.99443986500761,Penicillin,24.374640440544024,Oral,Severe Infection,12.42
ANI_03002,Sheep,69.36814316922667,16.710591937971973,Tylosin,9.529703404309046,Topical,Severe Infection,13.17
ANI_03003,Pig,102.94987255022669,10.292085361347244,Tylosin,8.466977909384044,Injectable,Healthy,11.73
ANI_03004,Goat,29.609571567585107,11.009274167613997,Tylosin,15.018522691022891,Oral,Healthy,13.23
ANI_03005,Goat,31.674723364662547,8.364826131217708,Oxytetracycline,21.48313332863104,Injectable,Mild Infection,21.67
ANI_03006,Cattle,,56.357498642933166,Penicillin,17.770688266170875,Topical,Healthy,3.92
ANI_03007,Goat,56.259789289098634,7.713403385326427,Penicillin,11.313592258993452,Topical,Mild Infection,7.35
ANI_03008,Cattle,499.1586334028635,23.565939340946596,Penicillin,10.973188271409077,Injectable,Mild Infection,13.06
ANI_03009,Goat,39.63351164545536,11.746818964536805,Tylosin,10.220784304864011,Oral,Healthy,8.79
ANI_03010,Goat,42.90867419076952,14.517684988333723,Amoxicillin,11.250132491160459,Oral,Healthy,8.68
ANI_03011,Cattle,629.3884641433679,53.19857820536728,Oxytetracycline,12.208552729266662,Injectable,Healthy,20.1
ANI_03012,Cattle,492.2710499850617,41.66499114329051,Penicillin,21.38904129495088,Injectable,Healthy,11.89
ANI_03013,Goat,49.36929478497447,16.154242232454134,Amoxicillin,14.65000209476719,Injectable,Healthy,15.39
ANI_03014,Cattle,425.5127214723726,43.50574065812718,Oxytetracycline,17.330781088179123,Injectable,Healthy,19.69
ANI_03015,Sheep,56.40843812338687,10.763727911054549,Tylosin,11.793993058601796,Injectable,Healthy,14.7
ANI_03016,Pig,92.22509412656997,5.853799928671663,Oxytetracycline,15.724462020514277,Oral,Mild Infection,16.31
ANI_03017,Cattle,541.3570816308604,67.12062894539221,Tylosin,17.45365291955611,Injectable,Healthy,14.71
ANI_03018,Cattle,367.93583404701934,36.951737716833684,Oxytetracycline,27.13082441377589,Injectable,Healthy,21.54
ANI_03019,Sheep,,20.68353761943372,Oxytetracycline,25.64196294175203,Injectable,Healthy,16.73
ANI_03020,Cattle,538.8214991591072,22.50146033530504,Tylosin,9.147355935273183,Injectable,Severe Infection,17.35
ANI_03021,Sheep,51.657950332355334,,Oxytetracycline,13.987294634943265,Injectable,Healthy,19.76
ANI_03022,Goat,40.335344321909005,14.023972266271949,Penicillin,13.070034213909212,Injectable,Mild Infection,11.92
ANI_03023,Pig,107.24209553314573,5.6285457377657,Amoxicillin,14.637907144640801,Injectable,Severe Infection,16.44
ANI_03024,Goat,39.854664948756366,9.101271030360298,Amoxicillin,5.976282396085244,Injectable,Mild Infection,10.87
ANI_03025,Goat,37.371305757611836,14.944489329506503,Oxytetracycline,21.33293436708334,Injectable,Healthy,19.14
ANI_03026,Cattle,483.00208137890695,23.437725840523143,Penicillin,21.743451530085018,Injectable,Severe Infection,12.98
ANI_03027,Goat,36.6956120893214,17.285299445519893,Penicillin,22.32262775347138,Oral,Severe Infection,9.65
ANI_03028,Sheep,60.70185852422745,16.60434744124804,Penicillin,12.753566539797207,Injectable,Healthy,10.35
ANI_03029,Sheep,55.71948215851417,8.784967542679944,Penicillin,10.653363705321272,Injectable,Healthy,9.04
ANI_03030,Pig,96.7550292008301,4.468642764031516,Penicillin,20.301834525375774,Injectable,Severe Infection,13.88
ANI_03031,Goat,31.29811423901377,9.704391451823293,Amoxicillin,8.296388243277235,Injectable,Severe Infection,12.85
ANI_03032,Cattle,631.2724069272662,28.857983401115497,Amoxicillin,10.57745140442896,Injectable,Mild Infection,10.0
ANI_03033,Pig,81.3849129950024,7.553061214475575,Oxytetracycline,29.499491252058206,Injectable,Severe Infection,24.56
ANI_03034,Cattle,698.7534161023368,12.99704682634459,Tylosin,15.799094665211902,Injectable,Healthy,13.15
ANI_03035,Goat,52.00558622127571,10.765427481246824,Oxytetracycline,22.507847994270296,Oral,Healthy,16.0
ANI_03036,Pig,69.09541770002657,7.144171365108846,Tylosin,7.1855991762126346,Injectable,Healthy,16.51
ANI_03037,Sheep,74.28651780628894,25.50653563450912,Amoxicillin,12.54523676563289,Injectable,Healthy,9.94
ANI_03038,Goat,31.862037045705268,14.035339578163228,Tylosin,16.50205497810436,Oral,Healthy,12.97
ANI_03039,Sheep,71.57763418737122,15.015094553316878,Penicillin,24.69138093747908,Oral,Mild Infection,9.13
ANI_03040,Goat,39.08663785791615,5.207632168811903,Penicillin,20.28092868864308,Injectable,Healthy,12.2
ANI_03041,Sheep,54.859258886994674,15.795621481586881,Tylosin,9.480727806869226,Injectable,Severe Infection,19.83
ANI_03042,Cattle,441.08564545156105,34.82709311047801,Amoxicillin,14.987928508555383,Injectable,Mild Infection,12.05
ANI_03043,Goat,46.84235370561851,17.334996194510065,Amoxicillin,6.780654383247321,Topical,Severe Infection,9.01
ANI_03044,Cattle,596.8744621167251,26.9896149945234,Tylosin,17.777962617712248,Injectable,Healthy,13.59
ANI_03045,Sheep,41.09795343351071,15.261205690640816,Oxytetracycline,24.517486869905696,Injectable,Mild Infection,23.66
ANI_03046,Cattle,652.5303292074591,32.063576342173526,Penicillin,11.875474234129339,Oral,Healthy,7.98
ANI_03047,Cattle,685.8774428572652,,Oxytetracycline,16.16515979009651,Injectable,Severe Infection,22.68
ANI_03048,Pig,74.31261183381652,5.661236553082847,Tylosin,7.04883407564636,Oral,Mild Infection,11.97
ANI_03049,Sheep,47.79484047911566,8.771249722655313,Tylosin,7.652260366696892,Injectable,Mild Infection,18.87
ANI_03050,Cattle,680.6282296382599,35.283149162244186,Amoxicillin,13.901406412016211,Oral,Mild Infection,10.17
ANI_03051,Goat,36.97787221286088,11.03104261728373,Amoxicillin,13.172264190930921,Injectable,Healthy,11.6
ANI_03052,Cattle,450.1677027057587,44.08829652995775,Tylosin,11.143420404401656,Oral,Healthy,9.03
ANI_03053,Goat,,12.51256169204804,Oxytetracycline,10.782910272180331,Injectable,Mild Infection,22.31
ANI_03054,Cattle,526.9423452054901,34.47844351055153,Oxytetracycline,16.16252815207705,Topical,Severe Infection,20.63
ANI_03055,Cattle,552.9772501615172,23.17668645137998,Amoxicillin,9.566009242058158,Injectable,Mild Infection,10.9
ANI_03056,Cattle,562.4939490315879,17.47686973869554,Penicillin,10.618130436123195,Injectable,Severe Infection,13.49
ANI_03057,Pig,63.58224049085721,6.581591614459513,Tylosin,14.865161506889455,Injectable,Severe Infection,20.45
ANI_03058,Goat,35.4487611752846,17.105189558130427,Tylosin,14.825885260108741,Topical,Mild Infection,10.5
ANI_03059,Goat,27.366707092620434,16.60729024887752,Oxytetracycline,16.181084840006996,Injectable,Healthy,18.8
ANI_03060,Pig,73.2733622156911,5.714111270922337,Amoxicillin,8.77865991561722,Topical,Healthy,7.56
ANI_03061,Sheep,53.22194724252729,11.802107458705445,Oxytetracycline,28.370203013770997,Oral,Mild Infection,19.68
ANI_03062,Sheep,63.42530989729593,11.666488441640366,Penicillin,22.275768345391775,Injectable,Healthy,10.14
ANI_03063,Pig,87.91144464071014,4.922026023249782,Amoxicillin,12.722766257019432,Injectable,Severe Infection,14.76
ANI_03064,Goat,35.12691128913949,6.560400587503214,Oxytetracycline,20.687759285715337,Injectable,Severe Infection,26.67
ANI_03065,Cattle,469.9261340466635,32.71711747786772,Tylosin,11.316277015079297,Injectable,Healthy,14.91
ANI_03066,Goat,36.65741184952495,11.652717162848173,Oxytetracycline,17.129623173211023,Injectable,Healthy,20.38
ANI_03067,Goat,30.188957825948105,10.164466096376918,Penicillin,17.683345861713086,Injectable,Healthy,8.15
ANI_03068,Pig,91.09718974737316,6.124116529410792,Amoxicillin,5.634493036600379,Injectable,Mild Infection,13.32
ANI_03069,Pig,115.17071480210195,8.510020433727002,Penicillin,20.983068169290245,Injectable,Mild Infection,13.01
ANI_03070,Goat,36.53254689887884,14.076067922562716,Amoxicillin,5.889224588867376,Injectable,Severe Infection,14.89
ANI_03071,Pig,117.39363528840829,4.313599471422672,Oxytetracycline,13.279242376361495,Injectable,Mild Infection,20.35
ANI_03072,Cattle,,26.183972996162208,Oxytetracycline,24.34563234451434,Injectable,Healthy,22.29
ANI_03073,Sheep,75.291861234707,10.898206138540763,Amoxicillin,12.620099404776617,Injectable,Healthy,13.07
ANI_03074,Sheep,60.28872480174468,10.057952594802254,Oxytetracycline,22.155554247737953,Injectable,Mild Infection,22.02
ANI_03075,Sheep,73.19996448519673,14.89298392166879,Oxytetracycline,14.979665324630284,Oral,Severe Infection,21.03
ANI_03076,Goat,39.68386766214751,14.475153240544504,Penicillin,19.13035193800532,Injectable,Healthy,10.99
ANI_03077,Cattle,387.00723185799285,39.85884279183214,Penicillin,19.51850199017491,Oral,Mild Infection,8.94
ANI_03078,Sheep,59.52402754881493,9.783140189252624,Oxytetracycline,15.471431471105483,Topical,Healthy,14.82
ANI_03079,Goat,51.110595313159905,18.842826611334676,Tylosin,18.685296304837074,Injectable,Mild Infection,15.04
ANI_03080,Sheep,57.3783607987486,,Penicillin,13.642969757968995,Injectable,Mild Infection,10.18
ANI_03081,Goat,46.7348705816683,4.772708808639253,Oxytetracycline,11.962488263989204,Injectable,Mild Infection,20.01
ANI_03082,Cattle,550.6363471062062,36.415781241116235,Amoxicillin,5.868364204400115,Topical,Mild Infection,6.81
ANI_03083,Sheep,64.92323063912342,21.626103474328836,Oxytetracycline,20.379477118887753,Oral,Severe Infection,20.1
ANI_03084,Goat,21.45405615718001,3.3764370430944926,Penicillin,19.593608099981218,Topical,Mild Infection,7.84
ANI_03085,Sheep,68.46631621033156,13.952050861607471,Tylosin,14.730888552130681,Injectable,Healthy,17.79
ANI_03086,Pig,111.578260475458,9.754896071918925,Tylosin,12.96965655333943,Injectable,Severe Infection,17.79
ANI_03087,Goat,38.40258158514828,18.836220733294326,Penicillin,19.170550848393596,Topical,Mild Infection,7.59
ANI_03088,Sheep,50.551194988759846,13.514099454314213,Tylosin,8.7432858832268,Injectable,Mild Infection,16.76
ANI_03089,Cattle,523.4372763338404,33.39784873721346,Penicillin,23.96447672524816,Injectable,Mild Infection,14.25
ANI_03090,Sheep,55.76622509764263,7.413540073078832,Tylosin,5.412399974413551,Injectable,Mild Infection,16.8
ANI_03091,Sheep,55.60375233465618,7.046023923942772,Amoxicillin,14.617866143085603,Injectable,Healthy,11.06
ANI_03092,Pig,122.08526134521335,1.138134705969013,Penicillin,13.494880788189096,Oral,Healthy,5.73
ANI_03093,Pig,86.31081021171003,8.537472914259546,Penicillin,20.751970439559287,Injectable,Mild Infection,13.37
ANI_03094,Goat,40.6815674397663,17.610184088882335,Tylosin,6.26974901909616,Topical,Severe Infection,14.81
ANI_03095,Pig,84.73286173033848,2.301631147467779,Penicillin,19.152745162552257,Injectable,Mild Infection,12.24
ANI_03096,Goat,47.04385040731291,14.421004234763735,Amoxicillin,5.503977942433817,Injectable,Healthy,9.52
ANI_03097,Sheep,57.31802369408589,18.50954365836498,Oxytetracycline,13.269022179618538,Injectable,Healthy,17.92
ANI_03098,Cattle,366.16581746780605,34.27895971717804,Tylosin,11.210010243270874,Injectable,Mild Infection,15.22
ANI_03099,Goat,,10.499075394848187,Oxytetracycline,13.242187108604028,Injectable,Healthy,19.15
ANI_03100,Pig,147.83746778914568,10.12636683863116,Oxytetracycline,26.045806159627215,Oral,Mild Infection,18.99
ANI_03101,Sheep,60.02271270365516,11.850090287892167,Amoxicillin,7.146475487701981,Oral,Severe Infection,12.18
ANI_03102,Goat,32.76688925518816,,Amoxicillin,7.902566404358606,Injectable,Mild Infection,11.99
ANI_03103,Pig,111.6557170806424,10.028388644709032,Oxytetracycline,18.60400193485315,Injectable,Mild Infection,20.86
ANI_03104,Goat,31.069678637590886,12.6943792657789,Oxytetracycline,14.819711790925892,Oral,Mild Infection,17.05
ANI_03105,Pig,123.91952446721962,9.178334486483275,Tylosin,15.019589145039141,Injectable,Mild Infection,16.27
ANI_03106,Pig,69.17933861799074,7.920968824588181,Oxytetracycline,18.803689612338715,Oral,Mild Infection,17.19
ANI_03107,Pig,110.73306412554666,4.033160415318047,Oxytetracycline,21.530700015363177,Injectable,Severe Infection,23.53
ANI_03108,Pig,108.10059208888386,7.0896366848793955,Amoxicillin,10.341118384025133,Topical,Mild Infection,5.81
ANI_03109,Cattle,558.2497627928752,21.618512476814363,Penicillin,10.603612876275704,Oral,Severe Infection,10.85
ANI_03110,Cattle,464.76951266508297,30.30007575411002,Penicillin,20.707711744430902,Injectable,Severe Infection,14.92
ANI_03111,Pig,79.26727097243644,7.50054901698695,Oxytetracycline,27.16325354364715,Oral,Mild Infection,22.7
ANI_03112,Cattle,271.0772735815935,47.97886926996408,Penicillin,11.55625265380801,Oral,Mild Infection,10.12
ANI_03113,Sheep,48.63825763474488,11.218636014165629,Penicillin,23.52495122015137,Injectable,Healthy,12.6
ANI_03114,Sheep,54.35639575315967,11.738286873495191,Oxytetracycline,15.006568876040644,Topical,Severe Infection,18.77
ANI_03115,Goat,51.512642889008106,12.664975179917166,Tylosin,9.138198195755157,Injectable,Severe Infection,22.63
ANI_03116,Sheep,63.5603246712714,14.500782640039102,Tylosin,16.803054037776878,Injectable,Severe Infection,20.76
ANI_03117,Sheep,64.0670368394829,14.647113918317157,Tylosin,8.198064241414237,Injectable,Healthy,12.77
ANI_03118,Sheep,81.33645604681897,11.700656937306809,Tylosin,13.851628281403428,Injectable,Healthy,13.71
ANI_03119,Pig,94.73220624375723,5.40039760470136,Oxytetracycline,26.067551428758424,Injectable,Healthy,19.2
ANI_03120,Goat,38.43764336163041,7.851221208932606,Tylosin,11.061742723192399,Injectable,Mild Infection,15.54
ANI_03121,Cattle,619.8369010406861,47.773773913923606,Oxytetracycline,22.576795771173657,Injectable,Mild Infection,22.47
ANI_03122,Cattle,,38.728138376539015,Penicillin,20.30857621506702,Oral,Mild Infection,8.55
ANI_03123,Cattle,669.7111480473131,30.618297228133013,Oxytetracycline,26.28194013934472,Oral,Severe Infection,18.15
ANI_03124,Goat,41.02390690941811,15.813419451689445,Amoxicillin,14.387882642130759,Injectable,Healthy,11.61
ANI_03125,Cattle,508.0601799015813,40.67328021260438,Tylosin,5.106297011710736,Oral,Healthy,11.63
ANI_03126,Cattle,432.90856223152286,23.763161431899977,Oxytetracycline,27.854126281901696,Topical,Mild Infection,18.72
ANI_03127,Sheep,,13.144064621588171,Penicillin,18.756421313169785,Oral,Severe Infection,13.95
ANI_03128,Pig,74.9517763102891,5.827734850988672,Amoxicillin,14.56606505463572,Injectable,Healthy,9.93
ANI_03129,Sheep,71.07982511053643,9.937050108946368,Tylosin,18.84373615329821,Topical,Severe Infection,15.04
ANI_03130,Cattle,534.2982967366319,35.491798127610366,Penicillin,22.824790222480864,Injectable,Healthy,12.2
ANI_03131,Goat,36.78789493677675,5.696445885769958,Amoxicillin,11.306310471541632,Oral,Healthy,9.47
ANI_03132,Cattle,435.7467831193763,21.95184859795566,Tylosin,16.93074761183927,Oral,Healthy,14.07
ANI_03133,Cattle,566.440024902905,50.71984638098904,Penicillin,14.394695807566489,Oral,Severe Infection,10.27
ANI_03134,Cattle,,66.71879111722245,Amoxicillin,13.737537919937804,Injectable,Severe Infection,15.16
ANI_03135,Pig,88.80148324973516,3.679612262169081,Penicillin,24.697152608340325,Oral,Severe Infection,12.51
ANI_03136,Pig,95.06353339046885,5.411891672160936,Penicillin,22.749768032488127,Injectable,Mild Infection,13.95
ANI_03137,Cattle,485.1410490042557,28.69692640859809,Oxytetracycline,27.935562337384688,Injectable,Mild Infection,23.89
ANI_03138,Goat,31.949535955255307,10.737464583164243,Amoxicillin,11.172938264580871,Injectable,Mild Infection,14.93
ANI_03139,Pig,100.28318959037007,9.491338057345974,Oxytetracycline,24.919336157721695,Oral,Healthy,16.11
ANI_03140,Cattle,498.39750095863815,12.27931107983327,Oxytetracycline,20.30373917745232,Injectable,Mild Infection,18.43
ANI_03141,Sheep,62.50921497770598,4.917375313345234,Amoxicillin,11.272235829079829,Topical,Mild Infection,9.84
ANI_03142,Goat,54.43295273571523,9.283610545722173,Oxytetracycline,26.299346760396922,Injectable,Healthy,20.78
ANI_03143,Cattle,497.2358702396452,27.68946052573272,Tylosin,7.8369400523856,Topical,Healthy,10.27
ANI_03144,Goat,,6.559537146304544,Penicillin,16.99842557714893,Injectable,Healthy,10.54
ANI_03145,Goat,,8.97105660444704,Tylosin,13.922987763314026,Oral,Healthy,13.61
ANI_03146,Goat,36.72667944628847,10.732627123553751,Penicillin,12.66805950301342,Injectable,Mild Infection,10.65
ANI_03147,Cattle,412.77259048646033,33.96948314009247,Amoxicillin,6.2056901695511515,Oral,Mild Infection,9.92
ANI_03148,Sheep,60.57375553806981,12.001314894672525,Amoxicillin,11.974254581555552,Topical,Healthy,2.5
ANI_03149,Pig,110.40564123601386,1,Amoxicillin,11.070322382630962,Oral,Healthy,7.86
ANI_03150,Cattle,334.84602865698093,26.04825072533069,Amoxicillin,14.994505229919636,Oral,Mild Infection,12.62
ANI_03151,Sheep,55.14304593628844,4.418109693492162,Penicillin,22.761990674794205,Injectable,Healthy,12.19
ANI_03152,Sheep,64.10920993881771,13.30159264396133,Oxytetracycline,12.859951023908776,Injectable,Healthy,17.89
ANI_03153,Pig,107.27285369045222,5.0752556613942525,Penicillin,24.989147889193553,Oral,Severe Infection,13.42
ANI_03154,Cattle,,45.822444629221806,Tylosin,16.944175674467427,Injectable,Mild Infection,19.13
ANI_03155,Sheep,52.900347259662695,6.226342254965795,Oxytetracycline,10.34829807882452,Injectable,Mild Infection,21.86
ANI_03156,Sheep,55.43005961443541,11.201979178522835,Oxytetracycline,18.093854428957542,Injectable,Healthy,16.93
ANI_03157,Cattle,512.7385099826997,20.258897466296197,Penicillin,10.653843659758179,Injectable,Mild Infection,9.49
ANI_03158,Cattle,499.765659685048,41.742774484804585,Amoxicillin,11.549806940388882,Injectable,Mild Infection,13.26
ANI_03159,Cattle,579.821695357066,48.88056138166357,Oxytetracycline,22.19754254616212,Injectable,Healthy,20.83
ANI_03160,Sheep,61.01737205839927,14.219591708031459,Amoxicillin,12.077216600217254,Injectable,Healthy,10.6
ANI_03161,Cattle,485.25510922194775,,Penicillin,15.16245290127706,Injectable,Healthy,9.32
ANI_03162,Goat,27.094959848682493,7.72015656857967,Amoxicillin,14.805271682972927,Oral,Healthy,11.25
ANI_03163,Pig,121.36226577005777,7.823599892821491,Amoxicillin,9.606990131165025,Injectable,Mild Infection,13.58
ANI_03164,Cattle,697.0678391466491,28.296228317454222,Amoxicillin,9.399631495076921,Injectable,Mild Infection,11.66
ANI_03165,Pig,90.03745679569816,,Amoxicillin,7.147335023842284,Oral,Healthy,7.74
ANI_03166,Goat,53.84652154435794,12.098308569092573,Tylosin,19.01931260530862,Injectable,Severe Infection,21.54
ANI_03167,Goat,41.8348034189019,17.975177391472503,Oxytetracycline,15.182402085428457,Topical,Mild Infection,16.95
ANI_03168,Pig,94.21997562797566,7.803176898444441,Penicillin,22.8073356181934,Injectable,Healthy,11.02
ANI_03169,Goat,26.021557050940967,7.621333843282568,Penicillin,11.541783678359446,Injectable,Healthy,6.95
ANI_03170,Goat,43.231104757924946,10.21923315141196,Oxytetracycline,20.82461317522288,Injectable,Healthy,20.13
ANI_03171,Cattle,539.2274754875391,,Tylosin,16.494475670183903,Oral,Mild Infection,15.37
ANI_03172,Sheep,61.719208489074454,15.749316289736333,Oxytetracycline,10.546390232834867,Injectable,Severe Infection,22.0
ANI_03173,Pig,100.87255942198716,7.867146670896596,Tylosin,13.298553067094339,Injectable,Severe Infection,17.24
ANI_03174,Sheep,52.327274276400175,8.803939570346053,Amoxicillin,10.196070954723462,Injectable,Healthy,11.94
ANI_03175,Cattle,558.088853169185,,Penicillin,24.746896149724215,Oral,Healthy,9.96
ANI_03176,Pig,110.939369462544,6.23616219979758,Penicillin,11.579095933095077,Injectable,Healthy,9.69
ANI_03177,Sheep,56.748700016675706,10.936850652400695,Oxytetracycline,16.740356243215754,Injectable,Mild Infection,20.48
ANI_03178,Cattle,524.2258156620286,55.04850800335999,Oxytetracycline,23.02766342312029,Injectable,Severe Infection,25.45
ANI_03179,Pig,127.32059654555977,2.087360357850874,Tylosin,13.383216711532338,Injectable,Healthy,15.98
ANI_03180,Goat,46.86767074111224,11.666674100498366,Amoxicillin,7.364595760623557,Injectable,Severe Infection,12.58
ANI_03181,Sheep,62.05519072883714,,Penicillin,17.411088661498102,Injectable,Healthy,11.99
ANI_03182,Pig,105.6902396504329,4.018850023583585,Amoxicillin,14.92654747252716,Injectable,Severe Infection,16.07
ANI_03183,Cattle,792.0490404420611,38.12028641076212,Tylosin,8.601438444177314,Injectable,Healthy,16.64
ANI_03184,Cattle,534.8221104144169,42.814444348050486,Oxytetracycline,27.423928744368148,Injectable,Healthy,22.33
ANI_03185,Goat,40.96295813021455,7.0665220731594935,Penicillin,24.56368105544147,Injectable,Healthy,12.26
ANI_03186,Sheep,58.80545598743665,11.646379703047385,Oxytetracycline,17.614417624709503,Topical,Healthy,11.75
ANI_03187,Sheep,55.451784494468235,12.978035156220638,Penicillin,19.41718643605008,Topical,Mild Infection,8.91
ANI_03188,Cattle,488.0690688196975,27.393523634382504,Amoxicillin,8.040635375065026,Oral,Healthy,6.12
ANI_03189,Goat,40.89162557772218,23.503159536378647,Oxytetracycline,19.824691376637702,Injectable,Severe Infection,21.45
ANI_03190,Pig,111.78456569773275,7.0925794338179635,Amoxicillin,8.93610341944622,Injectable,Healthy,12.52
ANI_03191,Pig,123.86936857094416,4.185732700475289,Penicillin,23.849111295303242,Topical,Mild Infection,8.76
ANI_03192,Goat,41.11180521890627,12.01237080670074,Amoxicillin,5.5151522593930515,Injectable,Mild Infection,13.12
ANI_03193,Cattle,705.9542821865945,38.25035712363516,Tylosin,6.007592553425134,Injectable,Healthy,14.08
ANI_03194,Goat,35.13097370027148,14.348453794622566,Oxytetracycline,18.870027651000832,Injectable,Severe Infection,22.17
ANI_03195,Goat,42.4139814539324,4.922554394653426,Amoxicillin,11.982869266305917,Injectable,Healthy,12.62
ANI_03196,Sheep,61.62615623582268,19.431736581445772,Penicillin,22.569432622541274,Injectable,Healthy,10.68
ANI_03197,Sheep,43.228511225005654,7.922863539960521,Oxytetracycline,22.747083157367857,Oral,Mild Infection,22.45
ANI_03198,Sheep,68.77362209206476,12.527824589584984,Oxytetracycline,12.176846456550923,Injectable,Severe Infection,19.88
ANI_03199,Cattle,544.852527859204,16.08996374960075,Oxytetracycline,15.573006810456366,Injectable,Mild Infection,22.03
ANI_03200,Cattle,,42.801329625786536,Amoxicillin,8.689702095355372,Injectable,Healthy,10.48
ANI_03201,Cattle,537.162963803304,37.32828684656263,Oxytetracycline,29.524192115928656,Injectable,Healthy,22.94
ANI_03202,Cattle,581.8908306347284,64.424597582337,Penicillin,18.059750428495715,Oral,Severe Infection,11.3
ANI_03203,Cattle,478.47991391816515,18.76325509025832,Amoxicillin,7.0808519048126515,Oral,Healthy,9.45
ANI_03204,Cattle,499.63289115194846,38.57269977944262,Amoxicillin,5.317597887404798,Oral,Healthy,9.06
ANI_03205,Sheep,67.98940395398388,12.634232742917343,Tylosin,5.145427525015618,Topical,Healthy,8.12
ANI_03206,Cattle,,36.47988776956929,Tylosin,10.655333758498276,Oral,Healthy,8.67
ANI_03207,Goat,40.51564066582395,16.29536731180641,Oxytetracycline,27.68328350386966,Oral,Severe Infection,21.91
ANI_03208,Goat,46.04892140940145,12.349521250211847,Amoxicillin,11.675621017861715,Injectable,Healthy,12.71
ANI_03209,Sheep,,13.826663890759825,Tylosin,18.162260619763003,Injectable,Healthy,16.15
ANI_03210,Pig,81.6741390599088,4.864630543848687,Amoxicillin,14.499660880907374,Oral,Healthy,8.23
ANI_03211,Sheep,72.13032502217007,12.40276295543963,Tylosin,19.23289475266703,Injectable,Mild Infection,18.53
ANI_03212,Pig,101.36850622415807,4.195123277676989,Penicillin,20.203631267753963,Injectable,Severe Infection,17.67
ANI_03213,Cattle,555.4857593563011,45.43099304284517,Oxytetracycline,14.582293355133531,Injectable,Mild Infection,18.89
ANI_03214,Sheep,51.622583256511426,11.439987605074112,Oxytetracycline,24.47408851934061,Injectable,Mild Infection,24.24
ANI_03215,Goat,20.815721516376,10.533968796900682,Penicillin,17.891362566756417,Injectable,Mild Infection,13.95
ANI_03216,Pig,118.25453626239617,7.170264078527526,Oxytetracycline,18.293677716468878,Injectable,Severe Infection,22.22
ANI_03217,Pig,99.48500592500844,8.881982986996057,Tylosin,12.08866902331303,Injectable,Severe Infection,16.69
ANI_03218,Cattle,540.0306093154819,51.01239562146907,Oxytetracycline,22.76707168305255,Injectable,Healthy,18.66
ANI_03219,Pig,87.33735580539201,,Amoxicillin,6.076424218334639,Injectable,Healthy,12.8
ANI_03220,Sheep,67.24002255000016,11.452832700703024,Amoxicillin,13.099878750170902,Injectable,Severe Infection,16.44
ANI_03221,Goat,45.74543036142945,,Amoxicillin,9.974328676330762,Topical,Healthy,5.51
ANI_03222,Cattle,581.4322851407777,63.44157146992621,Penicillin,19.36243683861813,Injectable,Severe Infection,14.92
ANI_03223,Pig,83.1075706979792,5.626369259069868,Tylosin,8.63564689473884,Injectable,Mild Infection,16.89
ANI_03224,Pig,55.88129640171243,5.8589626140033655,Oxytetracycline,23.759840372713604,Injectable,Mild Infection,22.34
ANI_03225,Sheep,66.79968664797832,,Oxytetracycline,15.85993813823064,Topical,Mild Infection,16.67
ANI_03226,Goat,27.401059100202776,11.072454378331953,Penicillin,19.346792321420267,Injectable,Mild Infection,12.08
ANI_03227,Sheep,55.68225672067017,20.573937551410445,Penicillin,24.451879930569213,Injectable,Healthy,13.6
ANI_03228,Sheep,52.07745907225244,10.657981800756962,Oxytetracycline,15.585572757969842,Injectable,Mild Infection,17.79
ANI_03229,Cattle,424.4223997037971,47.180529004925305,Tylosin,11.12064498227108,Injectable,Mild Infection,16.93
ANI_03230,Pig,,,Oxytetracycline,23.287173833092886,Injectable,Severe Infection,22.84
ANI_03231,Pig,114.32910758632073,4.336384412767696,Penicillin,12.38595760927275,Injectable,Severe Infection,15.3
ANI_03232,Cattle,529.979617157293,40.995321971426776,Oxytetracycline,28.396820479773524,Oral,Severe Infection,21.16
ANI_03233,Sheep,55.297746669145916,10.860203629213682,Oxytetracycline,20.26788143170095,Injectable,Healthy,18.34
ANI_03234,Cattle,238.45310399961505,29.58158859485583,Tylosin,16.191219002469893,Oral,Healthy,12.29
ANI_03235,Pig,129.39791343385846,5.437542512055796,Tylosin,15.697309758394868,Topical,Healthy,11.32
ANI_03236,Sheep,,10.000806901570817,Penicillin,14.339006092540487,Oral,Healthy,8.21
ANI_03237,Goat,48.6394630640069,7.298609455394237,Tylosin,18.34082138634848,Injectable,Healthy,17.2
ANI_03238,Sheep,65.12599511272799,4.301624485472126,Penicillin,13.308521104554139,Injectable,Healthy,10.91
ANI_03239,Pig,112.64442736971,7.603815834256268,Oxytetracycline,24.698297643191335,Oral,Healthy,19.13
ANI_03240,Sheep,63.878273420089585,9.549573838936865,Oxytetracycline,29.715352116496266,Oral,Healthy,18.64
ANI_03241,Pig,94.24527078532817,8.024224237432827,Penicillin,13.9579731405988,Oral,Mild Infection,5.6
ANI_03242,Cattle,655.8626516962814,31.873098093828183,Penicillin,14.941493208482303,Injectable,Mild Infection,12.34
ANI_03243,Goat,,7.234558596334797,Tylosin,11.287995648349238,Topical,Healthy,13.01
ANI_03244,Cattle,520.498914730891,21.356577790324593,Amoxicillin,14.150784018170167,Oral,Mild Infection,9.7
ANI_03245,Sheep,72.50309188897515,10.645363248842528,Penicillin,15.813640006010726,Oral,Healthy,5.4
ANI_03246,Cattle,546.6469690936307,34.06540073289077,Tylosin,14.312061279031903,Topical,Mild Infection,10.94
ANI_03247,Goat,52.50025930838248,10.591818578513264,Tylosin,9.194193476381574,Injectable,Healthy,13.32
ANI_03248,Pig,,3.7003540693850545,Tylosin,10.563854902384643,Injectable,Healthy,12.35
ANI_03249,Goat,33.0518929015649,18.694879069930586,Tylosin,13.328046333714344,Injectable,Severe Infection,19.67
ANI_03250,Cattle,447.0391800430441,53.99416835271333,Oxytetracycline,26.753218115521108,Injectable,Healthy,20.34
ANI_03251,Goat,36.12860790581937,13.573772189133592,Amoxicillin,10.25505143150794,Injectable,Mild Infection,12.4
ANI_03252,Sheep,68.37833677524443,10.302972508410885,Amoxicillin,5.014503165911272,Oral,Healthy,8.96
ANI_03253,Goat,31.91732919810849,14.724648258384654,Oxytetracycline,28.69484725953965,Injectable,Healthy,16.96
ANI_03254,Sheep,71.92769001647096,8.982927354834146,Penicillin,17.940489812466417,Oral,Healthy,7.5
ANI_03255,Cattle,617.8986740634634,51.976739226180705,Oxytetracycline,18.416499057355885,Injectable,Severe Infection,21.15
ANI_03256,Sheep,67.0960102140148,10.885607225945726,Tylosin,10.117700819005336,Injectable,Healthy,16.49
ANI_03257,Pig,65.2118506850777,8.838692464455026,Amoxicillin,13.014416946695064,Oral,Healthy,6.53
ANI_03258,Cattle,515.696862704876,21.10894218219417,Amoxicillin,11.058668475118884,Injectable,Severe Infection,16.5
ANI_03259,Sheep,71.45188056981564,16.65114156727548,Oxytetracycline,22.740688181454193,Injectable,Mild Infection,27.32
ANI_03260,Cattle,,22.380918573915153,Tylosin,8.159248077392927,Oral,Mild Infection,13.15
ANI_03261,Cattle,338.79903964083996,40.124583291044594,Oxytetracycline,12.217830464883424,Topical,Mild Infection,15.59
ANI_03262,Goat,38.17345259179864,17.25091348455419,Penicillin,11.114932909494057,Injectable,Mild Infection,11.97
ANI_03263,Sheep,41.728710604258666,12.083526918085862,Penicillin,16.665754151312797,Injectable,Healthy,12.55
ANI_03264,Sheep,52.306688456495955,10.761260334894866,Penicillin,10.981955819530317,Oral,Healthy,5.87
ANI_03265,Cattle,491.5824651193465,36.851232456933424,Amoxicillin,11.69914018796436,Topical,Healthy,7.87
ANI_03266,Cattle,526.53280549999,45.65053238003574,Oxytetracycline,25.630463021237123,Injectable,Healthy,20.57
ANI_03267,Sheep,48.365210711729006,11.328335761328928,Tylosin,17.563778346811688,Injectable,Severe Infection,19.46
ANI_03268,Sheep,59.4117359083195,15.542100817203892,Tylosin,16.604602330993018,Oral,Mild Infection,12.59
ANI_03269,Sheep,51.75221973626005,15.447710214386944,Amoxicillin,8.102259279376593,Injectable,Mild Infection,12.13
ANI_03270,Pig,99.6523178091469,5.7904809020881,Penicillin,20.964475473788966,Injectable,Healthy,9.55
ANI_03271,Sheep,47.85412016611599,10.169015212044108,Oxytetracycline,12.931240056287294,Injectable,Healthy,18.68
ANI_03272,Cattle,644.7134798444845,1.2070775920813404,Amoxicillin,9.238735060906968,Oral,Healthy,9.19
ANI_03273,Pig,91.91994678813494,2.7076439125656715,Penicillin,19.630798714838342,Topical,Severe Infection,11.34
ANI_03274,Pig,100.03825872041988,1,Oxytetracycline,25.698786969691362,Injectable,Severe Infection,23.2
ANI_03275,Sheep,50.94331664340983,12.160359448440888,Tylosin,7.4978579439632975,Oral,Mild Infection,11.59
ANI_03276,Goat,37.55120485335132,8.512563118607705,Amoxicillin,9.760426469439402,Injectable,Severe Infection,16.28
ANI_03277,Sheep,74.68864340596205,11.74136382376327,Amoxicillin,13.153495732604306,Injectable,Mild Infection,11.01
ANI_03278,Goat,37.08286356706294,,Amoxicillin,7.73163056080227,Injectable,Healthy,9.8
ANI_03279,Goat,44.32380956815308,11.992332183480123,Amoxicillin,10.036215310887318,Injectable,Severe Infection,14.24
ANI_03280,Sheep,53.81370049253281,15.283877775639045,Penicillin,10.650449502523404,Injectable,Mild Infection,12.49
ANI_03281,Sheep,82.76079017827666,15.037655096887262,Penicillin,12.242594648106955,Injectable,Healthy,7.16
ANI_03282,Goat,32.8192879619451,10.39827519339841,Amoxicillin,13.944915448747915,Injectable,Healthy,10.49
ANI_03283,Cattle,442.0950273518863,28.712853175518767,Amoxicillin,14.929628003132313,Injectable,Healthy,10.61
ANI_03284,Cattle,521.3090574868971,35.7526376889132,Oxytetracycline,22.624202736975626,Injectable,Healthy,22.56
ANI_03285,Cattle,604.9612794970177,20.117947768388987,Penicillin,12.255251888788454,Injectable,Healthy,11.39
ANI_03286,Cattle,534.463050463451,50.04378870721819,Oxytetracycline,21.18829520237074,Oral,Healthy,14.78
ANI_03287,Cattle,571.147378738298,37.11260282926643,Oxytetracycline,13.521719168335222,Oral,Severe Infection,20.54
ANI_03288,Sheep,67.55504906465589,5.384990659668739,Amoxicillin,9.438358248025162,Injectable,Severe Infection,17.25
ANI_03289,Cattle,,45.23444297393638,Oxytetracycline,16.967750222304268,Injectable,Healthy,19.78
ANI_03290,Goat,39.072229977908286,,Tylosin,10.586068448383308,Oral,Severe Infection,14.1
ANI_03291,Pig,92.09393168881361,6.774446135836422,Amoxicillin,8.92220228602028,Injectable,Healthy,10.59
ANI_03292,Sheep,65.44929188178995,7.033882502524728,Oxytetracycline,16.945767179927138,Injectable,Healthy,21.45
ANI_03293,Sheep,65.32394722360246,14.145444810541418,Amoxicillin,9.975857037068693,Injectable,Healthy,14.36
ANI_03294,Goat,42.07507466754242,,Tylosin,18.287945391134905,Injectable,Severe Infection,18.11
ANI_03295,Sheep,67.06290056100221,10.166219724714319,Penicillin,15.911718642781908,Oral,Healthy,6.24
ANI_03296,Pig,109.11805266335294,9.858655972644597,Amoxicillin,5.118864088473837,Injectable,Healthy,10.69
ANI_03297,Goat,33.45053699870909,16.215168629347463,Amoxicillin,7.768609315465648,Injectable,Healthy,14.17
ANI_03298,Cattle,467.2672559478564,57.46964876113416,Tylosin,9.832916359644308,Injectable,Healthy,13.8
ANI_03299,Goat,,8.694105128238002,Penicillin,21.49682868996548,Injectable,Severe Infection,14.75
ANI_03300,Cattle,506.6178831865103,71.33495548864155,Oxytetracycline,25.325762751796507,Injectable,Healthy,19.3
ANI_03301,Cattle,576.5425913950712,33.65994282118921,Oxytetracycline,27.025039332685044,Injectable,Mild Infection,21.63
ANI_03302,Sheep,55.45099331894867,13.710207204437427,Oxytetracycline,26.528870285495394,Oral,Mild Infection,19.46
ANI_03303,Sheep,64.24604508445996,3.5217926574424734,Amoxicillin,11.0916121303954,Injectable,Mild Infection,15.4
ANI_03304,Goat,45.76581790636855,6.9843889635036644,Tylosin,9.695850308245845,Injectable,Healthy,15.97
ANI_03305,Pig,105.29545565980783,2.3837653591598524,Amoxicillin,12.432372527790843,Injectable,Severe Infection,17.32
ANI_03306,Cattle,470.1334609420302,47.457537597780174,Tylosin,5.168016730823528,Injectable,Healthy,13.14
ANI_03307,Cattle,499.95663715813896,54.35532352997509,Tylosin,8.190308382685627,Injectable,Severe Infection,16.69
ANI_03308,Goat,43.211727740676224,12.865485944716658,Amoxicillin,10.385367687674236,Oral,Severe Infection,13.92
ANI_03309,Sheep,58.32132938018887,13.034564676809309,Tylosin,6.4628898544521345,Injectable,Healthy,12.83
ANI_03310,Sheep,62.523982066520496,8.186706173053818,Amoxicillin,11.076135260332347,Injectable,Mild Infection,12.68
ANI_03311,Cattle,572.133100826175,62.72283767097362,Oxytetracycline,13.423714468074355,Injectable,Healthy,16.95
ANI_03312,Pig,59.96549037531427,6.639863384275664,Penicillin,23.551027826886,Oral,Mild Infection,10.82
ANI_03313,Sheep,47.75569097791209,13.255903001936561,Penicillin,15.107381297928015,Injectable,Mild Infection,10.06
ANI_03314,Pig,82.66539533332565,7.413577674387914,Penicillin,23.254056168446297,Injectable,Severe Infection,16.25
ANI_03315,Sheep,52.92158814244756,17.601223229497116,Oxytetracycline,28.975615489983724,Injectable,Healthy,23.24
ANI_03316,Sheep,56.78830600956318,12.016500374864721,Oxytetracycline,28.726172727865812,Injectable,Mild Infection,22.98
ANI_03317,Pig,75.65505755148577,5.103434627175651,Amoxicillin,14.639412669836535,Oral,Healthy,7.66
ANI_03318,Cattle,418.39358115082376,23.65663295081559,Penicillin,22.479664731232557,Injectable,Severe Infection,12.62
ANI_03319,Sheep,70.40349620673238,15.249373582881738,Tylosin,16.362579514332147,Injectable,Severe Infection,16.0
ANI_03320,Sheep,58.47455052362882,11.446954024197868,Oxytetracycline,26.81897039609643,Oral,Healthy,17.03
ANI_03321,Cattle,507.1337115028386,17.22243862950393,Amoxicillin,14.114072831381923,Injectable,Mild Infection,11.78
ANI_03322,Sheep,60.43804556607215,10.367548617244232,Amoxicillin,9.54105323235568,Injectable,Healthy,10.51
ANI_03323,Sheep,60.7615901024625,16.237795357704066,Amoxicillin,5.898704706893399,Oral,Mild Infection,11.35
ANI_03324,Pig,97.01692022065512,2.8849221903674356,Tylosin,7.02861178436834,Injectable,Healthy,12.71
ANI_03325,Goat,44.803207594328846,20.768542841008752,Oxytetracycline,20.98105879715338,Oral,Healthy,17.36
ANI_03326,Pig,67.04612930460816,4.854571672869599,Oxytetracycline,14.390620396312388,Injectable,Mild Infection,19.54
ANI_03327,Pig,88.5991201516598,1.778638304823171,Penicillin,19.79630876434563,Injectable,Severe Infection,15.63
ANI_03328,Cattle,514.5522492210362,42.98257559491248,Tylosin,18.307951500832345,Oral,Severe Infection,14.74
ANI_03329,Goat,43.107057415241556,11.802557333160621,Amoxicillin,8.795680285699259,Topical,Healthy,6.92
ANI_03330,Cattle,518.0284772990236,39.81409149029884,Penicillin,11.600295763398698,Injectable,Healthy,10.58
ANI_03331,Pig,92.70363188641936,4.604988924711429,Tylosin,16.700390968608346,Oral,Severe Infection,17.4
ANI_03332,Cattle,503.3210179885373,34.34500750728594,Oxytetracycline,14.595929103572,Oral,Mild Infection,18.59
ANI_03333,Goat,45.06871152902038,3.6543982654784344,Penicillin,11.998445609152636,Oral,Healthy,9.13
ANI_03334,Goat,46.15565848642323,10.943468009956518,Oxytetracycline,11.150599975441601,Topical,Healthy,13.9
ANI_03335,Cattle,592.3862571159129,20.026088178088315,Penicillin,15.37783268204269,Injectable,Healthy,7.17
ANI_03336,Cattle,637.0138904804556,37.84302000041555,Penicillin,21.935764021991506,Injectable,Healthy,10.43
ANI_03337,Sheep,,10.85178279552833,Oxytetracycline,20.02236234662173,Injectable,Severe Infection,25.73
ANI_03338,Cattle,668.4383328181538,45.350276656930866,Penicillin,23.090957260905242,Injectable,Healthy,10.28
ANI_03339,Goat,37.53644754939966,9.253187980040625,Amoxicillin,10.381985783218257,Injectable,Healthy,11.45
ANI_03340,Sheep,63.49975535625689,14.396367068459817,Oxytetracycline,11.220554228648398,Injectable,Healthy,17.63
ANI_03341,Cattle,638.0736412639098,23.595614246312405,Penicillin,17.071845113211964,Injectable,Mild Infection,10.27
ANI_03342,Cattle,413.26854912456685,27.93430471932259,Oxytetracycline,13.718687889645341,Injectable,Healthy,18.69
ANI_03343,Pig,114.168946098973,7.912019875259218,Penicillin,12.880746495940565,Oral,Healthy,9.34
ANI_03344,Sheep,64.16396258743896,12.003950636636048,Tylosin,9.089828947301426,Oral,Mild Infection,12.86
ANI_03345,Cattle,720.9466789802955,32.39403132773512,Tylosin,16.91123065215092,Injectable,Severe Infection,19.98
ANI_03346,Goat,44.06694941377561,14.881789773023552,Penicillin,13.732473334988246,Oral,Mild Infection,8.84
ANI_03347,Pig,141.5311836458986,4.363482642647753,Penicillin,16.787870863340782,Injectable,Mild Infection,13.78
ANI_03348,Pig,108.02996301092418,2.173778122038669,Penicillin,10.203164858866032,Oral,Mild Infection,7.17
ANI_03349,Goat,39.87014178015349,3.553712927146261,Amoxicillin,12.02499573219077,Injectable,Healthy,11.0
ANI_03350,Pig,127.25481653997925,8.25558691436758,Tylosin,5.88353772817967,Oral,Healthy,12.91
ANI_03351,Goat,36.319484884275546,14.939995995065805,Tylosin,14.151025078000515,Injectable,Severe Infection,18.8
ANI_03352,Sheep,50.71216630016583,9.994465162427367,Oxytetracycline,23.469997216369382,Oral,Healthy,17.36
ANI_03353,Sheep,61.165189035707996,11.858444823557807,Amoxicillin,7.2405241203235,Oral,Healthy,5.01
ANI_03354,Sheep,72.67182131738883,14.444933673221263,Oxytetracycline,15.568889801108668,Oral,Healthy,19.33
ANI_03355,Sheep,57.29420571040485,9.218806170749954,Penicillin,11.771376372957,Injectable,Healthy,6.1
ANI_03356,Cattle,440.8625776608062,29.14626391551071,Penicillin,16.323643560559532,Topical,Mild Infection,3.37
ANI_03357,Cattle,350.4395822059282,41.426048967496556,Penicillin,21.960630621552706,Oral,Healthy,7.19
ANI_03358,Cattle,599.1047046927451,52.803237786157496,Oxytetracycline,11.637288079896912,Oral,Mild Infection,20.08
ANI_03359,Sheep,54.74599025262251,10.619539436281778,Tylosin,5.530115669145887,Injectable,Healthy,15.15
ANI_03360,Goat,30.14241226949516,15.141174428140193,Tylosin,19.963570705498032,Oral,Severe Infection,16.29
ANI_03361,Cattle,469.64200480636055,39.82251316396748,Tylosin,11.7877364576218,Injectable,Mild Infection,14.53
ANI_03362,Sheep,50.30720020261203,6.619522675559786,Penicillin,13.448402358521184,Injectable,Healthy,10.76
ANI_03363,Cattle,503.12914836107757,27.9375928560855,Oxytetracycline,26.3321841120215,Injectable,Healthy,20.3
ANI_03364,Pig,111.44155242009887,4.656270984760801,Tylosin,7.7066299796895334,Oral,Healthy,9.94
ANI_03365,Pig,102.4294622434452,4.836955442562592,Oxytetracycline,21.284631257151432,Topical,Severe Infection,21.58
ANI_03366,Sheep,46.76742643231452,11.623309841778195,Amoxicillin,8.37628477077866,Injectable,Healthy,10.77
ANI_03367,Goat,27.11113794111977,7.895385932318796,Tylosin,17.403182303894404,Injectable,Mild Infection,16.46
ANI_03368,Cattle,556.7241706806905,29.13334610070846,Tylosin,7.8060742280085655,Oral,Healthy,8.28
ANI_03369,Goat,42.0227860098474,18.39315024193615,Tylosin,9.915196609436272,Injectable,Mild Infection,14.99
ANI_03370,Sheep,51.09331866754299,10.954003913450382,Penicillin,21.09724501582315,Injectable,Severe Infection,16.91
ANI_03371,Cattle,725.6050870676975,38.57727262190218,Penicillin,18.143424720349323,Injectable,Healthy,6.82
ANI_03372,Pig,75.28587951955753,6.576832942757591,Oxytetracycline,24.452417499770803,Injectable,Mild Infection,23.43
ANI_03373,Goat,39.256101735805984,10.345537977881728,Penicillin,11.576735174484002,Oral,Mild Infection,8.33
ANI_03374,Pig,98.30185352929293,4.280190133645039,Tylosin,14.24218439611879,Oral,Healthy,10.87
ANI_03375,Cattle,242.91451049668774,31.493660882375323,Penicillin,11.471898948803355,Injectable,Healthy,10.13
ANI_03376,Cattle,594.8150011802111,42.63027879439754,Penicillin,11.376278317387687,Injectable,Mild Infection,11.61
ANI_03377,Pig,95.30033035911875,5.621843584270257,Tylosin,19.19065466420638,Oral,Severe Infection,14.87
ANI_03378,Goat,37.677025247872535,9.047423724643696,Penicillin,15.081231934591631,Injectable,Mild Infection,12.1
ANI_03379,Pig,74.51641968433998,4.4147265121054025,Amoxicillin,7.2244295579410265,Oral,Healthy,6.96
ANI_03380,Goat,27.039245286439545,13.054556003364516,Penicillin,13.418507613125495,Oral,Healthy,7.64
ANI_03381,Sheep,53.59730294663515,13.226642560475957,Penicillin,13.66839326396934,Topical,Healthy,2.71
ANI_03382,Goat,45.29071971313834,,Oxytetracycline,17.642919337775368,Injectable,Healthy,22.47
ANI_03383,Goat,32.21047856446526,18.10523034760198,Amoxicillin,6.277260646231294,Injectable,Severe Infection,17.16
ANI_03384,Pig,85.5675561754127,6.123218772754621,Oxytetracycline,14.29240549342445,Injectable,Severe Infection,21.87
ANI_03385,Pig,68.19844519751183,7.377823643593997,Penicillin,20.042265412121083,Oral,Healthy,8.65
ANI_03386,Goat,34.77047450402994,16.38821368990031,Amoxicillin,5.274287687664461,Topical,Severe Infection,12.28
ANI_03387,Goat,36.21860881648056,11.522248469451727,Oxytetracycline,19.38543692725858,Injectable,Severe Infection,25.06
ANI_03388,Sheep,66.7272697775669,16.532741656290032,Penicillin,21.003711833289074,Injectable,Healthy,9.91
ANI_03389,Sheep,67.80466788646801,11.762020134078114,Amoxicillin,12.693305888246348,Injectable,Mild Infection,13.17
ANI_03390,Sheep,,12.685892761790514,Amoxicillin,8.720124411459699,Injectable,Healthy,10.67
ANI_03391,Goat,32.161190089867354,14.380942183932335,Oxytetracycline,18.451651374078242,Oral,Healthy,18.16
ANI_03392,Goat,42.49126680951465,12.121939218697165,Penicillin,20.507275150747198,Oral,Mild Infection,5.59
ANI_03393,Goat,49.00671441383384,8.996129208787076,Penicillin,16.845648898719176,Oral,Mild Infection,7.98
ANI_03394,Pig,109.6105932504392,8.09265723139255,Penicillin,22.303317966122922,Injectable,Severe Infection,13.7
ANI_03395,Pig,112.63852824590319,4.384868370545734,Penicillin,20.932735290469168,Injectable,Severe Infection,11.1
ANI_03396,Sheep,57.27777828227304,14.110991637565977,Penicillin,21.06032215037292,Injectable,Severe Infection,15.09
ANI_03397,Pig,91.2521822229648,4.4555748493228835,Oxytetracycline,22.47130812334536,Injectable,Mild Infection,25.64
ANI_03398,Sheep,71.90885932866519,16.80768101199525,Tylosin,8.27093859281105,Injectable,Mild Infection,16.15
ANI_03399,Pig,106.09167346160312,5.513154494892102,Tylosin,15.573797244526608,Injectable,Healthy,14.21
ANI_03400,Goat,36.47366643190469,,Penicillin,10.085126692790631,Oral,Severe Infection,11.1
ANI_03401,Cattle,546.8445732878806,37.261343725444476,Amoxicillin,13.851926919551538,Injectable,Healthy,11.61
ANI_03402,Pig,89.5528014829177,7.778286055134741,Penicillin,17.102859474549422,Oral,Healthy,9.35
ANI_03403,Goat,44.21266383330413,8.59568952929672,Oxytetracycline,24.8286743915396,Oral,Mild Infection,18.84
ANI_03404,Sheep,,8.262137320659013,Tylosin,12.125565631555798,Injectable,Mild Infection,19.04
ANI_03405,Pig,100.90667035323732,5.76641981753404,Amoxicillin,5.44293526403418,Oral,Healthy,7.0
ANI_03406,Pig,125.81021995255986,8.518517993686102,Penicillin,20.575112111811293,Injectable,Healthy,12.99
ANI_03407,Pig,106.78549423009007,8.63741269942994,Oxytetracycline,10.745144213755992,Injectable,Healthy,18.49
ANI_03408,Goat,34.7781097154919,5.087370721589781,Tylosin,9.779066470197392,Injectable,Mild Infection,14.85
ANI_03409,Sheep,60.29556860753027,14.917948623626776,Oxytetracycline,19.451398194501444,Oral,Mild Infection,19.44
ANI_03410,Goat,33.85863876556153,14.513603184189884,Amoxicillin,14.465955914982224,Injectable,Healthy,12.53
ANI_03411,Cattle,217.66820476323096,49.18661313590756,Amoxicillin,12.106254523807058,Injectable,Severe Infection,16.38
ANI_03412,Goat,40.65524330083259,13.778815848911966,Tylosin,14.705721370800765,Injectable,Mild Infection,18.53
ANI_03413,Cattle,606.8940166165424,51.390707275979125,Oxytetracycline,10.276952710127638,Oral,Healthy,18.05
ANI_03414,Pig,95.49774878629768,5.70580403179103,Oxytetracycline,20.83418049747838,Oral,Healthy,15.84
ANI_03415,Goat,51.814906706909355,6.474492895071372,Amoxicillin,12.79071448598776,Injectable,Mild Infection,12.46
ANI_03416,Sheep,73.35051866794137,,Tylosin,6.376061718180961,Injectable,Severe Infection,19.19
ANI_03417,Goat,29.681698506712024,16.796850166390254,Oxytetracycline,23.349982392479717,Injectable,Mild Infection,22.27
ANI_03418,Cattle,552.1028689331404,31.749757259882134,Oxytetracycline,18.4589122011336,Injectable,Mild Infection,22.58
ANI_03419,Sheep,60.74864298942115,9.833084855692999,Penicillin,11.825078395058128,Injectable,Mild Infection,12.94
ANI_03420,Cattle,373.0347733898699,27.65798813620217,Tylosin,13.659027402384858,Injectable,Mild Infection,16.93
ANI_03421,Goat,43.773043296062816,9.75592169221761,Oxytetracycline,26.5967769004645,Injectable,Healthy,20.98
ANI_03422,Goat,40.45643069460291,9.154757964780618,Oxytetracycline,22.414480240484032,Topical,Healthy,15.31
ANI_03423,Pig,100.65213965536181,5.803165392583665,Penicillin,11.18154270872352,Injectable,Mild Infection,12.45
ANI_03424,Cattle,404.9761278854768,51.10497188906021,Penicillin,15.889676227543124,Injectable,Severe Infection,15.27
ANI_03425,Sheep,53.06669997686244,14.889636671849795,Amoxicillin,6.749656398907465,Injectable,Mild Infection,11.86
ANI_03426,Cattle,479.29760393139685,22.737809300884482,Amoxicillin,8.569515695140863,Injectable,Healthy,12.23
ANI_03427,Sheep,71.6742807404079,14.891835025033767,Oxytetracycline,21.84971161905575,Oral,Healthy,18.04
ANI_03428,Cattle,547.8409683343776,31.145500356615415,Oxytetracycline,13.960014684405081,Injectable,Mild Infection,22.36
ANI_03429,Cattle,670.6467357130138,49.86656715441859,Oxytetracycline,22.04734078696559,Oral,Healthy,19.2
ANI_03430,Sheep,74.42591621445372,7.310454536858571,Penicillin,18.971992446297094,Injectable,Mild Infection,13.46
ANI_03431,Goat,38.79093937520809,15.373839585234478,Tylosin,14.447662653192525,Injectable,Healthy,13.35
ANI_03432,Cattle,433.5719025525679,13.684541354385857,Oxytetracycline,21.707844220732888,Injectable,Healthy,19.11
ANI_03433,Goat,41.637566873094194,16.283998643166477,Amoxicillin,11.46233214751384,Injectable,Severe Infection,17.88
ANI_03434,Cattle,528.8609651298493,44.144208777810384,Oxytetracycline,13.808589267795238,Injectable,Severe Infection,23.9
ANI_03435,Cattle,469.24696212882094,24.211937748555272,Penicillin,12.732372416185445,Injectable,Mild Infection,12.76
ANI_03436,Pig,79.4174064384339,8.069396684956065,Amoxicillin,13.139806731727987,Injectable,Mild Infection,14.82
ANI_03437,Cattle,442.57813797931095,31.28147720660973,Tylosin,16.96305890872815,Oral,Healthy,11.69
ANI_03438,Cattle,455.1712735754678,42.79738860509222,Oxytetracycline,14.197502180754478,Injectable,Healthy,21.82
ANI_03439,Pig,91.23375447121055,9.683701865230606,Penicillin,13.565770390311885,Oral,Mild Infection,8.63
ANI_03440,Pig,108.97935111140427,5.573198144203045,Tylosin,10.282218335832752,Injectable,Healthy,14.95
ANI_03441,Cattle,600.9853494079043,51.72458761943328,Tylosin,15.596129604132509,Injectable,Mild Infection,18.09
ANI_03442,Sheep,56.622037369426714,9.025347606601613,Tylosin,17.685602954780695,Injectable,Healthy,16.08
ANI_03443,Sheep,63.92117915554187,15.524317305011964,Tylosin,5.457863239025483,Injectable,Mild Infection,15.97
ANI_03444,Pig,113.3478887611567,5.221019792498725,Penicillin,11.514457168618017,Injectable,Healthy,10.59
ANI_03445,Sheep,,4.231951013869103,Tylosin,6.9844328712834205,Injectable,Severe Infection,18.42
ANI_03446,Goat,43.17014333252403,11.464682593278027,Amoxicillin,11.07258205360207,Oral,Healthy,5.73
ANI_03447,Cattle,476.69573369780665,,Tylosin,15.986326638940051,Injectable,Mild Infection,15.4
ANI_03448,Pig,75.1569329841678,,Penicillin,10.999911449168035,Topical,Severe Infection,9.12
ANI_03449,Sheep,31.225379665798492,9.771774148434872,Penicillin,13.240603367103695,Oral,Healthy,5.58
ANI_03450,Cattle,430.8371574576687,52.314577997897466,Amoxicillin,14.048521018001294,Oral,Mild Infection,9.82
ANI_03451,Goat,40.95743239892758,11.179906132914404,Tylosin,5.952582039224978,Injectable,Healthy,13.39
ANI_03452,Pig,74.62254814788442,4.260022038287209,Amoxicillin,10.477504591506191,Injectable,Healthy,13.7
ANI_03453,Goat,54.354633632466864,11.694117512610148,Penicillin,18.408078820776247,Injectable,Mild Infection,11.88
ANI_03454,Cattle,636.4869373855072,54.44739956834341,Oxytetracycline,10.577525385314727,Oral,Healthy,13.48
ANI_03455,Pig,92.56639322657041,7.278216650996303,Tylosin,12.608151560433871,Injectable,Severe Infection,18.25
ANI_03456,Cattle,531.1395357412018,41.42603251869905,Tylosin,16.244085298735307,Topical,Severe Infection,14.96
ANI_03457,Cattle,589.5701299851233,29.92342584084144,Penicillin,16.962088035613505,Injectable,Healthy,10.39
ANI_03458,Sheep,58.03430965783308,13.271486271305792,Amoxicillin,11.501130275414654,Oral,Mild Infection,14.55
ANI_03459,Sheep,65.04653440534112,12.790381529039998,Penicillin,16.06719542961932,Injectable,Severe Infection,12.71
ANI_03460,Cattle,468.9160851725002,,Oxytetracycline,22.077171248757505,Oral,Healthy,15.98
ANI_03461,Pig,123.80378244826869,,Amoxicillin,7.636636130697628,Oral,Mild Infection,11.26
ANI_03462,Cattle,621.5325970476457,34.52517244852937,Amoxicillin,9.553677044654808,Injectable,Mild Infection,11.39
ANI_03463,Sheep,68.13907117439669,13.291044227505832,Oxytetracycline,21.126077229383277,Oral,Severe Infection,20.22
ANI_03464,Cattle,518.6614826073569,38.437839967267905,Tylosin,18.234365584270066,Injectable,Healthy,17.84
ANI_03465,Goat,29.98898375899966,16.24558417307506,Amoxicillin,7.6703233772149515,Injectable,Healthy,11.35
ANI_03466,Goat,52.33174716622564,6.218343012095104,Tylosin,18.556129239639915,Injectable,Healthy,15.8
ANI_03467,Cattle,456.5926120964373,33.318632688727575,Amoxicillin,13.261386603553317,Oral,Severe Infection,13.1
ANI_03468,Cattle,421.5558081258754,32.35602870756035,Tylosin,10.810438757320268,Topical,Healthy,10.52
ANI_03469,Pig,126.83130963961801,4.908907654812852,Penicillin,11.939445567570361,Injectable,Mild Infection,13.97
ANI_03470,Cattle,443.7195668702109,32.37173698424827,Penicillin,19.189838428425595,Injectable,Mild Infection,12.38
ANI_03471,Cattle,470.62009246900027,37.87824561562174,Oxytetracycline,10.452309163283726,Injectable,Mild Infection,22.24
ANI_03472,Cattle,482.1780987432144,38.34940586785924,Oxytetracycline,29.31149959453477,Oral,Mild Infection,16.78
ANI_03473,Goat,36.71981886668486,11.767357213987664,Oxytetracycline,12.679817815145265,Injectable,Mild Infection,18.95
ANI_03474,Goat,27.10113895259701,11.094047119883285,Penicillin,21.706355034572148,Injectable,Healthy,9.64
ANI_03475,Cattle,438.6488508087959,30.293500975215327,Amoxicillin,14.073364316469362,Oral,Healthy,6.45
ANI_03476,Sheep,70.08752071684044,5.3379157971191695,Amoxicillin,6.715749437631359,Injectable,Mild Infection,14.38
ANI_03477,Cattle,482.45715514853026,30.979556687163555,Penicillin,16.08871514691132,Oral,Healthy,6.65
ANI_03478,Cattle,635.428819958443,47.576129500368616,Tylosin,6.1965469662529085,Injectable,Healthy,14.3
ANI_03479,Goat,32.36547007080814,15.863102948488216,Tylosin,15.493554947681142,Oral,Severe Infection,17.88
ANI_03480,Cattle,606.8889275544199,41.17451468201966,Penicillin,16.987579583788687,Injectable,Healthy,10.75
ANI_03481,Pig,111.18542005494979,7.835119620906045,Oxytetracycline,10.488163571852166,Topical,Severe Infection,17.93
ANI_03482,Goat,44.80866190486211,17.081864776345874,Amoxicillin,7.905941604996074,Oral,Healthy,6.64
ANI_03483,Pig,116.93908616671193,6.13847223925775,Oxytetracycline,28.913877697650506,Oral,Healthy,17.52
ANI_03484,Sheep,55.91663319354316,13.130233761943359,Tylosin,7.820198986610075,Injectable,Healthy,16.26
ANI_03485,Pig,81.63947115480858,8.483682310316432,Oxytetracycline,13.769675503352355,Topical,Mild Infection,15.9
ANI_03486,Sheep,43.33810761973393,9.063267346172566,Tylosin,16.25646273250795,Injectable,Mild Infection,17.71
ANI_03487,Cattle,376.5022836297884,54.63671724050539,Oxytetracycline,12.922079991513318,Injectable,Healthy,19.99
ANI_03488,Cattle,504.3814192831761,23.07704427124631,Oxytetracycline,18.089662903955507,Oral,Healthy,17.12
ANI_03489,Sheep,70.85224773567778,10.579909959748672,Penicillin,15.669011595175796,Injectable,Healthy,11.06
ANI_03490,Cattle,600.7114428981635,37.67936869588619,Tylosin,14.318598392140533,Injectable,Severe Infection,18.65
ANI_03491,Goat,38.75674872555325,13.427493253271566,Oxytetracycline,17.74208316737746,Injectable,Healthy,18.24
ANI_03492,Pig,,5.989086756373711,Oxytetracycline,28.364172018175484,Injectable,Mild Infection,20.78
ANI_03493,Cattle,582.1550173180236,13.768076112331755,Oxytetracycline,10.852265767416602,Injectable,Healthy,19.39
ANI_03494,Sheep,83.90648134335848,2.8631627628549303,Oxytetracycline,29.307659527176483,Injectable,Mild Infection,23.45
ANI_03495,Cattle,758.7198242838767,52.324153860607176,Oxytetracycline,11.788964968496916,Injectable,Healthy,20.56
ANI_03496,Cattle,643.0624396998394,25.119132440356367,Tylosin,15.163973161826634,Injectable,Healthy,15.84
ANI_03497,Goat,45.160798209606654,16.889316822209608,Penicillin,23.056876249376515,Injectable,Severe Infection,15.72
ANI_03498,Goat,54.83219040350882,15.419965628890925,Tylosin,9.435636434074892,Oral,Mild Infection,12.62
ANI_03499,Cattle,,29.68512390759556,Oxytetracycline,23.03059370730015,Injectable,Healthy,21.16
ANI_03500,Goat,35.66307370653694,10.38509066935216,Oxytetracycline,11.882795213393774,Injectable,Healthy,20.0
ANI_03501,Goat,39.21855442831026,11.686002378012244,Amoxicillin,11.608657584017463,Oral,Mild Infection,8.6
ANI_03502,Pig,128.75793986736863,4.683062696129125,Amoxicillin,6.932692269031648,Topical,Healthy,8.49
ANI_03503,Goat,39.15483295358657,10.8309678978395,Oxytetracycline,22.519809315220712,Oral,Healthy,17.71
ANI_03504,Cattle,642.591033232136,40.23391917352921,Penicillin,23.20687350051556,Oral,Mild Infection,13.61
ANI_03505,Sheep,56.5860562575293,16.944946824435075,Tylosin,10.218409113218657,Injectable,Healthy,14.06
ANI_03506,Cattle,572.727937593716,37.1239065265795,Oxytetracycline,26.38927168353463,Injectable,Mild Infection,21.0
ANI_03507,Cattle,333.95286701966256,31.35092879856483,Penicillin,23.407105380812414,Injectable,Healthy,11.23
ANI_03508,Cattle,414.8776608336874,25.06649372169147,Penicillin,24.30963571120814,Oral,Healthy,9.19
ANI_03509,Goat,30.885216206652068,9.498362261069408,Tylosin,14.059816307483883,Oral,Healthy,11.91
ANI_03510,Sheep,64.26631785976797,7.0928040562412695,Tylosin,11.942633855514924,Injectable,Severe Infection,16.5
ANI_03511,Sheep,55.079070363678035,12.096967090062192,Penicillin,14.564450523374884,Oral,Healthy,8.31
ANI_03512,Goat,24.250542895332906,15.017473688161672,Amoxicillin,5.1960356804628205,Oral,Mild Infection,8.17
ANI_03513,Cattle,241.02478053423948,49.43123608781756,Penicillin,20.359995846421434,Injectable,Mild Infection,14.14
ANI_03514,Cattle,535.4840155570298,,Amoxicillin,13.767106826597551,Injectable,Mild Infection,16.35
ANI_03515,Pig,136.7667700525845,5.082288783623512,Oxytetracycline,14.395044875851777,Injectable,Healthy,18.59
ANI_03516,Cattle,502.5704882027907,33.69497716988343,Tylosin,15.382794325701756,Oral,Healthy,12.99
ANI_03517,Sheep,54.31794425791841,8.305190978048495,Oxytetracycline,22.724517348632602,Oral,Severe Infection,21.79
ANI_03518,Pig,134.32151892797035,3.2162145398092723,Oxytetracycline,10.38627509924175,Oral,Severe Infection,18.84
ANI_03519,Sheep,61.15774246055541,8.465532369301304,Penicillin,20.432968727677483,Oral,Severe Infection,12.84
ANI_03520,Sheep,43.37972621989465,8.631369162491922,Oxytetracycline,14.260934935443172,Oral,Healthy,17.72
ANI_03521,Sheep,69.14938224876904,6.782673004352126,Amoxicillin,11.479190471601367,Injectable,Healthy,11.43
ANI_03522,Pig,92.14480155831612,4.601080554921896,Oxytetracycline,12.552183655289834,Injectable,Healthy,18.23
ANI_03523,Pig,113.06537207417232,4.981286127753237,Tylosin,17.929859197668215,Injectable,Mild Infection,15.05
ANI_03524,Pig,71.0641869234027,4.6664404042573775,Oxytetracycline,11.044094191901966,Injectable,Healthy,16.5
ANI_03525,Sheep,58.943503595350556,8.977187985761518,Oxytetracycline,24.178092160856654,Oral,Mild Infection,17.36
ANI_03526,Pig,89.98017460539165,4.2135344329466164,Tylosin,6.981734665685151,Injectable,Healthy,16.24
ANI_03527,Sheep,51.33578430117647,9.299213322745434,Oxytetracycline,14.02270221353064,Oral,Healthy,17.52
ANI_03528,Cattle,552.8260760664438,14.349928144863373,Amoxicillin,9.180516029630224,Oral,Severe Infection,10.56
ANI_03529,Sheep,58.273226629706706,14.736817628522665,Oxytetracycline,10.867064282390562,Injectable,Mild Infection,18.57
ANI_03530,Sheep,70.25406570751286,13.369100565842304,Amoxicillin,8.224787537195516,Injectable,Mild Infection,14.59
ANI_03531,Pig,95.37037860857811,6.135200592464899,Amoxicillin,11.623670951866806,Injectable,Severe Infection,16.41
ANI_03532,Cattle,,19.607905005956873,Amoxicillin,11.98739907329949,Injectable,Mild Infection,13.2
ANI_03533,Sheep,50.234275211856755,13.481530552020132,Penicillin,15.234815904950393,Injectable,Mild Infection,10.19
ANI_03534,Goat,42.01943005772624,12.298765136929132,Amoxicillin,11.201140121686253,Injectable,Healthy,10.15
ANI_03535,Goat,38.70821746385332,10.730860336564465,Tylosin,5.5867336820595614,Injectable,Severe Infection,16.9
ANI_03536,Goat,33.42397983908074,7.263208813453608,Amoxicillin,10.465561451762877,Injectable,Mild Infection,14.86
ANI_03537,Goat,47.983554907514375,12.730852619176067,Oxytetracycline,26.476530236265805,Injectable,Severe Infection,25.33
ANI_03538,Pig,94.89956522437596,6.517420321116254,Penicillin,23.937852047939955,Injectable,Healthy,11.14
ANI_03539,Pig,144.78371130113393,5.732052350697427,Amoxicillin,9.114848761365423,Injectable,Healthy,9.6
ANI_03540,Cattle,434.5779738672241,38.03745326279633,Amoxicillin,10.146073102354617,Oral,Healthy,7.62
ANI_03541,Goat,31.243158856499385,10.507025369655613,Oxytetracycline,26.413760164292384,Oral,Mild Infection,18.19
ANI_03542,Goat,41.273322082571106,12.720117146550868,Tylosin,15.974192289700497,Injectable,Severe Infection,20.52
ANI_03543,Cattle,758.728257042321,34.9254226138758,Penicillin,23.484222783715666,Injectable,Mild Infection,14.41
ANI_03544,Cattle,554.5610663380828,29.673137132203383,Amoxicillin,12.62043507884988,Oral,Severe Infection,13.28
ANI_03545,Pig,77.39788891886636,3.650004701413328,Amoxicillin,6.692595242040458,Injectable,Healthy,13.35
ANI_03546,Cattle,484.24380444462224,24.88273320653061,Penicillin,10.833437090764269,Oral,Healthy,8.13
ANI_03547,Cattle,392.4391752393997,40.36776724619576,Tylosin,17.79743588075297,Oral,Severe Infection,18.44
ANI_03548,Cattle,548.7617675233797,32.974332610664916,Amoxicillin,14.068106049812828,Injectable,Healthy,9.71
ANI_03549,Sheep,72.86655140547848,7.52335266277421,Penicillin,11.935433452586025,Oral,Healthy,8.81
ANI_03550,Goat,32.34826285008312,13.864486476999453,Oxytetracycline,24.237004457526123,Oral,Healthy,16.47
ANI_03551,Goat,41.52898287801283,13.008754633169733,Amoxicillin,11.947575167143729,Injectable,Mild Infection,11.8
ANI_03552,Goat,41.556860787688194,7.621318895783384,Amoxicillin,5.260326498236056,Oral,Severe Infection,14.86
ANI_03553,Cattle,272.43031690721455,39.90092091822323,Oxytetracycline,29.801962384321033,Injectable,Healthy,21.19
ANI_03554,Goat,48.77275031345699,6.021011509521625,Amoxicillin,11.36312840076252,Injectable,Healthy,12.16
ANI_03555,Sheep,56.006365086827444,11.246575094096396,Oxytetracycline,15.717356712925547,Oral,Healthy,16.36
ANI_03556,Pig,81.89487680447114,3.46074647607549,Penicillin,11.564504844810019,Oral,Healthy,5.3
ANI_03557,Goat,39.047465728759065,16.042546909717718,Amoxicillin,12.466651727668186,Injectable,Mild Infection,12.83
ANI_03558,Pig,91.84202150912704,8.406723967116381,Amoxicillin,11.233080309392077,Injectable,Mild Infection,10.34
ANI_03559,Sheep,71.8345202722231,15.256700413406257,Amoxicillin,6.331440591334044,Oral,Mild Infection,10.39
ANI_03560,Goat,32.04226180771264,10.368772109811186,Amoxicillin,8.785230434632531,Injectable,Severe Infection,13.23
ANI_03561,Sheep,60.92701368301559,,Tylosin,17.861062541953867,Injectable,Healthy,17.09
ANI_03562,Goat,35.263087029319976,9.093533200259614,Oxytetracycline,22.02244784050072,Injectable,Mild Infection,20.98
ANI_03563,Pig,104.94667225667001,6.876166563194424,Amoxicillin,7.716668066830147,Injectable,Healthy,10.44
ANI_03564,Cattle,499.6824143232869,43.705976219858755,Tylosin,9.482932377899651,Injectable,Mild Infection,14.91
ANI_03565,Cattle,555.0552947915362,21.471947269390782,Oxytetracycline,18.511687202827012,Injectable,Healthy,17.77
ANI_03566,Pig,97.55880609261953,6.079395290363171,Oxytetracycline,25.74757207180199,Injectable,Mild Infection,23.3
ANI_03567,Goat,27.25786804818002,8.33043205894688,Penicillin,24.280538645174317,Topical,Healthy,4.54
ANI_03568,Goat,51.98440227629276,21.03772854039447,Oxytetracycline,26.51492964534676,Injectable,Healthy,23.23
ANI_03569,Sheep,46.21081290126033,13.42596116713406,Amoxicillin,8.854459509165963,Oral,Healthy,7.77
ANI_03570,Sheep,64.71811739506145,13.214174588011725,Tylosin,8.931063897532223,Injectable,Healthy,13.62
ANI_03571,Cattle,254.05252687885266,28.30789747753808,Amoxicillin,14.47348996354534,Oral,Healthy,7.7
ANI_03572,Goat,35.54976748103672,10.482840745655462,Tylosin,16.209034822751512,Oral,Mild Infection,11.25
ANI_03573,Sheep,57.284457872294794,15.066223183832573,Tylosin,12.207694792876037,Injectable,Healthy,13.66
ANI_03574,Sheep,48.60688327932449,11.646158216590557,Amoxicillin,5.10173818067479,Topical,Severe Infection,12.08
ANI_03575,Sheep,55.6274211678028,21.735583120214166,Oxytetracycline,28.88774795452646,Injectable,Mild Infection,25.26
ANI_03576,Sheep,53.190331640870205,10.216576804667383,Oxytetracycline,24.569533682422655,Injectable,Healthy,20.06
ANI_03577,Sheep,76.3447189830733,14.378160029675795,Tylosin,9.966121080472647,Injectable,Healthy,16.27
ANI_03578,Sheep,63.74313089546498,12.503129872158581,Oxytetracycline,14.525246385354635,Oral,Healthy,14.62
ANI_03579,Sheep,85.37559110656036,14.39612512102038,Amoxicillin,12.298866645227468,Injectable,Healthy,12.88
ANI_03580,Goat,36.101280591686674,,Tylosin,9.891672692639316,Injectable,Mild Infection,16.05
ANI_03581,Goat,28.889253054164257,15.500859900653543,Amoxicillin,11.532462153559258,Topical,Healthy,7.69
ANI_03582,Cattle,435.1726445827337,30.30354589194222,Tylosin,8.128535424933926,Oral,Severe Infection,15.51
ANI_03583,Goat,26.163649621065897,13.348061514405492,Oxytetracycline,14.441513998878591,Injectable,Healthy,16.32
ANI_03584,Sheep,71.27477858731929,10.044778653571658,Penicillin,19.309198659189608,Injectable,Healthy,11.33
ANI_03585,Sheep,71.99083739705218,7.402338105221209,Oxytetracycline,28.95174799553415,Injectable,Healthy,18.33
ANI_03586,Cattle,627.0086147680095,26.132422653127744,Oxytetracycline,26.900974257348615,Topical,Mild Infection,20.3
ANI_03587,Goat,39.0818394628439,,Amoxicillin,13.076234315017974,Injectable,Mild Infection,13.5
ANI_03588,Sheep,49.39115744300416,,Tylosin,8.544315620592819,Injectable,Healthy,12.51
ANI_03589,Goat,25.23048500434342,5.062602664044722,Tylosin,7.783181001169295,Injectable,Healthy,13.55
ANI_03590,Goat,42.54181360967677,4.967135987181831,Penicillin,20.926319470506662,Injectable,Healthy,10.53
ANI_03591,Sheep,50.79708349335864,15.155518324496846,Amoxicillin,6.377933746384725,Injectable,Healthy,13.08
ANI_03592,Sheep,59.97321912441868,13.374898855550981,Penicillin,24.325202244738783,Injectable,Severe Infection,14.09
ANI_03593,Cattle,,41.55411094883725,Oxytetracycline,14.67360568828953,Injectable,Healthy,20.51
ANI_03594,Goat,38.45667703126894,17.516747917539163,Amoxicillin,11.118514835317285,Injectable,Healthy,10.99
ANI_03595,Sheep,62.444647433512436,11.955611791575267,Tylosin,6.326692204086317,Injectable,Healthy,11.13
ANI_03596,Sheep,61.769592497398335,10.683072667372114,Tylosin,12.745312439997438,Injectable,Mild Infection,17.99
ANI_03597,Sheep,54.18711043475588,15.140619431798928,Tylosin,5.1618274439373835,Oral,Healthy,9.72
ANI_03598,Goat,37.41394437561114,6.034710861886399,Amoxicillin,10.193106413968723,Injectable,Healthy,11.62
ANI_03599,Goat,38.8247565996906,9.45800903679943,Penicillin,14.537857314845317,Injectable,Mild Infection,12.53
ANI_03600,Goat,28.69457726507359,8.324026745775008,Tylosin,13.107554074967629,Oral,Healthy,10.95
ANI_03601,Pig,105.6967860237298,5.200036679983445,Penicillin,15.523452837412478,Injectable,Mild Infection,9.59
ANI_03602,Goat,30.893902920335208,14.415572049446443,Tylosin,7.315602368611081,Topical,Healthy,12.41
ANI_03603,Pig,94.0204578984805,5.2154772859514,Penicillin,14.025221008728245,Topical,Healthy,1.95
ANI_03604,Sheep,61.39563152821337,,Penicillin,15.24327682305019,Injectable,Healthy,9.18
ANI_03605,Cattle,451.73291280580213,45.33716358177828,Oxytetracycline,14.844352873271848,Injectable,Mild Infection,19.22
ANI_03606,Goat,44.79382104531511,7.939549854874782,Oxytetracycline,22.982072697291997,Injectable,Mild Infection,22.0
ANI_03607,Goat,32.80913462313902,11.930477068313438,Oxytetracycline,29.152189662567086,Injectable,Healthy,20.3
ANI_03608,Pig,105.94705085655106,7.914324880444803,Penicillin,20.845134625001535,Injectable,Mild Infection,11.26
ANI_03609,Goat,31.805739071232786,10.648048298856473,Tylosin,10.064835697863852,Injectable,Healthy,15.89
ANI_03610,Pig,110.26126686027139,,Amoxicillin,5.269041538496339,Injectable,Severe Infection,16.16
ANI_03611,Pig,131.6352740592296,9.402024821073448,Amoxicillin,8.78707908747914,Oral,Healthy,7.65
ANI_03612,Pig,131.09680480852515,8.952433036059467,Tylosin,19.608585101555054,Injectable,Healthy,16.94
ANI_03613,Sheep,65.32132007835995,12.590269178219577,Tylosin,6.55740629016679,Injectable,Severe Infection,16.67
ANI_03614,Cattle,462.2939182817956,33.028346942108165,Tylosin,13.8224616512031,Oral,Mild Infection,13.26
ANI_03615,Goat,37.60805321461793,11.75604725431456,Penicillin,19.152145676132935,Oral,Healthy,9.05
ANI_03616,Cattle,485.6629735028032,40.949716069777864,Amoxicillin,11.540330069815742,Injectable,Healthy,11.49
ANI_03617,Pig,86.97278336614083,4.46930806402641,Tylosin,7.877767143077828,Injectable,Severe Infection,20.68
ANI_03618,Goat,49.84729672705709,12.804662353246064,Tylosin,12.16475566097441,Injectable,Healthy,18.63
ANI_03619,Cattle,410.1199129276737,27.241728216739542,Amoxicillin,8.325283597545708,Injectable,Healthy,9.22
ANI_03620,Sheep,49.59619849156089,8.913877195381364,Penicillin,24.385926654769982,Topical,Mild Infection,5.12
ANI_03621,Pig,87.88172056751237,,Amoxicillin,7.275601630953515,Injectable,Mild Infection,12.05
ANI_03622,Pig,113.48809602113897,5.720526235652458,Penicillin,18.44996880761193,Injectable,Mild Infection,10.91
ANI_03623,Cattle,556.0506230141569,32.990186788719505,Amoxicillin,5.41954571290629,Injectable,Healthy,11.84
ANI_03624,Sheep,54.083526014842484,7.622593987462467,Penicillin,16.840567972216817,Injectable,Severe Infection,15.92
ANI_03625,Goat,49.808496269159605,13.204991572074213,Oxytetracycline,17.270581497791543,Injectable,Healthy,18.92
ANI_03626,Cattle,288.4438585881321,14.674703743349323,Tylosin,15.745997755450789,Oral,Healthy,14.44
ANI_03627,Cattle,517.8467567457062,47.37355534599484,Oxytetracycline,29.307922379628234,Injectable,Healthy,21.25
ANI_03628,Goat,32.42572749003043,13.855996516199408,Oxytetracycline,22.83072728491107,Oral,Severe Infection,22.82
ANI_03629,Pig,99.6684554900811,7.651711159240259,Penicillin,20.936538679049505,Injectable,Severe Infection,13.54
ANI_03630,Pig,92.31063774601158,6.171791891298969,Amoxicillin,8.310613265948952,Injectable,Healthy,10.68
ANI_03631,Cattle,462.79990594849005,18.958154374877125,Tylosin,19.578886950066178,Injectable,Healthy,18.58
ANI_03632,Cattle,506.5168341083202,34.308437576249986,Amoxicillin,11.47887249173292,Oral,Healthy,6.77
ANI_03633,Goat,,8.944605349064165,Tylosin,11.145156137347623,Injectable,Healthy,14.47
ANI_03634,Pig,73.43849934490576,7.888304382846163,Oxytetracycline,12.245894428197953,Injectable,Severe Infection,20.95
ANI_03635,Pig,77.61907243502316,6.579738587085128,Tylosin,6.540525370420566,Oral,Healthy,14.02
ANI_03636,Sheep,62.68535930244575,11.06959187310374,Amoxicillin,6.69572456531842,Topical,Healthy,5.56
ANI_03637,Goat,44.23266385383808,11.476441974787544,Penicillin,15.565125805971862,Oral,Healthy,6.55
ANI_03638,Sheep,52.28963685858977,,Tylosin,16.659481785698866,Injectable,Healthy,15.79
ANI_03639,Cattle,360.33332643129745,38.362977628884536,Oxytetracycline,11.698674435430265,Injectable,Healthy,15.72
ANI_03640,Sheep,63.164356834264524,23.389495411380025,Tylosin,15.429540660223966,Injectable,Severe Infection,19.92
ANI_03641,Pig,91.32905655849214,5.637726474014635,Tylosin,7.509271089401183,Injectable,Healthy,14.52
ANI_03642,Pig,121.55746153129604,3.423199732914946,Oxytetracycline,12.964655044722836,Oral,Severe Infection,20.25
ANI_03643,Goat,60.15766461901046,,Amoxicillin,5.321117907365654,Injectable,Mild Infection,13.12
ANI_03644,Cattle,,57.38611458801892,Penicillin,11.75934185838208,Topical,Severe Infection,6.77
ANI_03645,Goat,29.467316912775793,11.74718186219105,Oxytetracycline,26.06291852315089,Oral,Mild Infection,20.61
ANI_03646,Pig,88.63812896817949,6.788229948829219,Penicillin,22.269615158435762,Injectable,Healthy,10.93
ANI_03647,Goat,57.18026506223988,9.990829319691692,Penicillin,14.61106149490237,Injectable,Mild Infection,12.44
ANI_03648,Cattle,583.7746225555152,45.02416855274093,Tylosin,17.111629828918154,Oral,Healthy,13.18
ANI_03649,Sheep,69.26448146824985,10.381880945808762,Amoxicillin,14.617362703066641,Injectable,Healthy,13.37
ANI_03650,Sheep,52.230087883064556,9.514466213009058,Oxytetracycline,27.94723247940922,Injectable,Mild Infection,23.97
ANI_03651,Pig,94.23872220259665,8.347891315402787,Tylosin,16.954183454324866,Injectable,Healthy,12.98
ANI_03652,Sheep,87.4279660437002,,Amoxicillin,12.025870565519847,Injectable,Severe Infection,14.63
ANI_03653,Goat,24.085153063528413,7.469476354760327,Oxytetracycline,12.134271104239149,Injectable,Mild Infection,20.47
ANI_03654,Cattle,489.25602451630397,,Tylosin,18.022640790714327,Injectable,Severe Infection,18.65
ANI_03655,Sheep,71.78528536008707,10.994751319038032,Oxytetracycline,20.615239003100463,Injectable,Mild Infection,21.42
ANI_03656,Sheep,60.715331820409446,14.047824838204455,Tylosin,16.785231226640466,Injectable,Mild Infection,17.38
ANI_03657,Cattle,589.097052450694,39.41343189153997,Oxytetracycline,12.022441084298078,Oral,Healthy,16.37
ANI_03658,Cattle,544.0050660693573,26.448027400567746,Tylosin,8.268395962837584,Injectable,Healthy,14.47
ANI_03659,Pig,173.749336029966,6.36432190888924,Tylosin,5.544721090036029,Injectable,Severe Infection,14.38
ANI_03660,Goat,46.768095507366134,11.994189604888575,Penicillin,21.857161737127853,Oral,Mild Infection,7.96
ANI_03661,Sheep,56.18999771931945,10.82855620156998,Penicillin,15.663716911530306,Injectable,Healthy,9.18
ANI_03662,Sheep,60.745340002222434,,Tylosin,5.336113947190509,Topical,Severe Infection,13.93
ANI_03663,Pig,73.96384530539308,6.359860623622677,Oxytetracycline,26.675766625972837,Injectable,Healthy,22.08
ANI_03664,Pig,115.60995041375719,8.731347368954273,Oxytetracycline,12.440434572623495,Injectable,Mild Infection,18.59
ANI_03665,Cattle,328.21862679153446,29.15868178799404,Oxytetracycline,26.138403070813872,Topical,Healthy,13.37
ANI_03666,Cattle,211.798663683197,45.262431752908114,Oxytetracycline,10.28797545065639,Injectable,Healthy,19.61
ANI_03667,Sheep,69.92274729439872,7.088043266877634,Tylosin,17.422028507044374,Injectable,Healthy,16.02
ANI_03668,Sheep,46.648533883391416,11.861389558545351,Oxytetracycline,11.740131741121207,Injectable,Mild Infection,20.33
ANI_03669,Goat,41.22881535892259,8.006358239853402,Tylosin,9.507058917922933,Injectable,Healthy,15.26
ANI_03670,Goat,30.082636485180153,17.654119220383386,Oxytetracycline,14.332260029323677,Injectable,Healthy,18.82
ANI_03671,Goat,35.42510707525436,8.68607376085195,Amoxicillin,8.326362469090784,Oral,Healthy,7.36
ANI_03672,Sheep,60.74512385096334,10.783381403515193,Penicillin,22.56510727913213,Injectable,Healthy,10.65
ANI_03673,Sheep,66.31433425207193,14.994365193002263,Tylosin,17.714490475785695,Injectable,Severe Infection,19.7
ANI_03674,Sheep,83.91452662852093,12.883084873686792,Tylosin,18.794102925809554,Injectable,Mild Infection,18.69
ANI_03675,Sheep,71.62153880855527,17.462427065002743,Oxytetracycline,14.433093498742336,Oral,Mild Infection,17.6
ANI_03676,Sheep,53.93417980880936,13.590353491404795,Oxytetracycline,17.909750523738445,Injectable,Mild Infection,21.55
ANI_03677,Sheep,63.52630094842741,13.345469571067433,Oxytetracycline,24.92721816526939,Oral,Severe Infection,23.04
ANI_03678,Goat,29.10268342463023,11.44044822928804,Oxytetracycline,21.552218091475005,Injectable,Healthy,20.56
ANI_03679,Pig,114.0422319897827,4.527179979083807,Penicillin,15.53180259842265,Oral,Mild Infection,8.85
ANI_03680,Sheep,47.3077846964678,12.361015569378624,Penicillin,10.5306882275998,Injectable,Healthy,11.65
ANI_03681,Cattle,551.6343000544057,47.488289461341324,Oxytetracycline,19.427581218955865,Oral,Healthy,16.62
ANI_03682,Cattle,575.469375030858,21.324806944249268,Penicillin,15.973154629511527,Oral,Mild Infection,6.96
ANI_03683,Cattle,292.134308364175,21.537905754195325,Tylosin,10.475769040395576,Oral,Mild Infection,12.38
ANI_03684,Pig,95.19486320331156,4.958957840148745,Tylosin,19.171353587781375,Injectable,Mild Infection,19.43
ANI_03685,Goat,51.23609446738717,18.65898293089082,Amoxicillin,6.295261267542171,Topical,Severe Infection,10.99
ANI_03686,Sheep,75.4479734638426,2.2528388330723352,Amoxicillin,12.173708933706898,Oral,Healthy,9.68
ANI_03687,Goat,44.559911241055026,10.677041654051608,Oxytetracycline,13.93936206178753,Oral,Mild Infection,19.97
ANI_03688,Sheep,56.15779954654029,5.103681205500191,Oxytetracycline,22.926588909942794,Injectable,Mild Infection,22.5
ANI_03689,Pig,55.89310326638679,8.174418923542794,Oxytetracycline,16.062075476038945,Oral,Healthy,19.72
ANI_03690,Sheep,62.383774048411645,2.334751561305815,Amoxicillin,5.325296545859972,Oral,Mild Infection,8.59
ANI_03691,Sheep,42.6873493203269,10.834065148953115,Oxytetracycline,15.482655176267334,Oral,Healthy,16.56
ANI_03692,Goat,35.11633387417779,14.561084933860037,Oxytetracycline,25.42907706275759,Oral,Mild Infection,20.46
ANI_03693,Pig,136.93143300588792,3.3943647714936223,Penicillin,10.123005622100825,Injectable,Severe Infection,14.21
ANI_03694,Goat,53.732322527019775,16.075728071134396,Tylosin,13.824318257532445,Injectable,Mild Infection,15.04
ANI_03695,Sheep,53.92701125224793,10.835573689620498,Penicillin,23.451735529945758,Injectable,Mild Infection,15.43
ANI_03696,Goat,46.50951973632583,8.880041371951357,Penicillin,11.320615115564737,Oral,Mild Infection,7.57
ANI_03697,Pig,95.21873840825124,7.315942361599818,Penicillin,18.41699584538385,Oral,Mild Infection,9.58
ANI_03698,Pig,101.04956114340902,7.304002911705497,Penicillin,22.253440559079813,Topical,Healthy,8.28
ANI_03699,Sheep,76.80820167294172,18.071657144892047,Tylosin,18.591573340324643,Injectable,Healthy,14.66
ANI_03700,Cattle,494.33384575867615,,Oxytetracycline,14.694597629807443,Injectable,Mild Infection,20.62
ANI_03701,Goat,42.94914512359797,9.234234498434176,Oxytetracycline,23.34414110043099,Topical,Healthy,16.61
ANI_03702,Goat,35.300389801154346,11.0545007044953,Amoxicillin,6.878412885345449,Topical,Healthy,5.11
ANI_03703,Goat,30.404187531280883,17.70463320286478,Penicillin,10.4188389585796,Oral,Healthy,6.42
ANI_03704,Pig,,3.1012591342881826,Penicillin,12.118154639161798,Injectable,Mild Infection,11.57
ANI_03705,Cattle,589.1093289331377,,Tylosin,9.146024845043438,Injectable,Healthy,14.95
ANI_03706,Cattle,575.8388713011144,34.09319258397748,Tylosin,14.803375133871494,Injectable,Mild Infection,14.52
ANI_03707,Goat,36.87692720471767,6.769540639247908,Tylosin,12.979782432163185,Oral,Mild Infection,14.41
ANI_03708,Goat,49.3817694385849,9.575723283614412,Oxytetracycline,14.571441539758203,Topical,Healthy,12.51
ANI_03709,Cattle,602.2350688996434,22.172252256938368,Oxytetracycline,27.51729765162256,Injectable,Healthy,20.32
ANI_03710,Sheep,65.06278471487587,11.22187434321914,Penicillin,12.249119834137518,Injectable,Healthy,11.9
ANI_03711,Pig,56.36535539397716,5.647118165294049,Oxytetracycline,28.73937900867722,Injectable,Healthy,23.08
ANI_03712,Pig,,4.316998256921378,Penicillin,16.669393954181167,Oral,Healthy,7.02
ANI_03713,Pig,123.34922379422741,6.284006210472986,Amoxicillin,8.339994199500147,Topical,Healthy,5.59
ANI_03714,Pig,85.64156098102836,8.386964630525927,Tylosin,19.06569925479462,Injectable,Healthy,15.68
ANI_03715,Goat,29.10111972891613,12.16794850080434,Oxytetracycline,19.759807411511236,Topical,Healthy,15.83
ANI_03716,Cattle,549.8569691004226,65.62301872395203,Tylosin,16.38079703407468,Injectable,Severe Infection,19.8
ANI_03717,Pig,76.23145582082375,6.957518211849621,Amoxicillin,6.4838536349964,Injectable,Healthy,9.67
ANI_03718,Goat,46.98303159935029,11.42183911820643,Penicillin,24.07888095072897,Oral,Severe Infection,13.45
ANI_03719,Sheep,61.513475675130714,12.614361025379022,Amoxicillin,11.610854671689877,Injectable,Healthy,11.01
ANI_03720,Pig,110.88882667338024,7.938445598385651,Oxytetracycline,19.47899031698595,Oral,Severe Infection,21.61
ANI_03721,Pig,100.82816534946619,7.580941463669848,Penicillin,19.64827046095087,Topical,Healthy,5.6
ANI_03722,Sheep,69.76982807661956,,Penicillin,23.919312735876723,Injectable,Healthy,11.54
ANI_03723,Goat,42.36101242292233,14.351270257830835,Penicillin,18.840415779941118,Injectable,Severe Infection,13.55
ANI_03724,Goat,28.823559814824215,7.310321749312365,Penicillin,16.96495662094394,Oral,Healthy,9.62
ANI_03725,Cattle,400.6550157967292,32.737502017086555,Tylosin,6.1364075738188895,Oral,Healthy,9.07
ANI_03726,Pig,,5.843369779407665,Oxytetracycline,23.369305103377954,Oral,Mild Infection,17.45
ANI_03727,Sheep,51.22272736313201,2.526262257151874,Penicillin,22.02145609367976,Injectable,Mild Infection,11.46
ANI_03728,Cattle,457.42301272246397,,Oxytetracycline,26.008000425676574,Injectable,Healthy,22.63
ANI_03729,Cattle,317.98896921873416,40.32122575287327,Oxytetracycline,23.778712820171254,Injectable,Healthy,21.39
ANI_03730,Sheep,59.19383635184918,11.631879865642627,Amoxicillin,11.757708521739515,Topical,Healthy,6.44
ANI_03731,Sheep,45.393386344400454,11.497529682295632,Oxytetracycline,11.824960537980047,Injectable,Healthy,16.12
ANI_03732,Goat,31.5588996245411,20.39403647831942,Oxytetracycline,29.13997346279595,Oral,Healthy,16.32
ANI_03733,Cattle,451.6327400146385,6.70021695011328,Amoxicillin,6.970970146590872,Injectable,Mild Infection,10.75
ANI_03734,Goat,40.022585596264776,13.041026254494607,Penicillin,14.741605826917471,Injectable,Healthy,11.52
ANI_03735,Cattle,406.5559542979725,44.69801638403456,Amoxicillin,12.013927662860725,Oral,Healthy,7.85
ANI_03736,Cattle,594.36000527946,,Oxytetracycline,21.360790050735122,Oral,Healthy,17.16
ANI_03737,Goat,49.130626103175125,,Penicillin,19.250134043950304,Oral,Healthy,6.52
ANI_03738,Cattle,408.64001743969374,50.31213033289792,Penicillin,15.37518263009288,Injectable,Healthy,10.93
ANI_03739,Pig,123.4518106619463,6.909598911347607,Penicillin,24.886724804491138,Injectable,Healthy,11.81
ANI_03740,Goat,38.795293284730924,10.821171287545395,Tylosin,8.920506387326034,Injectable,Mild Infection,14.46
ANI_03741,Cattle,344.53965123044793,39.764012371176996,Penicillin,19.530426511425723,Injectable,Healthy,10.32
ANI_03742,Goat,44.15304517559544,17.63307629909869,Penicillin,10.423693093151144,Oral,Mild Infection,6.07
ANI_03743,Goat,57.32065773947684,12.429429270348946,Tylosin,16.388115465695677,Injectable,Healthy,13.02
ANI_03744,Cattle,626.2625852349048,61.22076105190422,Oxytetracycline,17.153928790811204,Injectable,Severe Infection,23.97
ANI_03745,Sheep,48.68876513239502,,Penicillin,15.54100856749357,Injectable,Mild Infection,12.5
ANI_03746,Pig,113.22361981185438,8.083899787682391,Tylosin,14.71408265872572,Topical,Healthy,12.71
ANI_03747,Pig,124.29270548127306,9.711596485149308,Amoxicillin,14.436600258034737,Oral,Healthy,11.06
ANI_03748,Pig,116.14838364764856,4.239468721045935,Tylosin,16.169723614333627,Injectable,Healthy,15.19
ANI_03749,Cattle,488.34565940403195,30.35759463110091,Amoxicillin,7.929421134277284,Injectable,Mild Infection,13.67
ANI_03750,Sheep,47.698078833035254,13.31225148294392,Oxytetracycline,28.847457430050294,Oral,Mild Infection,20.07
ANI_03751,Pig,106.34404474311692,9.579261393279438,Amoxicillin,14.328750797401247,Injectable,Healthy,10.98
ANI_03752,Cattle,393.0090856833791,8.748416650468371,Penicillin,11.097094315206379,Oral,Healthy,4.58
ANI_03753,Sheep,,12.050020061374516,Tylosin,19.683714847422983,Injectable,Healthy,18.06
ANI_03754,Goat,63.54202116804349,11.700269521507161,Oxytetracycline,16.984645818182738,Topical,Healthy,14.54
ANI_03755,Sheep,43.08629177179721,14.28713556099569,Tylosin,17.223444353794605,Oral,Mild Infection,15.1
ANI_03756,Pig,105.30012718136608,3.4585934407088423,Amoxicillin,5.2153260029859805,Injectable,Mild Infection,11.83
ANI_03757,Pig,103.98981997248183,7.112909005514285,Oxytetracycline,12.264371550038536,Topical,Healthy,11.22
ANI_03758,Goat,,16.646087830076816,Penicillin,14.93766533801682,Injectable,Healthy,11.31
ANI_03759,Pig,99.16986811859813,,Tylosin,13.859678764814877,Topical,Healthy,8.64
ANI_03760,Pig,82.34642355678807,6.685897528217779,Tylosin,10.438643737535125,Oral,Healthy,12.66
ANI_03761,Cattle,407.1508739317466,30.842442744016758,Oxytetracycline,22.670359139076496,Injectable,Healthy,19.07
ANI_03762,Goat,43.50297715959484,11.700706214351346,Amoxicillin,13.186421885384329,Oral,Healthy,5.74
ANI_03763,Cattle,404.7176033882869,45.932867865381624,Penicillin,13.219122875975525,Oral,Healthy,9.88
ANI_03764,Sheep,65.08192939171904,13.20063190578819,Penicillin,16.432420145603288,Injectable,Mild Infection,13.51
ANI_03765,Pig,79.62671406782182,4.784079587598093,Penicillin,16.280095589072737,Oral,Mild Infection,7.51
ANI_03766,Goat,29.880846332373068,11.74930494996417,Penicillin,21.189570071206546,Injectable,Severe Infection,13.43
ANI_03767,Sheep,72.13772278630826,14.169791386885182,Amoxicillin,5.144886861592886,Injectable,Healthy,13.07
ANI_03768,Sheep,,17.967819766622863,Oxytetracycline,23.18264407682413,Injectable,Severe Infection,27.21
ANI_03769,Cattle,538.8026198009075,35.67836655504152,Penicillin,18.318410706441618,Oral,Healthy,5.94
ANI_03770,Sheep,73.26621639499942,14.533898931102339,Oxytetracycline,16.242609734770284,Oral,Healthy,17.53
ANI_03771,Goat,47.180575681517965,11.209628157468213,Tylosin,10.392765381838107,Injectable,Healthy,13.17
ANI_03772,Cattle,366.98996172001205,29.429023120643425,Amoxicillin,10.980550275396457,Injectable,Healthy,12.6
ANI_03773,Sheep,65.36713586298814,14.574578503980897,Tylosin,15.705395707185183,Topical,Healthy,8.62
ANI_03774,Pig,117.64515019216152,5.416173356122481,Oxytetracycline,17.286455143951997,Topical,Severe Infection,17.3
ANI_03775,Sheep,60.219632655499254,12.627042793740504,Tylosin,14.326724429063843,Injectable,Healthy,18.26
ANI_03776,Pig,92.59571938784178,6.48160527413151,Oxytetracycline,17.748054411885263,Injectable,Healthy,19.66
ANI_03777,Pig,92.39241389886404,7.427670786118238,Penicillin,14.581769100318894,Injectable,Healthy,10.78
ANI_03778,Sheep,59.04840648514385,8.50816028999623,Amoxicillin,6.443754979829283,Oral,Healthy,7.43
ANI_03779,Goat,35.45776497397267,7.348257907238255,Amoxicillin,5.7436657514968745,Injectable,Healthy,13.52
ANI_03780,Sheep,46.23211175042843,21.211437732669417,Amoxicillin,12.030483956698776,Oral,Mild Infection,10.58
ANI_03781,Pig,58.34931735124273,7.454826705036131,Penicillin,18.10469901561448,Injectable,Healthy,12.44
ANI_03782,Cattle,467.8299688066401,20.810147920297034,Oxytetracycline,26.00262721765857,Injectable,Mild Infection,19.6
ANI_03783,Pig,124.07577313329918,7.32899896909712,Amoxicillin,11.129475283544885,Oral,Severe Infection,13.45
ANI_03784,Sheep,60.280846170385956,7.243476793764896,Penicillin,23.63221064839471,Injectable,Healthy,12.19
ANI_03785,Pig,92.32287581035793,5.674590318228352,Amoxicillin,7.57767692185574,Oral,Healthy,9.15
ANI_03786,Pig,99.70717292393364,6.009771481860387,Penicillin,10.988704700558813,Oral,Healthy,5.71
ANI_03787,Sheep,51.751932085581736,13.192388671965551,Penicillin,20.53832480443976,Oral,Healthy,8.73
ANI_03788,Cattle,543.1332186353047,,Amoxicillin,14.213177640914573,Injectable,Mild Infection,12.71
ANI_03789,Sheep,,9.702477963525256,Amoxicillin,10.070797990727135,Oral,Healthy,8.66
ANI_03790,Goat,49.73469433139552,18.617137017860934,Tylosin,6.15505238759324,Injectable,Mild Infection,18.11
ANI_03791,Goat,43.62087479715816,12.956912802289994,Penicillin,19.63934132422024,Topical,Mild Infection,9.23
ANI_03792,Sheep,69.36899194304105,14.396133669134858,Penicillin,19.305729246484482,Injectable,Severe Infection,14.43
ANI_03793,Goat,39.47800755199071,16.989758514802837,Oxytetracycline,28.024267195086733,Oral,Healthy,21.39
ANI_03794,Sheep,61.300869362617384,12.536478352454584,Oxytetracycline,21.929067623240233,Injectable,Mild Infection,21.57
ANI_03795,Cattle,528.6156883899546,23.689541740812587,Oxytetracycline,20.366292798841496,Oral,Healthy,16.89
ANI_03796,Sheep,59.00380050219526,14.286226284155045,Amoxicillin,5.15997147040741,Injectable,Severe Infection,15.7
ANI_03797,Sheep,47.32503084090494,,Amoxicillin,6.3427796686198334,Injectable,Severe Infection,16.66
ANI_03798,Pig,127.13599370982959,10.101357346654597,Tylosin,17.24405596147235,Injectable,Mild Infection,16.97
ANI_03799,Goat,38.16251425439432,15.312267938334184,Amoxicillin,6.732498877238859,Oral,Severe Infection,11.22
ANI_03800,Sheep,65.87114397070984,17.636351334199638,Oxytetracycline,17.96985174128809,Injectable,Severe Infection,24.38
ANI_03801,Sheep,79.58916624082343,10.029539865576718,Oxytetracycline,23.748814549256814,Injectable,Healthy,21.1
ANI_03802,Pig,116.38693812765091,5.606254509673892,Penicillin,17.470003597566176,Oral,Mild Infection,8.12
ANI_03803,Goat,41.53164088899863,18.37110485748557,Tylosin,8.301348981303754,Topical,Healthy,9.82
ANI_03804,Pig,,8.051282193292574,Penicillin,22.61585404046132,Injectable,Healthy,9.11
ANI_03805,Goat,48.39391897566736,8.739950228619744,Oxytetracycline,19.480180434953247,Injectable,Severe Infection,24.05
ANI_03806,Goat,40.931313823125386,15.541162061695367,Amoxicillin,10.040004504673377,Injectable,Mild Infection,14.31
ANI_03807,Pig,103.94829683666002,6.407745054989226,Amoxicillin,6.046801040377833,Injectable,Healthy,8.84
ANI_03808,Goat,36.679889585627436,8.099381003855445,Amoxicillin,8.822970923760016,Oral,Healthy,9.17
ANI_03809,Pig,76.62304415983544,7.899870836181029,Penicillin,13.63181140943556,Injectable,Severe Infection,11.38
ANI_03810,Pig,104.28704416553991,5.916395504496741,Amoxicillin,8.982576200966562,Injectable,Healthy,11.46
ANI_03811,Goat,46.094390671620616,10.346713658205621,Tylosin,16.50624330843936,Injectable,Healthy,14.79
ANI_03812,Sheep,79.35152268265317,11.782304896456697,Tylosin,5.859695697789987,Injectable,Healthy,10.76
ANI_03813,Goat,32.587499184148186,10.965244191780375,Tylosin,8.387320318021832,Injectable,Healthy,13.96
ANI_03814,Goat,39.13102561688393,5.729563951793022,Penicillin,11.897832572554103,Injectable,Mild Infection,9.74
ANI_03815,Goat,28.692141841644162,14.706321680554963,Amoxicillin,6.0437692881958425,Injectable,Severe Infection,13.83
ANI_03816,Pig,108.0345127545232,4.710826125666052,Penicillin,10.125932381262125,Oral,Mild Infection,9.85
ANI_03817,Pig,82.78415592495944,4.936077085211523,Penicillin,17.127639593902238,Topical,Healthy,4.68
ANI_03818,Pig,122.13707248945137,5.566453707530697,Amoxicillin,12.737524712106747,Injectable,Healthy,12.14
ANI_03819,Sheep,61.71099587304875,,Penicillin,19.734240231917305,Injectable,Mild Infection,11.36
ANI_03820,Sheep,68.40342180226772,6.992938453544307,Penicillin,13.430704077034688,Injectable,Healthy,8.91
ANI_03821,Sheep,78.35580437856083,15.956600160570295,Tylosin,10.155870857422407,Injectable,Mild Infection,15.31
ANI_03822,Cattle,534.7882531202234,48.74756258293556,Amoxicillin,13.912718388380945,Injectable,Mild Infection,12.62
ANI_03823,Goat,39.038338121634304,15.211862735230044,Oxytetracycline,28.823608186985336,Injectable,Healthy,22.12
ANI_03824,Cattle,487.41206726059096,45.52909846999751,Amoxicillin,13.851102891081148,Oral,Healthy,8.79
ANI_03825,Cattle,613.7750525828799,39.061529423135674,Amoxicillin,13.26567384448563,Injectable,Severe Infection,15.93
ANI_03826,Sheep,67.391186527732,14.427396994216235,Amoxicillin,11.893870495625691,Injectable,Healthy,12.98
ANI_03827,Goat,35.38589066156071,12.679517700537698,Oxytetracycline,11.63052183744109,Topical,Healthy,13.79
ANI_03828,Cattle,479.8000002941383,31.483307942741988,Oxytetracycline,26.84548205266232,Injectable,Healthy,18.91
ANI_03829,Goat,32.54385389219979,10.879770715262138,Oxytetracycline,23.603958017130616,Topical,Healthy,16.54
ANI_03830,Sheep,46.687800114928685,9.25230633816258,Penicillin,19.115622510611523,Injectable,Severe Infection,15.58
ANI_03831,Pig,95.35815061954632,2.620182280380916,Tylosin,16.656064869843128,Injectable,Healthy,13.27
ANI_03832,Cattle,439.25907523238646,41.21133792793449,Penicillin,20.50315022485334,Injectable,Severe Infection,12.99
ANI_03833,Cattle,441.5023897041814,14.589808233608998,Oxytetracycline,27.912542624067985,Injectable,Mild Infection,24.4
ANI_03834,Sheep,55.5277887053615,12.53236544301997,Amoxicillin,9.360606120923048,Injectable,Mild Infection,12.81
ANI_03835,Cattle,351.54700735444226,34.47759863954536,Oxytetracycline,25.466172854512433,Oral,Mild Infection,17.89
ANI_03836,Pig,89.43838719793308,,Penicillin,12.183433715929354,Injectable,Severe Infection,13.77
ANI_03837,Sheep,60.248253541608655,8.596920766635279,Penicillin,14.912507552633507,Injectable,Healthy,12.0
ANI_03838,Sheep,45.7525409065382,11.086123770710621,Amoxicillin,14.827149920671255,Oral,Mild Infection,11.78
ANI_03839,Sheep,68.08367430057923,14.328188322309664,Amoxicillin,5.531732866764876,Topical,Healthy,7.82
ANI_03840,Sheep,63.47410477695102,15.285601211424435,Penicillin,24.64538649446959,Injectable,Mild Infection,11.12
ANI_03841,Sheep,58.78513869467016,16.98592000511031,Penicillin,14.824159003837325,Injectable,Healthy,7.78
ANI_03842,Sheep,64.15671974096576,12.303571283099414,Oxytetracycline,18.78167152059967,Injectable,Severe Infection,24.0
ANI_03843,Sheep,68.45801189020335,12.811045076305051,Penicillin,13.009167153627299,Injectable,Mild Infection,12.62
ANI_03844,Goat,48.751255613059726,12.883107600563918,Oxytetracycline,10.961462250681201,Oral,Severe Infection,20.28
ANI_03845,Pig,96.91888522376777,5.748924640217752,Penicillin,10.753553488866414,Oral,Healthy,5.41
ANI_03846,Goat,46.18098388774426,14.300788262606156,Amoxicillin,5.822436772512064,Injectable,Healthy,9.38
ANI_03847,Goat,33.25326536482134,11.096416664951109,Penicillin,12.598052541733193,Injectable,Healthy,7.9
ANI_03848,Pig,76.45959223954611,7.124148012489967,Tylosin,9.640585436946989,Injectable,Severe Infection,19.45
ANI_03849,Cattle,552.7214484015115,33.09152006251113,Oxytetracycline,15.452271230386593,Injectable,Healthy,19.31
ANI_03850,Goat,46.510724565205514,18.542001188893995,Tylosin,9.505397325849513,Topical,Healthy,8.52
ANI_03851,Cattle,462.8687985347036,,Tylosin,8.87938088729708,Injectable,Mild Infection,15.23
ANI_03852,Cattle,544.5097257842145,27.05410476816582,Tylosin,11.973869706737716,Oral,Healthy,10.71
ANI_03853,Goat,41.961576721454705,7.3826900025509135,Penicillin,24.42668032966685,Injectable,Severe Infection,14.84
ANI_03854,Goat,47.40609960365582,7.765432116858135,Penicillin,15.013096627468983,Topical,Healthy,2.56
ANI_03855,Sheep,50.9055705331112,11.663230435846476,Tylosin,16.95339447059,Oral,Mild Infection,12.0
ANI_03856,Cattle,665.0520903087973,17.383689349241063,Oxytetracycline,13.836095832691761,Injectable,Mild Infection,22.53
ANI_03857,Sheep,60.937455203352414,17.450307441688253,Penicillin,20.769566601115432,Oral,Mild Infection,9.95
ANI_03858,Goat,42.57377097612639,15.798133071559917,Amoxicillin,5.393765304378354,Injectable,Severe Infection,15.28
ANI_03859,Cattle,601.3103427229565,42.052790358905455,Amoxicillin,7.879493696326371,Oral,Healthy,10.32
ANI_03860,Pig,61.19139548983279,5.44827759518756,Oxytetracycline,14.917282256048985,Injectable,Healthy,18.54
ANI_03861,Sheep,59.73388098038867,8.903539081925775,Amoxicillin,8.237755792652695,Injectable,Mild Infection,13.43
ANI_03862,Cattle,578.0213972200241,51.497089431093,Amoxicillin,10.07160590925821,Injectable,Mild Infection,13.25
ANI_03863,Cattle,587.6670535266977,31.600702862965186,Penicillin,24.395158511038836,Injectable,Mild Infection,12.69
ANI_03864,Sheep,65.86428501659016,13.16989216889236,Amoxicillin,10.628600074847734,Oral,Healthy,7.6
ANI_03865,Sheep,45.08239237452173,2.499618910199228,Penicillin,24.31571840468674,Oral,Mild Infection,9.9
ANI_03866,Cattle,389.2800202141002,24.38866967784083,Amoxicillin,8.439032005830896,Injectable,Healthy,10.11
ANI_03867,Goat,33.19078645229123,11.002609198026116,Penicillin,23.56053609608107,Injectable,Healthy,11.97
ANI_03868,Goat,39.55380529856149,5.619537110529898,Penicillin,16.652798207137426,Oral,Healthy,8.85
ANI_03869,Cattle,497.45129629443886,50.592863029444544,Oxytetracycline,26.55330334104975,Injectable,Healthy,18.98
ANI_03870,Pig,66.9523188709149,5.912807931098371,Amoxicillin,13.186149417586421,Topical,Severe Infection,11.3
ANI_03871,Sheep,54.79503291136524,9.598339661932043,Oxytetracycline,16.294564807916302,Injectable,Severe Infection,22.62
ANI_03872,Sheep,72.43192019144855,14.66790298762143,Oxytetracycline,26.037599039100016,Topical,Healthy,13.86
ANI_03873,Goat,26.543159242617556,12.729090436896845,Penicillin,14.599625465097786,Oral,Healthy,8.37
ANI_03874,Cattle,493.95938677838643,39.09741139164504,Amoxicillin,14.816472365702749,Topical,Mild Infection,9.82
ANI_03875,Goat,30.709427120100212,8.751366532483253,Tylosin,11.651985736351667,Injectable,Healthy,12.67
ANI_03876,Pig,120.84279785270354,2.5487902352410705,Amoxicillin,13.903575034549103,Oral,Healthy,12.36
ANI_03877,Pig,81.11280818909204,3.290054458573113,Penicillin,17.831939403771784,Topical,Mild Infection,10.09
ANI_03878,Cattle,531.1207594172772,33.50006921047305,Tylosin,19.875209766752512,Oral,Mild Infection,17.52
ANI_03879,Pig,113.75325247590031,4.144192668481864,Tylosin,7.684644240726888,Injectable,Severe Infection,16.89
ANI_03880,Pig,94.75294891679962,6.776678572438023,Oxytetracycline,18.408717892275106,Oral,Mild Infection,18.8
ANI_03881,Cattle,408.926012841057,44.34559969366339,Penicillin,21.84246065241208,Injectable,Healthy,9.73
ANI_03882,Cattle,480.45403426135715,24.459700619689798,Oxytetracycline,26.47632954334491,Injectable,Severe Infection,23.91
ANI_03883,Goat,41.01405634991251,15.728115576187554,Penicillin,20.36019793273745,Topical,Mild Infection,9.23
ANI_03884,Cattle,540.1884663127546,42.2248132305178,Penicillin,18.649491968256463,Injectable,Mild Infection,10.21
ANI_03885,Cattle,535.3897226669782,25.04225312312191,Amoxicillin,13.044414516714257,Injectable,Mild Infection,14.47
ANI_03886,Pig,117.93202589706114,8.318197163723347,Penicillin,18.7306536772086,Injectable,Healthy,11.43
ANI_03887,Goat,34.97626353499763,14.37098913803133,Oxytetracycline,10.57670352157981,Oral,Mild Infection,18.1
ANI_03888,Goat,34.5594749499601,7.6647206527549825,Oxytetracycline,29.975608114974474,Injectable,Mild Infection,22.01
ANI_03889,Sheep,76.92380878461994,16.713787541501286,Amoxicillin,13.16405927503135,Injectable,Healthy,9.32
ANI_03890,Cattle,447.43396827561463,,Amoxicillin,6.628103879798618,Injectable,Severe Infection,17.38
ANI_03891,Pig,83.93385502481789,7.47136431858517,Amoxicillin,6.000995128472533,Injectable,Mild Infection,13.49
ANI_03892,Sheep,57.993368568881934,11.679763760477961,Amoxicillin,12.913626785148384,Injectable,Healthy,10.29
ANI_03893,Sheep,71.0607047359635,15.152069430242554,Amoxicillin,5.7169974942310215,Injectable,Healthy,11.27
ANI_03894,Sheep,62.892219409166195,10.535233445405462,Oxytetracycline,20.910052527736504,Injectable,Mild Infection,23.98
ANI_03895,Goat,23.46207775472798,8.115243573578208,Penicillin,14.995558960821102,Injectable,Mild Infection,10.95
ANI_03896,Pig,108.34798555073057,3.0677768402518937,Tylosin,11.685124679861268,Injectable,Mild Infection,17.4
ANI_03897,Pig,111.55722428192578,1.8762652120886605,Amoxicillin,14.465073224704517,Injectable,Mild Infection,13.56
ANI_03898,Sheep,51.95457385305917,6.5603981790824735,Penicillin,15.644292626574702,Injectable,Healthy,8.78
ANI_03899,Pig,67.67718876314693,7.053698711414606,Penicillin,17.517294442169256,Injectable,Mild Infection,11.77
ANI_03900,Pig,72.27241855568433,7.73314724764664,Amoxicillin,8.293179302503185,Injectable,Severe Infection,15.73
ANI_03901,Pig,98.72442872743804,7.361791077921627,Amoxicillin,14.926254734858617,Injectable,Healthy,14.63
ANI_03902,Goat,41.963500980630315,9.870505533318433,Amoxicillin,9.189709503827785,Injectable,Mild Infection,13.54
ANI_03903,Sheep,53.9176156676231,15.739093775642592,Tylosin,11.488617828408247,Injectable,Healthy,16.99
ANI_03904,Sheep,65.6902814598146,12.216192559279339,Penicillin,21.744536074858843,Oral,Mild Infection,8.71
ANI_03905,Cattle,432.5973452730067,55.5584298570129,Oxytetracycline,28.80792865148344,Injectable,Severe Infection,25.27
ANI_03906,Cattle,577.7640437975942,30.040549611976054,Oxytetracycline,14.674710636170927,Oral,Severe Infection,20.82
ANI_03907,Cattle,769.4087535337942,34.134361139956454,Penicillin,22.403832294525998,Oral,Severe Infection,11.92
ANI_03908,Pig,97.53242179312991,4.828373389514992,Tylosin,14.55379258073765,Topical,Mild Infection,11.41
ANI_03909,Pig,81.8524028882448,4.52534389796043,Oxytetracycline,26.31953331219308,Oral,Healthy,15.71
ANI_03910,Goat,48.25439003679521,12.38759247411133,Penicillin,17.680198686531924,Injectable,Mild Infection,10.1
ANI_03911,Goat,54.44533739685839,9.990085637225038,Amoxicillin,11.359108609667032,Injectable,Severe Infection,16.13
ANI_03912,Goat,32.88338812035981,18.457191432759256,Oxytetracycline,14.36571779541483,Oral,Severe Infection,21.95
ANI_03913,Goat,24.69380385922728,17.461831577995994,Tylosin,9.404251709859103,Injectable,Healthy,12.87
ANI_03914,Cattle,435.3313146936609,42.017631290439105,Amoxicillin,14.123016555654836,Injectable,Mild Infection,15.01
ANI_03915,Goat,33.58266516030512,7.6711210412907125,Oxytetracycline,21.512617965461867,Injectable,Healthy,20.11
ANI_03916,Pig,93.52941876877598,1,Penicillin,15.523653177176742,Oral,Severe Infection,12.28
ANI_03917,Cattle,326.5092523348634,26.827347625734188,Penicillin,24.61102174599552,Injectable,Severe Infection,15.97
ANI_03918,Sheep,65.60454252949808,7.625407866557954,Oxytetracycline,20.469161677297986,Oral,Healthy,16.53
ANI_03919,Pig,119.55373307246623,6.808102282290612,Tylosin,19.29699288961268,Injectable,Severe Infection,18.85
ANI_03920,Goat,44.96737245511332,19.41417204796741,Tylosin,11.638021671942063,Topical,Healthy,12.69
ANI_03921,Cattle,513.3744933654674,18.694880307951355,Oxytetracycline,25.594815435750377,Injectable,Mild Infection,21.44
ANI_03922,Goat,28.591607666434303,10.457542892497019,Amoxicillin,12.740613190499227,Oral,Mild Infection,8.26
ANI_03923,Pig,69.99517216634682,6.529878789804484,Amoxicillin,5.789120312421328,Injectable,Mild Infection,12.35
ANI_03924,Sheep,77.6315211464998,7.640388684412534,Penicillin,19.01312338142892,Oral,Mild Infection,8.02
ANI_03925,Sheep,,6.808153374138392,Oxytetracycline,28.900714701672353,Oral,Mild Infection,19.67
ANI_03926,Goat,37.355317292333346,12.52327309302042,Tylosin,19.757153837925664,Injectable,Mild Infection,17.77
ANI_03927,Sheep,58.437656061469596,14.471421655026214,Penicillin,13.614472768295766,Injectable,Severe Infection,13.97
ANI_03928,Pig,68.97765882801741,5.138118784412382,Tylosin,13.138812536596278,Oral,Healthy,9.02
ANI_03929,Cattle,417.7660365852557,29.145245520776918,Penicillin,21.407581355785954,Oral,Severe Infection,10.17
ANI_03930,Cattle,562.2140973700639,36.10183608853905,Oxytetracycline,11.571895382319905,Topical,Healthy,15.75
ANI_03931,Pig,,9.403788874830578,Amoxicillin,12.538704532567184,Oral,Healthy,8.7
ANI_03932,Pig,73.62688181564265,9.101882598693917,Tylosin,18.569909195374173,Injectable,Mild Infection,18.4
ANI_03933,Pig,109.71800012374088,4.48602735162382,Oxytetracycline,24.501518210218038,Injectable,Severe Infection,23.06
ANI_03934,Pig,114.46191774306962,5.803685684372206,Penicillin,15.79943301474076,Oral,Healthy,10.55
ANI_03935,Goat,44.95796151489114,12.337986377026622,Amoxicillin,11.538773180971337,Topical,Mild Infection,7.57
ANI_03936,Cattle,592.9479062093538,54.868078516494236,Penicillin,11.48583446345456,Oral,Healthy,5.77
ANI_03937,Pig,111.09531578184657,2.7174502536086247,Tylosin,6.757302501144092,Injectable,Severe Infection,17.05
ANI_03938,Goat,27.69373646295491,20.09779051026416,Tylosin,8.123982190018113,Injectable,Severe Infection,14.48
ANI_03939,Sheep,66.91247008866206,7.698097152946567,Tylosin,9.743230822135345,Injectable,Healthy,13.16
ANI_03940,Sheep,56.2940356822465,14.167203309268004,Oxytetracycline,15.521390736240726,Injectable,Mild Infection,23.15
ANI_03941,Pig,99.16715163597638,9.172089713578787,Oxytetracycline,29.309142863562933,Injectable,Severe Infection,22.45
ANI_03942,Sheep,65.35121008799533,13.14183797072552,Amoxicillin,8.934383632342128,Injectable,Severe Infection,16.84
ANI_03943,Cattle,699.2495408689977,32.85653242489654,Oxytetracycline,27.53305212205493,Oral,Healthy,17.57
ANI_03944,Pig,122.49612613395752,4.68949742077902,Tylosin,15.954242110309174,Topical,Severe Infection,15.35
ANI_03945,Cattle,,55.201549193285594,Amoxicillin,12.76899655879583,Oral,Healthy,7.88
ANI_03946,Pig,101.611916480595,6.009431921834582,Amoxicillin,12.107190732694113,Injectable,Healthy,11.85
ANI_03947,Pig,136.5595649831114,5.287106958351697,Penicillin,21.966669442073773,Oral,Mild Infection,8.66
ANI_03948,Cattle,281.31706287285306,34.78804030296683,Amoxicillin,13.991271010066118,Injectable,Healthy,12.09
ANI_03949,Cattle,590.2620678732627,20.743537787201625,Penicillin,22.32254715852939,Injectable,Severe Infection,16.3
ANI_03950,Goat,45.24896365094917,12.002023606879845,Tylosin,10.921730994053274,Injectable,Healthy,13.82
ANI_03951,Pig,78.72300738014407,4.84638197160221,Tylosin,14.740500217067224,Injectable,Healthy,16.65
ANI_03952,Goat,44.052977359613976,9.700810815012279,Penicillin,15.333475903256245,Oral,Mild Infection,9.81
ANI_03953,Pig,92.9001919907964,2.68252749631677,Tylosin,7.2750705958885895,Injectable,Mild Infection,17.34
ANI_03954,Sheep,69.09129352599552,16.396913381561394,Penicillin,24.529860666831645,Oral,Healthy,10.06
ANI_03955,Goat,32.69346884422815,4.953970408874704,Oxytetracycline,28.074484515027592,Injectable,Healthy,21.51
ANI_03956,Sheep,61.637768711928544,13.907900074658723,Penicillin,23.987281401499516,Oral,Mild Infection,5.84
ANI_03957,Goat,50.292424967358635,13.195658434114211,Tylosin,6.133268999164432,Injectable,Mild Infection,13.36
ANI_03958,Sheep,66.59774758641778,9.082538597456214,Oxytetracycline,22.530575436237424,Injectable,Severe Infection,22.64
ANI_03959,Cattle,630.7809329358055,18.790579229365466,Tylosin,18.696322670779082,Injectable,Healthy,16.15
ANI_03960,Sheep,61.606218250814536,7.727666241570453,Oxytetracycline,18.552968610313023,Topical,Healthy,17.62
ANI_03961,Pig,128.65019639645087,8.017739005534281,Amoxicillin,7.310348002217636,Injectable,Mild Infection,12.68
ANI_03962,Sheep,61.66586499155859,12.184143240450663,Penicillin,18.30285931243521,Oral,Healthy,6.65
ANI_03963,Pig,84.51750062096957,5.033571818834303,Penicillin,24.888429379981808,Injectable,Severe Infection,17.33
ANI_03964,Goat,30.65023270745339,11.696249451316866,Tylosin,13.762612762725862,Injectable,Healthy,15.85
ANI_03965,Cattle,460.9970813342151,49.273595945599496,Amoxicillin,10.948287062056128,Topical,Healthy,4.65
ANI_03966,Sheep,43.22905441527835,12.72788436751543,Oxytetracycline,29.46203765262172,Injectable,Mild Infection,20.89
ANI_03967,Sheep,49.37963333724514,12.876680854761732,Amoxicillin,10.475096478124563,Injectable,Severe Infection,16.4
ANI_03968,Sheep,53.44202688530208,5.353104209464702,Oxytetracycline,25.883599297572623,Injectable,Healthy,19.97
ANI_03969,Sheep,74.27566359154932,5.952010747566597,Oxytetracycline,11.556472377920608,Injectable,Severe Infection,24.39
ANI_03970,Goat,35.45801427108641,20.845879811900566,Amoxicillin,13.349206432512698,Topical,Mild Infection,6.16
ANI_03971,Pig,92.32393560277059,6.411988607333256,Penicillin,21.492815251801055,Oral,Mild Infection,11.19
ANI_03972,Sheep,53.9379592295474,17.64428424938209,Amoxicillin,11.115886778637268,Injectable,Severe Infection,13.74
ANI_03973,Goat,38.74754394600358,15.364910026927767,Amoxicillin,14.606436790815472,Injectable,Healthy,13.71
ANI_03974,Pig,114.45961026195647,4.738291422999931,Penicillin,19.4752105133934,Topical,Mild Infection,7.84
ANI_03975,Pig,,4.490812861933199,Tylosin,5.447517712212186,Injectable,Mild Infection,12.67
ANI_03976,Goat,38.91783567436588,12.105864358462702,Tylosin,13.401393765128129,Injectable,Healthy,14.85
ANI_03977,Sheep,67.8568424957273,9.89207492670464,Penicillin,19.937637040032723,Oral,Severe Infection,11.84
ANI_03978,Goat,37.091998045075954,8.870666400601817,Amoxicillin,6.813677602708099,Oral,Healthy,7.65
ANI_03979,Sheep,51.43539089412822,14.593825983835082,Penicillin,18.924349308373976,Injectable,Mild Infection,12.25
ANI_03980,Goat,37.77465141156903,12.273014273220245,Tylosin,7.1750611451263495,Injectable,Severe Infection,18.53
ANI_03981,Goat,43.62538278677075,16.485948130324488,Oxytetracycline,25.721724583668998,Injectable,Mild Infection,23.0
ANI_03982,Goat,42.93467895065718,12.394719704883208,Oxytetracycline,26.86416756799127,Oral,Mild Infection,20.42
ANI_03983,Sheep,53.02655266505742,26.02348561417966,Penicillin,13.192198389423496,Injectable,Healthy,8.83
ANI_03984,Sheep,63.45309556164771,7.44109972335661,Oxytetracycline,16.775526900190606,Injectable,Healthy,18.24
ANI_03985,Sheep,67.12901363085146,7.739652463285002,Oxytetracycline,12.835690207956787,Injectable,Severe Infection,20.88
ANI_03986,Goat,31.102580812829675,7.841587733092542,Tylosin,19.093106765459275,Injectable,Mild Infection,17.81
ANI_03987,Cattle,433.20306082335526,32.76492433269929,Oxytetracycline,22.399548127598855,Injectable,Healthy,22.21
ANI_03988,Pig,70.75228536265219,8.539356482020256,Amoxicillin,6.716083497474761,Topical,Healthy,7.41
ANI_03989,Pig,109.98190815848687,4.0967313593702945,Penicillin,16.31249805589101,Injectable,Healthy,9.52
ANI_03990,Pig,101.03104434865526,8.493823856486353,Tylosin,15.154482269380281,Injectable,Healthy,16.88
ANI_03991,Goat,27.219296245069664,10.71947215155508,Tylosin,6.4827429389991895,Topical,Mild Infection,7.63
ANI_03992,Cattle,549.3588485874193,26.55181095863393,Tylosin,14.37194001938215,Injectable,Severe Infection,20.27
ANI_03993,Cattle,474.4048207413333,,Amoxicillin,7.16369517734555,Oral,Healthy,9.74
ANI_03994,Cattle,512.9961871569116,,Tylosin,10.077399722429416,Oral,Healthy,10.27
ANI_03995,Sheep,54.74575960720888,16.85070325168428,Penicillin,16.15354024431352,Oral,Mild Infection,7.99
ANI_03996,Goat,25.189130336080645,11.71656334627824,Oxytetracycline,14.794959606972988,Injectable,Severe Infection,24.62
ANI_03997,Goat,38.02355736483885,12.571963828736433,Amoxicillin,5.676263276376725,Oral,Mild Infection,9.13
ANI_03998,Sheep,58.53651329831803,4.514461201133338,Tylosin,6.044338073379007,Injectable,Severe Infection,19.57
ANI_03999,Cattle,520.149451784469,52.64646322095368,Tylosin,7.244042887112862,Injectable,Mild Infection,14.57
ANI_04000,Cattle,601.1050015652834,,Oxytetracycline,11.073066174796558,Injectable,Severe Infection,22.24
ANI_04001,Cattle,419.1102728789159,31.104818249465595,Amoxicillin,8.322482691325483,Oral,Healthy,9.7
ANI_04002,Cattle,409.88626092683836,,Tylosin,18.244511834722644,Topical,Mild Infection,13.88
ANI_04003,Pig,103.87544592564706,5.744820989200581,Penicillin,18.021725876303293,Injectable,Mild Infection,13.71
ANI_04004,Goat,34.19238479760602,8.950590513311935,Tylosin,8.948132748999388,Topical,Severe Infection,13.84
ANI_04005,Goat,48.18805953444297,12.07414956020791,Tylosin,5.635388639658386,Oral,Healthy,11.86
ANI_04006,Goat,31.959139993295878,10.901708811234183,Penicillin,24.7711699424762,Oral,Mild Infection,8.73
ANI_04007,Pig,98.63046246975019,7.2343193463008415,Amoxicillin,6.368668578837933,Oral,Mild Infection,9.85
ANI_04008,Pig,101.94577457078583,5.98940254115948,Oxytetracycline,10.240411803544998,Oral,Healthy,16.1
ANI_04009,Goat,32.54922410532261,12.453242313212908,Penicillin,19.2335437319792,Injectable,Severe Infection,14.18
ANI_04010,Pig,112.07578141463517,1,Penicillin,22.270376632551645,Injectable,Severe Infection,15.72
ANI_04011,Cattle,526.583052463183,59.4094284425524,Amoxicillin,13.760221258682826,Injectable,Healthy,9.77
ANI_04012,Sheep,59.919234635216306,9.24901974556657,Amoxicillin,9.933239915106878,Injectable,Severe Infection,14.72
ANI_04013,Sheep,57.918141596928656,4.49613801573661,Amoxicillin,8.942887014604231,Injectable,Healthy,11.69
ANI_04014,Sheep,49.42983495944642,11.993572661523192,Oxytetracycline,27.808635098741654,Oral,Healthy,16.47
ANI_04015,Cattle,386.6280835776073,23.566356967488087,Tylosin,18.428277300838964,Injectable,Healthy,15.98
ANI_04016,Pig,73.83756846055027,6.571046316639285,Tylosin,12.846784502593316,Injectable,Healthy,14.64
ANI_04017,Pig,99.25304562018279,7.78591187434788,Tylosin,9.774110381545242,Injectable,Severe Infection,20.93
ANI_04018,Cattle,595.6173435560644,50.9671302323337,Amoxicillin,7.466838653875572,Oral,Healthy,6.46
ANI_04019,Sheep,66.43453311900063,18.295102329352215,Oxytetracycline,12.844171896294537,Topical,Mild Infection,12.92
ANI_04020,Goat,41.06416590472477,12.830764495605292,Oxytetracycline,10.427058265090283,Injectable,Healthy,22.09
ANI_04021,Cattle,488.59476188519847,22.06129418041998,Oxytetracycline,15.062981661648074,Oral,Healthy,15.6
ANI_04022,Goat,38.925874612484634,16.18885752084809,Oxytetracycline,17.148270386465484,Oral,Healthy,16.18
ANI_04023,Cattle,457.8084259694451,62.443881514672945,Amoxicillin,5.212304916739728,Injectable,Healthy,10.65
ANI_04024,Pig,101.39066659792452,9.097550598609693,Oxytetracycline,12.627001694371405,Injectable,Mild Infection,19.51
ANI_04025,Sheep,42.541205887084004,14.969747557205336,Amoxicillin,6.633565117136264,Oral,Severe Infection,12.8
ANI_04026,Cattle,293.0560740785749,36.76968726084633,Tylosin,16.839631853699196,Topical,Severe Infection,13.8
ANI_04027,Cattle,546.5214081344974,21.23540145465332,Tylosin,19.905382631102462,Injectable,Healthy,17.2
ANI_04028,Pig,58.467679756028296,3.6523639213804118,Tylosin,12.96110890192806,Oral,Severe Infection,18.3
ANI_04029,Sheep,42.940597502814,10.85710541649891,Tylosin,5.7345707642828145,Injectable,Healthy,15.0
ANI_04030,Pig,,7.20524246576189,Penicillin,12.043879936422869,Injectable,Severe Infection,13.82
ANI_04031,Sheep,77.78037772645285,2.2333585552453084,Oxytetracycline,26.09550019554642,Injectable,Severe Infection,26.09
ANI_04032,Cattle,645.5328934882198,36.26814616370581,Amoxicillin,13.659809289783485,Oral,Severe Infection,12.86
ANI_04033,Goat,46.702706267875946,15.875382656667497,Penicillin,24.471188370458776,Oral,Severe Infection,13.05
ANI_04034,Pig,105.8866609027302,3.9629094111561334,Oxytetracycline,11.866562262416467,Injectable,Mild Infection,21.91
ANI_04035,Goat,38.25491735792472,14.974206372302456,Penicillin,15.588078622902948,Oral,Severe Infection,8.74
ANI_04036,Cattle,370.1185141735542,18.29343868145174,Tylosin,5.4321070667693,Injectable,Healthy,13.33
ANI_04037,Goat,45.71016733595812,5.881503272369385,Penicillin,24.86316080310939,Injectable,Healthy,14.83
ANI_04038,Sheep,66.63803578706364,9.184088029959167,Oxytetracycline,22.900353625116765,Injectable,Healthy,18.08
ANI_04039,Sheep,,8.973358834259777,Amoxicillin,7.033212906081765,Oral,Healthy,7.6
ANI_04040,Cattle,566.3910327566857,31.979180736867725,Tylosin,15.510823509652894,Topical,Healthy,8.36
ANI_04041,Goat,40.49022434470916,7.8085311709830005,Oxytetracycline,24.50955378204977,Oral,Severe Infection,20.49
ANI_04042,Sheep,80.76796585329546,8.768627592040945,Amoxicillin,9.260823130626083,Injectable,Healthy,10.89
ANI_04043,Pig,105.013771557451,1.1174228336742544,Penicillin,24.302443623414124,Oral,Severe Infection,12.9
ANI_04044,Sheep,60.122554306315415,11.601243617486558,Amoxicillin,14.541420710859049,Oral,Healthy,9.78
ANI_04045,Pig,115.73544241667115,4.572830815775585,Tylosin,10.660371268479423,Oral,Healthy,12.69
ANI_04046,Pig,78.46153762631309,2.8723962899261193,Amoxicillin,11.439233478093659,Oral,Healthy,7.47
ANI_04047,Sheep,56.35558996894474,13.446251474224749,Amoxicillin,5.885776599299551,Injectable,Healthy,10.68
ANI_04048,Sheep,58.992657370699675,2.965002168693987,Penicillin,15.094096213696005,Topical,Healthy,4.11
ANI_04049,Pig,85.3036676110716,,Tylosin,10.749432662263622,Oral,Healthy,9.03
ANI_04050,Sheep,52.96793119871801,11.021277674125447,Oxytetracycline,24.852796662918614,Injectable,Healthy,21.05
ANI_04051,Pig,105.2707186651304,3.479483908572631,Penicillin,18.539297171442012,Oral,Healthy,8.51
ANI_04052,Pig,97.25882369172595,4.1751227918354665,Penicillin,21.481838881746906,Oral,Severe Infection,12.08
ANI_04053,Pig,94.72369434008701,8.24933091158681,Amoxicillin,6.36801980703142,Injectable,Healthy,9.42
ANI_04054,Cattle,,44.76225426225361,Amoxicillin,9.05639450485526,Oral,Healthy,6.89
ANI_04055,Pig,104.44438226796903,6.773683639066936,Oxytetracycline,13.084294969771612,Oral,Severe Infection,19.48
ANI_04056,Sheep,60.754980089994035,13.730462598238224,Tylosin,7.682850272414816,Oral,Mild Infection,11.0
ANI_04057,Goat,44.36901393098059,7.817448531178731,Penicillin,17.15005744239413,Oral,Healthy,6.22
ANI_04058,Pig,119.43103421936922,6.242231720061316,Amoxicillin,5.499936175049164,Injectable,Mild Infection,12.97
ANI_04059,Cattle,315.0959814515895,39.50999128461342,Oxytetracycline,13.546209708554182,Injectable,Mild Infection,20.96
ANI_04060,Pig,94.87892419209497,5.930715621497557,Oxytetracycline,18.77524845733827,Injectable,Healthy,21.35
ANI_04061,Sheep,52.47161951012498,,Amoxicillin,13.966481634550444,Injectable,Mild Infection,14.73
ANI_04062,Cattle,323.3435492479751,42.32166649514394,Penicillin,12.74796392829308,Oral,Healthy,6.1
ANI_04063,Goat,35.44448328970402,8.029002796049298,Oxytetracycline,26.469161529084765,Topical,Mild Infection,19.44
ANI_04064,Cattle,412.73080640859905,38.11072502350376,Amoxicillin,11.865582639721405,Injectable,Mild Infection,10.29
ANI_04065,Cattle,490.69107212646117,61.91297245571174,Penicillin,21.933780351731805,Injectable,Mild Infection,14.35
ANI_04066,Pig,99.0232121774786,7.444816013476538,Oxytetracycline,13.574174654070175,Injectable,Healthy,19.5
ANI_04067,Cattle,,38.74172430110242,Oxytetracycline,23.24717163777695,Injectable,Healthy,21.54
ANI_04068,Sheep,52.02113178504109,12.187384289580182,Oxytetracycline,11.997861650751114,Injectable,Healthy,19.92
ANI_04069,Sheep,48.56266460503545,,Oxytetracycline,19.63934319240184,Injectable,Healthy,21.94
ANI_04070,Sheep,59.232409872372706,12.69754266212974,Oxytetracycline,12.145039136469421,Injectable,Healthy,19.23
ANI_04071,Cattle,408.264048491316,36.70370463810048,Penicillin,24.465047837273783,Injectable,Healthy,12.11
ANI_04072,Sheep,67.73261221420145,6.882705720472216,Tylosin,13.662674641957938,Injectable,Healthy,14.94
ANI_04073,Pig,139.04464439590654,7.770986534784134,Amoxicillin,6.377964677737424,Topical,Severe Infection,10.36
ANI_04074,Cattle,481.52191673572065,33.7210955151438,Tylosin,7.787305632786278,Injectable,Mild Infection,16.47
ANI_04075,Goat,44.20695610845171,10.751441127572969,Penicillin,22.684251503343624,Injectable,Healthy,10.8
ANI_04076,Goat,39.334227364775764,8.66183948518428,Tylosin,19.361967603974975,Injectable,Healthy,15.57
ANI_04077,Pig,89.6782139854327,6.462707273099708,Oxytetracycline,20.936111484172685,Injectable,Healthy,19.24
ANI_04078,Goat,42.37833302164324,13.625606568146473,Oxytetracycline,26.39813596807751,Oral,Healthy,17.89
ANI_04079,Sheep,52.418756642959636,17.24485091503233,Tylosin,19.97669339859276,Oral,Mild Infection,15.47
ANI_04080,Pig,68.09935566087569,8.058206104866091,Oxytetracycline,21.173569533299855,Injectable,Mild Infection,18.96
ANI_04081,Goat,35.37810292612637,15.900458084482826,Tylosin,11.657472579380977,Injectable,Healthy,16.45
ANI_04082,Pig,99.6147848785327,7.028623836503156,Tylosin,11.990870274782566,Injectable,Severe Infection,19.81
ANI_04083,Pig,,5.715179279681271,Amoxicillin,6.014573805077132,Injectable,Mild Infection,12.57
ANI_04084,Goat,32.54295027909175,,Tylosin,17.826410551292717,Injectable,Healthy,14.45
ANI_04085,Cattle,604.0360906171541,42.452479806149,Oxytetracycline,23.39394774583465,Injectable,Severe Infection,21.11
ANI_04086,Sheep,63.30852878262746,8.587543986091285,Amoxicillin,10.580965748906497,Injectable,Mild Infection,10.27
ANI_04087,Goat,49.49022616985514,3.8736907027555265,Penicillin,20.59078902933071,Oral,Healthy,8.29
ANI_04088,Sheep,54.8360251533923,14.678313722020338,Amoxicillin,14.510952942377243,Injectable,Severe Infection,15.45
ANI_04089,Sheep,73.13044386990526,10.540135672807404,Amoxicillin,7.953285201402012,Topical,Mild Infection,8.96
ANI_04090,Pig,74.81074470171286,,Penicillin,16.17697336909905,Injectable,Healthy,12.03
ANI_04091,Sheep,80.12371447206125,12.494849006464047,Tylosin,11.204986650910536,Injectable,Mild Infection,14.25
ANI_04092,Cattle,578.1511725622424,48.5069739965808,Tylosin,5.383674119347873,Injectable,Healthy,14.19
ANI_04093,Sheep,73.37083177556794,12.319660418031523,Amoxicillin,5.352349093127713,Injectable,Mild Infection,14.29
ANI_04094,Pig,75.60138200019568,1,Penicillin,23.460950080451198,Injectable,Mild Infection,12.55
ANI_04095,Cattle,369.72836932406943,14.713848795125092,Tylosin,10.275233296141458,Injectable,Severe Infection,20.76
ANI_04096,Sheep,66.40746380998654,15.757221322525158,Oxytetracycline,20.630521510500134,Injectable,Mild Infection,23.69
ANI_04097,Cattle,526.430980213019,21.97210370197557,Amoxicillin,11.457027303012183,Injectable,Healthy,10.9
ANI_04098,Pig,100.6008272904257,5.591533027870278,Penicillin,19.52980586028395,Injectable,Healthy,10.79
ANI_04099,Goat,35.058837128977075,14.752862270001803,Penicillin,17.287745963748062,Injectable,Severe Infection,11.48
ANI_04100,Goat,35.43990801140597,7.661095050833801,Tylosin,17.92024986647943,Injectable,Healthy,11.94
ANI_04101,Goat,28.568066099897848,10.50449333582697,Penicillin,15.418249283019755,Injectable,Mild Infection,11.2
ANI_04102,Sheep,57.60372119217486,17.145259476392667,Tylosin,17.155443088211747,Injectable,Severe Infection,18.0
ANI_04103,Sheep,53.619518306568196,14.336513285836787,Amoxicillin,11.982598633062064,Oral,Severe Infection,13.52
ANI_04104,Pig,99.47407598268718,4.83254868333217,Penicillin,18.504586659501875,Injectable,Mild Infection,15.4
ANI_04105,Cattle,331.9587288368362,35.98620534792146,Penicillin,21.38119932268856,Injectable,Severe Infection,16.77
ANI_04106,Sheep,54.66285239955305,12.984720935353248,Penicillin,15.780022020304111,Injectable,Healthy,9.4
ANI_04107,Sheep,68.07374143816311,17.752123547681855,Tylosin,16.993919312438052,Injectable,Healthy,13.99
ANI_04108,Goat,43.590806650732034,,Oxytetracycline,22.239182859816776,Injectable,Healthy,21.32
ANI_04109,Cattle,341.70652887941003,55.932647712414074,Tylosin,10.859992770172767,Injectable,Healthy,15.99
ANI_04110,Cattle,440.58077294611434,28.74680926610317,Tylosin,17.69287064877205,Injectable,Severe Infection,18.67
ANI_04111,Cattle,476.7858146771884,31.217337340184823,Penicillin,21.421736157201924,Injectable,Healthy,6.68
ANI_04112,Cattle,567.9583149385646,41.513535597844914,Oxytetracycline,14.267000835168,Oral,Healthy,16.45
ANI_04113,Sheep,,6.481270963495303,Amoxicillin,10.024003394912118,Oral,Healthy,6.16
ANI_04114,Cattle,516.2961670856347,53.47542346695594,Oxytetracycline,11.805055233664348,Injectable,Healthy,17.11
ANI_04115,Pig,109.46405556145524,3.415159311275577,Tylosin,15.982522563112823,Injectable,Healthy,14.91
ANI_04116,Cattle,709.7011911213614,43.51854322416176,Penicillin,20.46665643971483,Topical,Healthy,6.45
ANI_04117,Sheep,75.12694258092941,18.038206697221565,Tylosin,15.882508720645689,Injectable,Healthy,14.42
ANI_04118,Pig,108.51876221897177,4.938006300882774,Amoxicillin,6.720926739304436,Oral,Healthy,8.66
ANI_04119,Cattle,766.7057230830454,26.419132110948517,Oxytetracycline,22.035393807436222,Oral,Mild Infection,19.74
ANI_04120,Sheep,,13.447044431046871,Oxytetracycline,23.66637677761058,Injectable,Healthy,20.35
ANI_04121,Goat,37.94063537848581,,Amoxicillin,14.940186918143892,Injectable,Healthy,12.44
ANI_04122,Cattle,673.632380884989,66.31415338973838,Amoxicillin,9.512316986078034,Oral,Healthy,10.47
ANI_04123,Goat,49.08035502220024,16.455863286523662,Penicillin,18.58495920713682,Injectable,Healthy,13.04
ANI_04124,Sheep,51.89066775361179,9.035179861447329,Amoxicillin,9.539861978901568,Oral,Severe Infection,11.82
ANI_04125,Goat,45.515921573930584,10.205759913034507,Penicillin,12.664890522126804,Injectable,Mild Infection,13.45
ANI_04126,Pig,70.29409636435784,7.999777425304549,Tylosin,18.01453367341803,Injectable,Severe Infection,20.1
ANI_04127,Goat,38.99447503789905,17.27061940330814,Penicillin,13.180465905668916,Topical,Severe Infection,9.35
ANI_04128,Sheep,64.58550858785107,8.6438838563755,Penicillin,12.121719186184855,Injectable,Mild Infection,11.25
ANI_04129,Sheep,67.64992345603409,15.24814026757884,Penicillin,12.505225403309108,Injectable,Mild Infection,11.67
ANI_04130,Sheep,51.40896019809691,8.747444073025802,Oxytetracycline,15.153929124047547,Injectable,Healthy,19.14
ANI_04131,Pig,80.18473254102088,6.43686899011537,Penicillin,23.340340097925015,Injectable,Healthy,13.55
ANI_04132,Goat,53.471946700152564,8.111577175800125,Tylosin,12.747780302366797,Oral,Severe Infection,14.71
ANI_04133,Pig,137.97930669383223,5.1395293293214985,Tylosin,12.156209459622785,Injectable,Mild Infection,15.61
ANI_04134,Sheep,79.12200420608934,11.558281917056942,Amoxicillin,12.421113599114321,Oral,Severe Infection,10.61
ANI_04135,Pig,100.87406385389612,6.4193085316574106,Oxytetracycline,23.821147282468438,Injectable,Mild Infection,24.24
ANI_04136,Sheep,63.136227104842696,12.868749229121935,Oxytetracycline,25.84919985091995,Injectable,Healthy,19.33
ANI_04137,Goat,33.21119146055579,6.828013946456598,Amoxicillin,14.922766588813447,Injectable,Mild Infection,15.09
ANI_04138,Sheep,63.29892597381208,15.573987052894115,Tylosin,13.859052342859714,Oral,Severe Infection,14.0
ANI_04139,Goat,45.96981729832985,5.753512507064486,Amoxicillin,14.725468804397861,Injectable,Healthy,13.93
ANI_04140,Goat,37.23058840324633,9.4437917907583,Oxytetracycline,26.095187971810894,Injectable,Healthy,19.13
ANI_04141,Sheep,51.59439330939115,9.005357515408335,Tylosin,5.135010587956247,Oral,Mild Infection,13.05
ANI_04142,Sheep,64.22928608511285,7.735450391476625,Tylosin,17.241779549280444,Injectable,Mild Infection,13.1
ANI_04143,Goat,34.72977846078209,10.499259751418686,Tylosin,9.31467329538846,Injectable,Healthy,13.03
ANI_04144,Pig,116.12823524523517,9.278847883409234,Amoxicillin,10.167927032459902,Injectable,Healthy,10.5
ANI_04145,Goat,41.57887668127139,18.169380731471396,Amoxicillin,10.05726180604106,Topical,Healthy,7.01
ANI_04146,Pig,104.71104422576181,3.69684164440507,Oxytetracycline,11.100274299842937,Injectable,Healthy,20.09
ANI_04147,Pig,106.6837386459781,4.694549773744765,Penicillin,10.955069995986829,Injectable,Healthy,9.04
ANI_04148,Goat,46.26744949315104,8.789050527172584,Amoxicillin,5.214123956048259,Oral,Mild Infection,6.8
ANI_04149,Cattle,646.7545127679206,50.922980646417486,Penicillin,21.893390665066484,Injectable,Mild Infection,11.07
ANI_04150,Pig,136.86774328143719,4.4298985170174605,Amoxicillin,13.626819126981447,Injectable,Mild Infection,14.76
ANI_04151,Pig,130.79269335562475,3.4332160460833308,Tylosin,6.346217565325752,Injectable,Healthy,14.25
ANI_04152,Cattle,498.37737912957044,38.518430605263504,Penicillin,11.485174745223249,Injectable,Mild Infection,11.96
ANI_04153,Cattle,566.0294447679357,24.17559187094315,Penicillin,18.178448289540835,Injectable,Mild Infection,12.93
ANI_04154,Cattle,455.03158767026804,25.545487640272583,Oxytetracycline,23.982961283020337,Injectable,Healthy,20.35
ANI_04155,Goat,37.51267824506996,9.77150400928055,Oxytetracycline,15.06486577582358,Topical,Severe Infection,17.35
ANI_04156,Cattle,631.6255216255153,,Penicillin,18.779388648473912,Injectable,Healthy,10.14
ANI_04157,Cattle,440.33000241608556,48.84130611587848,Amoxicillin,7.868818977933508,Injectable,Healthy,9.82
ANI_04158,Cattle,500.70317978495495,27.5728529063083,Penicillin,17.28783415811011,Injectable,Healthy,11.14
ANI_04159,Sheep,62.09473897843027,11.245008669946511,Amoxicillin,10.270291636874834,Injectable,Healthy,10.2
ANI_04160,Sheep,74.50847335732135,8.148434561503167,Tylosin,6.8260982789049995,Topical,Healthy,9.79
ANI_04161,Goat,36.21738863325367,9.507994736427904,Penicillin,23.667635621426676,Oral,Mild Infection,11.34
ANI_04162,Sheep,54.28245747642335,10.071949605477439,Oxytetracycline,19.196904246629515,Topical,Severe Infection,18.04
ANI_04163,Cattle,,68.30153608577389,Amoxicillin,11.896539640759249,Injectable,Mild Infection,14.42
ANI_04164,Cattle,528.4816215339808,38.983895073144986,Penicillin,20.339573053618235,Injectable,Mild Infection,15.59
ANI_04165,Cattle,472.5540259608949,16.78859410654904,Tylosin,12.374340959174729,Injectable,Mild Infection,20.05
ANI_04166,Goat,35.43519089209347,6.760866937285855,Penicillin,11.202659836650344,Topical,Mild Infection,5.71
ANI_04167,Sheep,73.36582637700783,5.093174766218153,Tylosin,15.075578250260017,Injectable,Healthy,16.64
ANI_04168,Pig,107.35311093577549,,Penicillin,13.243559484012604,Oral,Healthy,8.89
ANI_04169,Sheep,67.21611926218173,11.563138460746929,Oxytetracycline,20.08217855399202,Oral,Healthy,18.2
ANI_04170,Pig,110.90352351261865,4.122777845054869,Tylosin,17.435606052067307,Injectable,Mild Infection,14.65
ANI_04171,Sheep,66.66116837635053,16.495465982767705,Tylosin,10.878457489806841,Topical,Severe Infection,13.81
ANI_04172,Cattle,,55.508993099139666,Tylosin,10.972598340280687,Injectable,Mild Infection,15.79
ANI_04173,Cattle,442.1964325025418,43.107896738462586,Oxytetracycline,17.826010032898854,Injectable,Severe Infection,22.39
ANI_04174,Sheep,51.142519381240824,8.847081051906862,Oxytetracycline,22.128298639581562,Injectable,Healthy,20.7
ANI_04175,Goat,32.3445076424234,19.759209959472397,Amoxicillin,9.111061222856865,Injectable,Healthy,13.85
ANI_04176,Sheep,,15.083609555850177,Penicillin,21.364436985771306,Injectable,Healthy,13.89
ANI_04177,Cattle,601.4047790945036,30.304338367879126,Amoxicillin,7.376015338671845,Oral,Healthy,6.04
ANI_04178,Pig,96.4930717011162,3.8604512062584475,Amoxicillin,14.435036031702234,Injectable,Healthy,13.37
ANI_04179,Pig,109.79134737096587,6.8089287257686495,Penicillin,11.52821241906454,Oral,Healthy,7.03
ANI_04180,Pig,,4.42517043420229,Tylosin,15.43584545327238,Oral,Healthy,12.63
ANI_04181,Sheep,66.69654953239555,16.02977008495738,Penicillin,19.826192204383677,Injectable,Severe Infection,15.48
ANI_04182,Goat,44.136851016075276,11.84614243798676,Tylosin,14.619866616007366,Injectable,Healthy,15.95
ANI_04183,Cattle,527.2848342712834,64.02625072507912,Tylosin,9.501661964378492,Oral,Mild Infection,14.0
ANI_04184,Cattle,525.1963604128066,38.693841107283156,Tylosin,19.27682159705226,Injectable,Healthy,16.77
ANI_04185,Cattle,462.0097087674443,22.973843727903205,Tylosin,11.994113608013356,Injectable,Mild Infection,14.91
ANI_04186,Goat,28.419146461798896,9.798050944032656,Amoxicillin,8.466403739842246,Injectable,Healthy,12.04
ANI_04187,Cattle,522.7855960512026,39.13184316384382,Oxytetracycline,15.70755909367761,Injectable,Mild Infection,20.87
ANI_04188,Sheep,60.21496905689951,14.38416862849116,Penicillin,18.598256763540473,Injectable,Healthy,9.93
ANI_04189,Cattle,660.8283158597084,43.952415255967615,Amoxicillin,8.70948077630167,Injectable,Healthy,13.17
ANI_04190,Cattle,501.80934815605025,,Amoxicillin,5.64767752993658,Injectable,Healthy,11.3
ANI_04191,Goat,61.72717962436348,19.111655721824476,Tylosin,15.605267533648258,Oral,Severe Infection,16.08
ANI_04192,Goat,39.465177139587865,6.095509580349238,Amoxicillin,10.600041612552491,Injectable,Healthy,11.05
ANI_04193,Sheep,57.709831725617796,7.790050179532199,Penicillin,15.804922147128671,Injectable,Mild Infection,13.08
ANI_04194,Goat,37.5257256534964,12.283700122811279,Penicillin,20.536678666001738,Topical,Healthy,7.07
ANI_04195,Sheep,51.41741877536772,10.010636369590252,Tylosin,6.659687721400207,Oral,Severe Infection,13.4
ANI_04196,Pig,113.2778625219227,6.382928204456139,Penicillin,15.904430263173262,Oral,Mild Infection,7.4
ANI_04197,Goat,35.195818128156176,13.590940974662681,Penicillin,17.140082195986956,Injectable,Severe Infection,16.27
ANI_04198,Pig,66.28101597861499,8.421836094630008,Oxytetracycline,17.673630446555997,Injectable,Mild Infection,19.19
ANI_04199,Goat,37.19702715495385,19.35097446120157,Penicillin,11.742074494751844,Oral,Mild Infection,7.41
ANI_04200,Goat,34.32646981989022,10.017572370667748,Amoxicillin,7.474253350927342,Oral,Healthy,10.98
ANI_04201,Sheep,,6.7639944450515195,Tylosin,19.42528992833384,Injectable,Severe Infection,18.59
ANI_04202,Sheep,80.12030027571846,12.17049761768909,Amoxicillin,13.300290022062565,Oral,Mild Infection,12.12
ANI_04203,Pig,126.47260337109859,7.029684385746899,Oxytetracycline,26.459316803548457,Injectable,Mild Infection,23.51
ANI_04204,Goat,47.88496730669278,13.701502325026036,Oxytetracycline,26.086604791011673,Injectable,Healthy,18.73
ANI_04205,Pig,118.23718289713452,7.494294249685938,Oxytetracycline,24.4569901325127,Oral,Healthy,17.08
ANI_04206,Sheep,74.9831154374968,13.057096925927636,Penicillin,17.9065152872007,Oral,Mild Infection,11.14
ANI_04207,Goat,27.87836904821119,13.845282499548755,Penicillin,23.83901865480218,Injectable,Mild Infection,14.89
ANI_04208,Pig,152.22494617620575,8.153588983931304,Oxytetracycline,22.148671179400708,Injectable,Severe Infection,22.25
ANI_04209,Sheep,61.98188594284399,4.80944077105298,Oxytetracycline,25.78684903193852,Injectable,Healthy,18.8
ANI_04210,Cattle,468.39370283625504,40.42257726901558,Amoxicillin,7.075787308543732,Oral,Healthy,6.87
ANI_04211,Goat,36.590328797927434,6.215589087925766,Oxytetracycline,29.189871936560117,Injectable,Severe Infection,27.02
ANI_04212,Sheep,46.294387657958644,11.618298369633282,Tylosin,14.392648140387006,Injectable,Mild Infection,17.91
ANI_04213,Goat,34.319806026366074,6.395307976644377,Penicillin,16.634782845435627,Injectable,Mild Infection,11.43
ANI_04214,Pig,117.9899992495432,8.476852645421525,Tylosin,11.931757647894223,Injectable,Healthy,15.84
ANI_04215,Pig,119.18863819418513,8.227054190084894,Amoxicillin,11.90245162727794,Topical,Healthy,6.97
ANI_04216,Pig,104.61412312915387,6.415331140624784,Oxytetracycline,24.603220096866234,Injectable,Healthy,20.03
ANI_04217,Pig,121.1965671336761,4.297284599290262,Tylosin,10.151236058928289,Injectable,Mild Infection,16.0
ANI_04218,Sheep,40.01713323462263,10.24018403111595,Penicillin,17.256312275138537,Oral,Healthy,6.39
ANI_04219,Sheep,66.26003551718772,11.59358806988945,Amoxicillin,7.609688479815359,Injectable,Mild Infection,14.7
ANI_04220,Cattle,656.7195314269738,34.92335773079461,Penicillin,15.799933795327622,Injectable,Healthy,8.43
ANI_04221,Cattle,634.0133372139609,47.48293885129158,Amoxicillin,14.411804199089048,Injectable,Healthy,12.23
ANI_04222,Cattle,434.7985876143423,33.754579312336,Tylosin,13.286452504571884,Injectable,Mild Infection,17.11
ANI_04223,Cattle,599.7260263020307,17.374778410429656,Oxytetracycline,29.432423993750557,Injectable,Healthy,23.5
ANI_04224,Goat,,12.341729386323186,Amoxicillin,6.684666052340354,Oral,Healthy,9.35
ANI_04225,Goat,35.37672406678527,10.604885402844488,Penicillin,18.95713523186258,Topical,Healthy,6.08
ANI_04226,Cattle,475.40502154543947,25.229793486602333,Amoxicillin,10.720161414842973,Topical,Healthy,6.8
ANI_04227,Cattle,436.2742505397408,46.3240719952877,Oxytetracycline,22.602045657648834,Injectable,Severe Infection,26.97
ANI_04228,Goat,31.55528005910104,16.015953353368893,Amoxicillin,10.490094822622833,Oral,Mild Infection,8.37
ANI_04229,Sheep,58.190175220566076,13.485227674270922,Tylosin,11.570232833744639,Injectable,Healthy,14.26
ANI_04230,Sheep,57.24101605741123,7.2224524585287995,Oxytetracycline,21.282811737737365,Injectable,Severe Infection,22.43
ANI_04231,Cattle,814.0071117493789,25.213782420066224,Oxytetracycline,25.641355902609426,Topical,Healthy,13.55
ANI_04232,Cattle,537.5201574916466,42.36387457724267,Oxytetracycline,10.24458358047118,Topical,Severe Infection,21.35
ANI_04233,Pig,85.56242930284834,5.023187133705719,Tylosin,12.215872942930535,Injectable,Mild Infection,18.74
ANI_04234,Sheep,79.27266727741875,9.029619033641545,Amoxicillin,12.519658333932103,Injectable,Healthy,13.61
ANI_04235,Cattle,513.6309025621508,41.03827869790538,Oxytetracycline,11.71447045496362,Topical,Healthy,15.07
ANI_04236,Goat,40.694788152443174,13.27043853818029,Oxytetracycline,29.831203272796415,Injectable,Severe Infection,26.38
ANI_04237,Cattle,595.6625299706782,43.926346645314936,Tylosin,18.76439067649075,Injectable,Mild Infection,16.7
ANI_04238,Goat,39.005692324136035,9.727365619985152,Tylosin,5.1509510357026,Oral,Healthy,11.72
ANI_04239,Sheep,56.073593384159686,18.34633037899777,Penicillin,12.575719259601032,Oral,Healthy,7.28
ANI_04240,Goat,35.914146543868696,6.797810685371943,Amoxicillin,6.314378644526491,Topical,Mild Infection,5.49
ANI_04241,Pig,,4.1599190075484715,Tylosin,6.458569536433725,Injectable,Mild Infection,14.56
ANI_04242,Cattle,327.56563196035154,25.596244417841447,Amoxicillin,7.567199419133298,Oral,Mild Infection,9.0
ANI_04243,Goat,50.338561080842055,8.049773611631004,Amoxicillin,11.574865819203687,Injectable,Healthy,12.7
ANI_04244,Cattle,418.8026707271689,34.4368562842932,Penicillin,10.83377648713132,Injectable,Healthy,8.74
ANI_04245,Cattle,532.5735842130716,38.2892631671104,Penicillin,21.22451684084833,Oral,Severe Infection,12.52
ANI_04246,Goat,39.99951003497957,13.557114926086951,Amoxicillin,6.707554339877106,Oral,Healthy,9.1
ANI_04247,Goat,44.72275129501702,12.946494087256383,Tylosin,11.692261737413892,Injectable,Severe Infection,18.66
ANI_04248,Cattle,572.3879686600545,24.6160053138792,Tylosin,5.126126463361283,Injectable,Severe Infection,17.07
ANI_04249,Cattle,566.6006414105933,38.50580827926513,Penicillin,17.69259877160544,Oral,Mild Infection,8.43
ANI_04250,Pig,118.46029638466035,3.861129649296865,Tylosin,10.83265998269804,Injectable,Mild Infection,16.96
ANI_04251,Goat,40.14230992284732,12.589497477119473,Tylosin,13.17889860319043,Injectable,Mild Infection,16.99
ANI_04252,Goat,40.0751248641488,19.513722794643343,Tylosin,15.316730618587078,Injectable,Mild Infection,17.6
ANI_04253,Sheep,59.57196042011438,8.91222614512419,Penicillin,23.793689145385642,Injectable,Severe Infection,14.46
ANI_04254,Sheep,59.79185910672059,4.759231378544132,Amoxicillin,13.152076278242395,Injectable,Healthy,10.76
ANI_04255,Goat,,13.594213405966281,Oxytetracycline,22.19407369523251,Oral,Healthy,16.57
ANI_04256,Goat,41.64949362947604,18.085800628677106,Amoxicillin,5.124584118684433,Oral,Healthy,10.27
ANI_04257,Goat,41.55941113015302,13.923074119326813,Tylosin,5.425857773349146,Topical,Mild Infection,10.62
ANI_04258,Cattle,461.7347651688483,43.150047528491044,Tylosin,8.692436900481004,Injectable,Mild Infection,16.9
ANI_04259,Sheep,69.50843599340236,9.86785485380815,Penicillin,12.426077945988181,Topical,Severe Infection,8.09
ANI_04260,Goat,36.05558002823732,14.67454334075036,Tylosin,17.039701390892304,Oral,Mild Infection,13.36
ANI_04261,Goat,47.939713560624085,15.839711480382583,Oxytetracycline,13.389155712980747,Oral,Mild Infection,18.82
ANI_04262,Sheep,55.299017266562785,10.646308167466886,Tylosin,9.941953339399046,Injectable,Healthy,15.98
ANI_04263,Cattle,421.0911324488113,37.49394114516763,Amoxicillin,14.715401943085151,Injectable,Healthy,12.72
ANI_04264,Goat,,12.180276859412782,Penicillin,24.89879606777191,Injectable,Healthy,8.67
ANI_04265,Sheep,42.30729917701223,12.918373477130316,Penicillin,24.026634795082607,Injectable,Mild Infection,12.65
ANI_04266,Pig,146.5011003175117,9.65112737031619,Amoxicillin,13.598334808462408,Oral,Healthy,10.05
ANI_04267,Goat,54.35086310732488,8.924842871829634,Oxytetracycline,20.43360065026873,Topical,Mild Infection,16.85
ANI_04268,Cattle,475.4346647874466,54.682785719839,Amoxicillin,14.883045675907983,Oral,Healthy,9.57
ANI_04269,Pig,93.3927259349078,6.675243565493275,Penicillin,12.971614968226504,Oral,Healthy,7.6
ANI_04270,Goat,27.71698981139448,9.920772687392942,Oxytetracycline,12.678515249715499,Injectable,Mild Infection,19.29
ANI_04271,Cattle,440.67948740806065,42.6679067022845,Penicillin,15.297198889912885,Injectable,Healthy,11.43
ANI_04272,Goat,38.46876306972787,9.537780665209063,Oxytetracycline,19.69047668173198,Injectable,Healthy,18.43
ANI_04273,Cattle,431.15817237105335,31.268144890995107,Amoxicillin,9.905431561567227,Injectable,Healthy,10.9
ANI_04274,Cattle,495.2005468400666,46.7603938710848,Amoxicillin,9.095574508726095,Oral,Mild Infection,9.77
ANI_04275,Sheep,54.19643624678626,8.057581665888788,Penicillin,11.38441702208208,Oral,Mild Infection,11.19
ANI_04276,Goat,30.217892614208992,7.414771728022229,Amoxicillin,13.93006063841903,Oral,Severe Infection,12.09
ANI_04277,Cattle,577.4421403605488,57.749667476644305,Amoxicillin,11.185471193498731,Injectable,Healthy,13.73
ANI_04278,Pig,106.16864761859203,8.576790986438896,Oxytetracycline,14.92218474272342,Oral,Severe Infection,19.51
ANI_04279,Goat,39.27194085690366,5.977224511325017,Penicillin,16.027714325562798,Topical,Healthy,3.64
ANI_04280,Goat,43.94827449049202,20.18103450028884,Oxytetracycline,20.973239915231098,Injectable,Mild Infection,23.52
ANI_04281,Cattle,563.5316571071879,26.393063437766013,Tylosin,9.195892011578776,Oral,Healthy,8.29
ANI_04282,Pig,98.44440737980868,8.611589535470479,Tylosin,18.32514826476316,Injectable,Severe Infection,17.55
ANI_04283,Sheep,73.9390252398389,11.935842154383376,Amoxicillin,5.504240783613819,Injectable,Mild Infection,12.64
ANI_04284,Sheep,69.49165062690359,13.444767810530369,Amoxicillin,9.165213928878437,Injectable,Severe Infection,14.44
ANI_04285,Sheep,42.079417252171204,12.470238777798961,Tylosin,13.406552642720186,Oral,Healthy,11.51
ANI_04286,Pig,103.82160873264502,,Oxytetracycline,13.650341796918655,Oral,Healthy,16.98
ANI_04287,Pig,139.71559098746133,8.682611749684572,Oxytetracycline,12.83605202362937,Injectable,Healthy,19.73
ANI_04288,Cattle,512.1297709222235,30.052660821272752,Oxytetracycline,18.89895204570709,Oral,Severe Infection,20.21
ANI_04289,Goat,57.44727055494779,10.795822018228577,Penicillin,16.683907818016287,Oral,Healthy,5.24
ANI_04290,Pig,94.97301440716615,6.151954417761704,Penicillin,13.8302433780146,Injectable,Mild Infection,9.31
ANI_04291,Pig,60.89429431177196,8.438063343663515,Oxytetracycline,27.973780383878605,Injectable,Healthy,21.91
ANI_04292,Cattle,550.6826911377817,30.62851841368454,Amoxicillin,8.916208974317593,Oral,Mild Infection,10.48
ANI_04293,Sheep,78.41313027717352,13.780240743731039,Tylosin,14.593471709070107,Oral,Mild Infection,12.61
ANI_04294,Goat,46.10186436905596,16.218376257151277,Amoxicillin,12.094269032949429,Injectable,Healthy,13.48
ANI_04295,Goat,38.70669252384933,13.835062084679713,Amoxicillin,11.03018234044388,Oral,Healthy,9.21
ANI_04296,Goat,41.81100162272053,16.584110857236965,Oxytetracycline,28.65433528017168,Injectable,Healthy,19.33
ANI_04297,Goat,39.884022141935816,8.21997033420784,Tylosin,17.97844393790669,Injectable,Severe Infection,19.75
ANI_04298,Goat,47.52319655156904,,Amoxicillin,13.42772759425472,Injectable,Mild Infection,14.72
ANI_04299,Pig,117.18928830503052,7.242118820614721,Penicillin,24.84618512361883,Injectable,Severe Infection,15.82
ANI_04300,Sheep,71.20189460406847,,Penicillin,11.391306889868302,Injectable,Mild Infection,10.16
ANI_04301,Goat,30.117682612873317,12.257336163264492,Amoxicillin,13.948157500609353,Injectable,Healthy,12.65
ANI_04302,Goat,44.692097751734586,17.527317452171342,Amoxicillin,7.2695962818706095,Injectable,Healthy,11.74
ANI_04303,Cattle,568.1180133352952,56.93900955329656,Amoxicillin,12.411077970188847,Injectable,Healthy,11.45
ANI_04304,Sheep,61.09347018022113,12.524648804836747,Penicillin,19.053570284195075,Injectable,Mild Infection,13.76
ANI_04305,Pig,107.19363388158725,6.279817561154927,Penicillin,15.434339164630394,Injectable,Healthy,9.08
ANI_04306,Goat,50.347414999703595,8.505858831012656,Penicillin,24.984546132981663,Injectable,Severe Infection,14.28
ANI_04307,Cattle,358.1208004711383,19.374965596785533,Tylosin,17.4157169932079,Injectable,Severe Infection,18.01
ANI_04308,Sheep,52.4514144679746,6.059777303244576,Penicillin,13.672275208930488,Oral,Healthy,5.22
ANI_04309,Pig,69.81176805646518,6.046293099938446,Penicillin,13.998490855632724,Injectable,Mild Infection,13.9
ANI_04310,Pig,,5.96371253929218,Penicillin,20.99557320465781,Oral,Severe Infection,10.95
ANI_04311,Goat,31.91660490861102,10.621076101514593,Penicillin,17.397898137945216,Oral,Severe Infection,11.67
ANI_04312,Pig,84.37302396858472,3.227607149221101,Amoxicillin,8.612631557947658,Oral,Healthy,8.01
ANI_04313,Cattle,352.60880036718413,45.36969072104305,Tylosin,14.854732938849908,Oral,Healthy,8.72
ANI_04314,Goat,49.89810068130582,13.217826646293563,Penicillin,23.155910238789957,Injectable,Severe Infection,18.05
ANI_04315,Sheep,40.52588888344786,15.55173017919365,Amoxicillin,10.401129428037342,Injectable,Healthy,13.54
ANI_04316,Sheep,73.40439135965092,13.975615615333705,Amoxicillin,9.081723887310368,Oral,Healthy,6.61
ANI_04317,Goat,40.299867443532115,23.718710745041157,Amoxicillin,7.6639715397669,Injectable,Healthy,10.47
ANI_04318,Pig,98.2112628151333,5.182760188564956,Oxytetracycline,10.678796594468405,Injectable,Mild Infection,21.03
ANI_04319,Goat,31.299581836713298,10.543583164446074,Amoxicillin,6.063574306093652,Oral,Healthy,8.31
ANI_04320,Sheep,60.838926193460914,11.534721136539549,Oxytetracycline,12.358087340215862,Topical,Healthy,14.09
ANI_04321,Pig,76.03660077972512,8.464907815955637,Amoxicillin,10.725581722485213,Injectable,Healthy,13.09
ANI_04322,Cattle,430.3649548892324,42.2085105501541,Oxytetracycline,13.844741339857913,Injectable,Healthy,20.96
ANI_04323,Goat,26.2596984999929,13.46787809329308,Tylosin,15.410934379655055,Injectable,Mild Infection,19.46
ANI_04324,Pig,68.77135480703235,6.215229929771518,Tylosin,14.680848315042008,Injectable,Healthy,14.18
ANI_04325,Goat,36.12599823649391,,Amoxicillin,10.483141213256584,Injectable,Healthy,12.43
ANI_04326,Sheep,64.88695145747478,15.484726114361962,Tylosin,6.010030983275108,Injectable,Severe Infection,19.45
ANI_04327,Goat,44.79555619861517,13.980022983016603,Amoxicillin,10.449822808497904,Oral,Severe Infection,14.18
ANI_04328,Pig,76.36278645062286,5.206248574332897,Penicillin,23.626665291361142,Oral,Severe Infection,12.37
ANI_04329,Sheep,69.03740936957406,9.92281989894028,Penicillin,14.980871894071662,Oral,Severe Infection,13.2
ANI_04330,Sheep,71.4367184198047,17.647848023798645,Amoxicillin,7.637386972377068,Oral,Severe Infection,8.3
ANI_04331,Sheep,51.42455160897317,,Amoxicillin,14.177178605198655,Injectable,Healthy,13.17
ANI_04332,Cattle,477.922339639887,29.966438491933356,Amoxicillin,9.243810789782035,Oral,Mild Infection,7.08
ANI_04333,Sheep,71.38694107820336,5.99561131985186,Penicillin,15.798372530644468,Injectable,Healthy,9.35
ANI_04334,Cattle,276.92323468526024,28.78835223088192,Tylosin,10.645623104737876,Injectable,Mild Infection,15.3
ANI_04335,Goat,39.12002312925863,10.005342066550808,Tylosin,12.831192182279594,Oral,Severe Infection,14.25
ANI_04336,Goat,40.37958824508964,8.466153219669717,Penicillin,15.440045266194094,Injectable,Severe Infection,12.71
ANI_04337,Pig,88.02196128711165,8.16093232014247,Tylosin,10.663215321298214,Oral,Mild Infection,13.68
ANI_04338,Cattle,,49.46999756231318,Penicillin,21.767811403297024,Oral,Mild Infection,8.59
ANI_04339,Goat,35.74702324328929,16.140931018818183,Tylosin,17.02343326362936,Injectable,Mild Infection,16.2
ANI_04340,Cattle,567.3421407091913,46.16557384227772,Tylosin,5.531885352886449,Injectable,Healthy,14.06
ANI_04341,Cattle,558.3415984603683,41.4881233706215,Oxytetracycline,13.520504144024073,Injectable,Severe Infection,21.45
ANI_04342,Pig,84.01857886332223,6.7342340888447385,Penicillin,23.1306996687863,Injectable,Healthy,12.48
ANI_04343,Cattle,422.779133703241,33.26361940451518,Penicillin,18.4973133674023,Injectable,Healthy,10.03
ANI_04344,Goat,38.97927455496909,14.026958770830221,Oxytetracycline,28.28128289064913,Oral,Severe Infection,22.22
ANI_04345,Sheep,65.32048383643397,18.913103330514218,Oxytetracycline,28.750882909721614,Injectable,Healthy,19.98
ANI_04346,Sheep,55.61932633869536,13.817633681415115,Oxytetracycline,12.19050289803346,Oral,Healthy,18.03
ANI_04347,Cattle,,,Oxytetracycline,22.933010097737945,Topical,Mild Infection,15.26
ANI_04348,Pig,93.73477124511923,8.989958027108232,Penicillin,23.278938610812283,Injectable,Severe Infection,12.56
ANI_04349,Goat,32.37537769360375,10.075191017771191,Tylosin,12.5436431285341,Oral,Mild Infection,11.4
ANI_04350,Cattle,,42.92025626137871,Penicillin,15.846473127938928,Injectable,Severe Infection,15.2
ANI_04351,Goat,29.99414169279168,13.483511613822683,Oxytetracycline,26.368296654069788,Injectable,Mild Infection,24.43
ANI_04352,Cattle,520.1666247486776,44.07294233144243,Amoxicillin,7.966412919253964,Injectable,Mild Infection,12.66
ANI_04353,Cattle,386.3842990753303,48.716183205654204,Oxytetracycline,21.356915109949554,Oral,Healthy,15.26
ANI_04354,Pig,136.5144909433703,9.89357765198269,Oxytetracycline,18.14519516389038,Injectable,Healthy,18.17
ANI_04355,Goat,34.61257094501531,4.04562757089465,Amoxicillin,7.165956821289225,Topical,Healthy,5.42
ANI_04356,Goat,36.153947946183735,17.58170202480026,Amoxicillin,6.680207492560971,Oral,Mild Infection,7.72
ANI_04357,Pig,151.3112444040871,5.502521269104493,Penicillin,18.394495364300973,Injectable,Healthy,10.49
ANI_04358,Sheep,51.02047948133396,8.181615297202926,Amoxicillin,7.002594523103034,Oral,Mild Infection,9.82
ANI_04359,Sheep,49.38076833363155,11.553866706478585,Oxytetracycline,18.78697754022761,Injectable,Mild Infection,22.06
ANI_04360,Cattle,433.2801201505888,28.309032619269672,Tylosin,13.81652964452252,Injectable,Mild Infection,16.71
ANI_04361,Sheep,59.47674052251304,15.106194187714664,Tylosin,19.94831092090083,Injectable,Healthy,16.72
ANI_04362,Goat,33.60398673235444,9.302025176007785,Penicillin,23.99642683407882,Oral,Healthy,7.99
ANI_04363,Cattle,461.5631325371707,27.529904285499658,Penicillin,18.957615389920733,Topical,Healthy,5.31
ANI_04364,Cattle,607.0582669675764,25.158826866487814,Oxytetracycline,10.53939756601055,Injectable,Mild Infection,21.49
ANI_04365,Cattle,408.0465815512204,45.65364699574952,Oxytetracycline,11.478511531161693,Injectable,Severe Infection,23.12
ANI_04366,Sheep,73.66900690017293,13.437573681871175,Tylosin,11.80648458842611,Oral,Healthy,11.12
ANI_04367,Cattle,553.208239266564,27.38810213324852,Tylosin,13.623336841909952,Injectable,Healthy,14.73
ANI_04368,Goat,19.497857105110416,,Tylosin,12.508433202768572,Injectable,Healthy,12.58
ANI_04369,Pig,104.14041018781658,4.765062654005077,Penicillin,12.616579098046534,Injectable,Healthy,11.69
ANI_04370,Goat,37.0845851871115,7.703924860063745,Tylosin,10.594384129367281,Injectable,Healthy,12.1
ANI_04371,Cattle,499.16857875320017,31.345489940044963,Oxytetracycline,18.96582488409728,Oral,Healthy,14.46
ANI_04372,Cattle,505.9484939997163,,Penicillin,19.508087894597146,Injectable,Healthy,10.88
ANI_04373,Cattle,558.2555960138093,22.11206077120613,Tylosin,13.74512740596952,Injectable,Healthy,14.7
ANI_04374,Goat,38.96312043773052,15.223135320899472,Oxytetracycline,12.3736100105737,Injectable,Severe Infection,20.96
ANI_04375,Pig,120.62312360323875,4.7642524471557675,Amoxicillin,11.777524602732825,Oral,Severe Infection,14.04
ANI_04376,Goat,37.27117177666636,16.711985979837923,Penicillin,14.420566225579385,Oral,Healthy,6.92
ANI_04377,Cattle,386.394061122935,30.216660963605797,Tylosin,15.133004645727064,Oral,Severe Infection,16.06
ANI_04378,Goat,33.795732445796794,17.872425072264793,Penicillin,17.307167119377265,Injectable,Healthy,12.24
ANI_04379,Sheep,81.53021388967866,9.892928777263673,Tylosin,5.018751912777494,Injectable,Healthy,15.28
ANI_04380,Cattle,600.7955901802009,45.12725409190844,Tylosin,6.311028288394285,Injectable,Severe Infection,17.59
ANI_04381,Goat,31.16315515987123,13.676015095465793,Penicillin,22.996782575893782,Injectable,Healthy,12.8
ANI_04382,Sheep,61.148972134821584,18.777415574182406,Penicillin,13.407276225050344,Oral,Healthy,7.06
ANI_04383,Pig,98.10159521138289,2.835934844863689,Amoxicillin,9.595584057771596,Oral,Mild Infection,12.58
ANI_04384,Sheep,74.45067328873769,9.06101649018434,Oxytetracycline,16.73671689786466,Oral,Healthy,16.07
ANI_04385,Sheep,44.44683000207017,9.857840916257986,Penicillin,11.770301131784077,Oral,Severe Infection,11.87
ANI_04386,Cattle,358.05242813971967,22.479492499818317,Penicillin,10.185567743003979,Injectable,Healthy,9.9
ANI_04387,Goat,41.93399740437729,11.258075017073825,Oxytetracycline,15.769768207659,Injectable,Mild Infection,19.2
ANI_04388,Goat,34.67806273800286,13.694464848290018,Oxytetracycline,27.50536407731233,Injectable,Healthy,22.34
ANI_04389,Sheep,50.50075356203746,,Oxytetracycline,18.009070264697762,Injectable,Healthy,21.81
ANI_04390,Pig,90.16553071485501,3.692358226712804,Penicillin,22.783966402808787,Injectable,Mild Infection,13.28
ANI_04391,Sheep,66.12484210297815,4.439842945579919,Penicillin,15.829715847372977,Injectable,Healthy,11.01
ANI_04392,Goat,37.98687588252176,5.935605672799454,Amoxicillin,12.523296193872541,Oral,Healthy,8.32
ANI_04393,Cattle,204.497405122307,68.49532970140243,Oxytetracycline,26.248483487675852,Injectable,Healthy,21.51
ANI_04394,Goat,32.76919803165072,17.15737496371183,Penicillin,22.61272494383778,Oral,Healthy,11.55
ANI_04395,Sheep,,10.941614537131297,Amoxicillin,11.30283655822188,Oral,Severe Infection,11.21
ANI_04396,Goat,41.19061383225307,16.16883522613887,Tylosin,6.213146596902176,Oral,Mild Infection,12.87
ANI_04397,Goat,47.49440386416717,8.429174738458276,Tylosin,18.416055839066033,Oral,Mild Infection,15.78
ANI_04398,Sheep,66.55533976491502,6.572843886494889,Tylosin,12.862427231933182,Injectable,Severe Infection,19.81
ANI_04399,Pig,99.04420734426634,5.7770779848364375,Oxytetracycline,23.479436234522296,Injectable,Mild Infection,21.4
ANI_04400,Pig,89.54254373252112,4.758782315735965,Tylosin,13.614957474310387,Oral,Healthy,10.35
ANI_04401,Sheep,50.31330498316734,11.770993729015254,Amoxicillin,6.064970870450286,Injectable,Healthy,13.0
ANI_04402,Goat,37.1533669807719,15.41052890682861,Amoxicillin,10.7997671231447,Injectable,Healthy,9.13
ANI_04403,Sheep,61.364299708993656,12.708655043449586,Tylosin,9.993218915856616,Oral,Severe Infection,16.03
ANI_04404,Sheep,45.86168708289651,12.317437870601145,Penicillin,16.848880933243272,Injectable,Severe Infection,15.32
ANI_04405,Pig,109.5413468741879,7.421393667977605,Tylosin,11.24205047306489,Injectable,Healthy,14.23
ANI_04406,Cattle,579.9903591501152,41.45148063972124,Amoxicillin,6.834148537934171,Oral,Healthy,7.67
ANI_04407,Goat,27.551616249202947,16.528052093687016,Penicillin,22.064093282065507,Injectable,Healthy,8.7
ANI_04408,Cattle,640.0914776169296,21.078590376906263,Oxytetracycline,12.919174910356885,Injectable,Mild Infection,18.96
ANI_04409,Goat,43.14900087348636,14.337443326482356,Oxytetracycline,22.92950202191145,Injectable,Mild Infection,23.1
ANI_04410,Sheep,68.63459476305258,12.879684459583649,Oxytetracycline,21.621094378712602,Injectable,Healthy,20.37
ANI_04411,Pig,107.38069418062973,7.992332708797289,Penicillin,24.010914990425945,Injectable,Mild Infection,10.91
ANI_04412,Pig,110.13911070806986,6.33858844953785,Penicillin,21.54705209473037,Injectable,Severe Infection,14.19
ANI_04413,Cattle,414.9677635181882,28.352021777408602,Amoxicillin,6.986941736113453,Injectable,Healthy,11.49
ANI_04414,Sheep,50.236482489417384,11.537828650899097,Oxytetracycline,27.555663199100493,Oral,Mild Infection,20.35
ANI_04415,Pig,,6.815315204207634,Amoxicillin,7.937758070011121,Injectable,Healthy,14.22
ANI_04416,Sheep,60.04098437450524,16.451346974197826,Tylosin,11.566851810951118,Injectable,Mild Infection,14.54
ANI_04417,Cattle,631.3370251177994,32.58512105665225,Penicillin,24.305487955178577,Injectable,Healthy,11.21
ANI_04418,Sheep,39.692170018751085,10.88354187548024,Penicillin,18.255428281601695,Oral,Healthy,6.49
ANI_04419,Goat,41.90982662684861,14.184230950255296,Penicillin,22.62294712774644,Injectable,Healthy,12.44
ANI_04420,Pig,72.2024853439127,6.215607915057239,Penicillin,21.831103289691647,Oral,Severe Infection,13.97
ANI_04421,Cattle,560.1275181129755,31.59454807815638,Oxytetracycline,11.967090113802909,Injectable,Mild Infection,21.14
ANI_04422,Goat,33.42718661887616,9.939185482569432,Amoxicillin,13.41138182705485,Injectable,Mild Infection,14.63
ANI_04423,Pig,,5.192106012961723,Oxytetracycline,15.267898622367051,Injectable,Mild Infection,20.29
ANI_04424,Sheep,49.39160691048279,12.220929994052174,Oxytetracycline,10.020542772215702,Oral,Mild Infection,15.95
ANI_04425,Goat,29.291819823591865,6.111561174690776,Penicillin,16.467005173759837,Injectable,Healthy,8.68
ANI_04426,Pig,100.34475070006141,4.646171279697059,Oxytetracycline,10.706332171897673,Injectable,Healthy,16.72
ANI_04427,Pig,109.12155394944286,6.798237364129379,Amoxicillin,6.9341859914355,Injectable,Healthy,11.52
ANI_04428,Pig,,9.129770760365293,Tylosin,17.428389483115318,Topical,Healthy,9.75
ANI_04429,Cattle,497.94339410397606,26.36594119532799,Penicillin,12.37230014806219,Oral,Healthy,8.19
ANI_04430,Sheep,68.76371189834023,11.09614616920286,Tylosin,15.410169191240756,Injectable,Healthy,12.78
ANI_04431,Pig,108.00764466814239,3.8198186078366487,Amoxicillin,9.392517282053978,Injectable,Mild Infection,13.81
ANI_04432,Pig,119.31663293716261,6.034003165974029,Oxytetracycline,28.811225749452724,Injectable,Mild Infection,20.52
ANI_04433,Sheep,62.25137542575416,7.803291128707301,Oxytetracycline,19.876500813074763,Injectable,Healthy,20.96
ANI_04434,Goat,38.320359386143544,3.772015442598617,Oxytetracycline,16.74127472023816,Injectable,Mild Infection,24.79
ANI_04435,Pig,,6.394163233964296,Penicillin,21.71932212194868,Injectable,Mild Infection,15.97
ANI_04436,Goat,41.3634598150773,9.607741770938448,Tylosin,14.905034764360495,Oral,Healthy,13.39
ANI_04437,Pig,70.88363429698816,8.07103760692197,Penicillin,21.04564101571447,Injectable,Healthy,8.56
ANI_04438,Goat,,8.351160392783127,Penicillin,23.16776816089126,Topical,Healthy,7.56
ANI_04439,Pig,100.17969449239558,5.481246986785917,Penicillin,17.871819042266445,Topical,Healthy,5.21
ANI_04440,Pig,90.95730821810028,9.872434568411874,Tylosin,5.5618440110020275,Injectable,Healthy,14.3
ANI_04441,Pig,117.67847002458285,5.998642806659318,Amoxicillin,6.265898160055354,Injectable,Healthy,11.68
ANI_04442,Goat,32.23719926886147,15.678429526516602,Penicillin,11.382514936128363,Oral,Severe Infection,10.72
ANI_04443,Pig,122.87257472871275,5.226603823409241,Penicillin,17.344991510680853,Injectable,Healthy,10.03
ANI_04444,Goat,44.84868146304265,8.93185745735826,Tylosin,19.91941877758598,Injectable,Mild Infection,16.81
ANI_04445,Pig,103.74797229987514,6.9267606087795635,Oxytetracycline,20.373595573826165,Oral,Severe Infection,21.32
ANI_04446,Pig,119.83653428676242,6.377866820628534,Oxytetracycline,27.505551255917815,Injectable,Healthy,21.9
ANI_04447,Pig,92.2399235474377,3.425814338401481,Amoxicillin,13.060918571559322,Injectable,Mild Infection,15.19
ANI_04448,Pig,107.95233668106385,1.5322932726448064,Tylosin,13.347137866562106,Oral,Healthy,14.29
ANI_04449,Goat,54.076378174636496,20.412350914672913,Penicillin,17.662451681968818,Injectable,Mild Infection,10.08
ANI_04450,Sheep,46.98815867471435,9.082275586400709,Oxytetracycline,22.77011051790536,Injectable,Healthy,19.35
ANI_04451,Sheep,54.12689802151812,11.420640468198659,Penicillin,11.60113026841654,Injectable,Severe Infection,12.39
ANI_04452,Pig,85.59440031758206,7.210746788573806,Penicillin,21.548624487698092,Topical,Severe Infection,12.59
ANI_04453,Sheep,62.93244046978969,7.298437747123611,Penicillin,15.002028096772118,Oral,Healthy,7.57
ANI_04454,Cattle,577.7039266368306,56.791067322717076,Penicillin,15.739579905000486,Injectable,Healthy,9.49
ANI_04455,Sheep,65.42396384639893,9.888779742343058,Amoxicillin,6.623194953220275,Oral,Mild Infection,8.1
ANI_04456,Goat,39.202197218513874,16.103157719336863,Tylosin,9.410436839110597,Injectable,Mild Infection,18.2
ANI_04457,Pig,139.47891802844705,6.606942913411682,Oxytetracycline,12.504518658664672,Injectable,Healthy,20.58
ANI_04458,Cattle,444.9506883687882,50.38171843319276,Penicillin,22.989659755644166,Injectable,Mild Infection,14.3
ANI_04459,Pig,91.74782851304167,7.434220189733821,Tylosin,15.126030150304814,Oral,Mild Infection,12.97
ANI_04460,Pig,133.7818626215478,5.086169133261678,Tylosin,11.508837336985248,Oral,Mild Infection,11.15
ANI_04461,Pig,94.6004986848204,2.1475360965550063,Amoxicillin,12.36732945856993,Oral,Healthy,8.76
ANI_04462,Cattle,669.3957226440335,28.777131679834184,Tylosin,11.973818335927882,Injectable,Healthy,15.59
ANI_04463,Sheep,68.38958871154364,15.190519582156316,Amoxicillin,13.626048765462901,Topical,Severe Infection,10.93
ANI_04464,Pig,112.19111937991606,6.906154453504788,Penicillin,16.843161314239083,Injectable,Mild Infection,12.53
ANI_04465,Pig,114.53323004238203,4.124406751289144,Oxytetracycline,13.593145912052847,Topical,Healthy,11.66
ANI_04466,Cattle,423.30383932179586,19.33690523068475,Penicillin,21.518002040076347,Injectable,Healthy,10.97
ANI_04467,Sheep,46.628680493205174,2.367604873406089,Tylosin,12.945003744942728,Injectable,Healthy,14.27
ANI_04468,Pig,102.1381385858251,8.224702154846437,Penicillin,24.13793867897696,Injectable,Mild Infection,12.58
ANI_04469,Cattle,378.16428446184983,33.05996393810299,Oxytetracycline,25.254636668377678,Injectable,Mild Infection,21.55
ANI_04470,Pig,92.29342448693548,4.4019405519222365,Penicillin,17.14027056826161,Oral,Mild Infection,9.56
ANI_04471,Sheep,63.09663059965582,11.434567291536194,Tylosin,19.752442747764945,Topical,Healthy,7.88
ANI_04472,Sheep,72.60839816534656,7.082156861108294,Tylosin,15.390727140414473,Injectable,Healthy,15.25
ANI_04473,Cattle,,15.451837920794524,Oxytetracycline,11.22677197758504,Oral,Healthy,15.37
ANI_04474,Goat,33.39756947342268,10.955903145066229,Tylosin,10.663190819136908,Topical,Healthy,9.16
ANI_04475,Sheep,43.30625057745665,14.605964597283963,Oxytetracycline,25.578967651046085,Injectable,Mild Infection,22.26
ANI_04476,Goat,52.323431613499686,14.467710042747303,Penicillin,16.075322437414453,Topical,Mild Infection,4.79
ANI_04477,Pig,,8.897690062362319,Tylosin,6.199290368663385,Injectable,Healthy,13.66
ANI_04478,Sheep,55.98433036414407,14.475961317015301,Penicillin,21.597261128333955,Injectable,Mild Infection,11.35
ANI_04479,Goat,51.76141378387612,18.857307338708374,Penicillin,10.778840234813007,Oral,Severe Infection,10.4
ANI_04480,Cattle,666.2366669610485,28.179439525286252,Oxytetracycline,13.210062558648286,Oral,Mild Infection,16.84
ANI_04481,Goat,46.83408907218893,10.450452501000981,Oxytetracycline,19.553870013885835,Injectable,Healthy,19.05
ANI_04482,Sheep,56.00061272895733,13.197475844120717,Amoxicillin,7.303127537634239,Oral,Healthy,6.65
ANI_04483,Cattle,709.5050607066306,43.0458452019932,Amoxicillin,7.754063800597461,Injectable,Mild Infection,13.97
ANI_04484,Pig,,6.954288676782738,Tylosin,18.77892696651361,Injectable,Mild Infection,19.45
ANI_04485,Pig,75.74679503888834,9.016739399818896,Penicillin,13.050109805750992,Oral,Severe Infection,11.36
ANI_04486,Sheep,64.35797276370192,14.041931039310755,Penicillin,19.599838375536123,Injectable,Mild Infection,13.63
ANI_04487,Cattle,698.6710415502641,71.53991938312075,Amoxicillin,10.691730278073464,Oral,Mild Infection,10.91
ANI_04488,Sheep,67.25708366997416,10.342952581158505,Amoxicillin,9.44020680256224,Injectable,Mild Infection,13.74
ANI_04489,Sheep,53.28103754758496,9.090997777070793,Oxytetracycline,16.532253605235887,Topical,Healthy,15.47
ANI_04490,Pig,67.97527356766071,6.690909022375118,Penicillin,13.284431874818523,Oral,Healthy,8.42
ANI_04491,Cattle,389.55573978811697,38.857199116829634,Amoxicillin,13.032892973145042,Oral,Mild Infection,12.02
ANI_04492,Cattle,426.24390258421874,31.552904232786798,Tylosin,7.3674353367371,Injectable,Healthy,13.31
ANI_04493,Sheep,71.09442728909762,14.000334834348758,Oxytetracycline,28.271054230996068,Injectable,Mild Infection,23.44
ANI_04494,Cattle,356.7714408066887,55.45690020396737,Amoxicillin,9.256774809905714,Injectable,Mild Infection,12.76
ANI_04495,Pig,87.94966793776408,4.319421275864694,Tylosin,19.9292091059814,Oral,Healthy,13.07
ANI_04496,Sheep,33.21857614146854,13.90650681497379,Tylosin,16.952185423794617,Oral,Severe Infection,16.52
ANI_04497,Goat,47.95509521023607,18.040517303517564,Oxytetracycline,25.156612748676217,Injectable,Severe Infection,22.98
ANI_04498,Sheep,62.13045622074386,18.221500349155612,Tylosin,7.463510067744085,Injectable,Healthy,13.55
ANI_04499,Goat,43.7395554396601,10.02574078223486,Tylosin,14.871942072308185,Oral,Mild Infection,12.05
ANI_04500,Goat,27.95812625316362,15.990830279806147,Oxytetracycline,10.31661232906188,Oral,Mild Infection,17.27
ANI_04501,Sheep,72.12779320204545,17.73078213448821,Oxytetracycline,14.216038058579713,Injectable,Healthy,19.01
ANI_04502,Cattle,,27.661963005376247,Oxytetracycline,11.788117623984153,Oral,Mild Infection,14.51
ANI_04503,Cattle,512.9480778910344,67.60830279866033,Oxytetracycline,15.148548553493917,Oral,Mild Infection,18.18
ANI_04504,Cattle,349.24699738085536,49.4800054333298,Oxytetracycline,29.088981733136574,Injectable,Mild Infection,23.27
ANI_04505,Cattle,457.9640374537258,37.21892361290147,Penicillin,21.08859934698326,Oral,Healthy,7.51
ANI_04506,Goat,41.763165657007725,8.100802202426415,Tylosin,16.62467015204481,Injectable,Severe Infection,19.02
ANI_04507,Pig,89.47854653399352,6.403512538520984,Amoxicillin,10.884243496951905,Topical,Healthy,4.8
ANI_04508,Sheep,51.38892121928985,17.4642143957523,Oxytetracycline,29.718277716539458,Injectable,Mild Infection,20.56
ANI_04509,Goat,42.44674961023541,14.44118711335116,Oxytetracycline,25.804016480771196,Injectable,Healthy,21.75
ANI_04510,Cattle,381.63212154797696,30.950328011492587,Amoxicillin,14.934722762576287,Injectable,Healthy,12.43
ANI_04511,Sheep,54.7694376107851,14.857512429148343,Oxytetracycline,19.438700275826562,Injectable,Healthy,18.05
ANI_04512,Pig,108.7709299765427,5.733961892136769,Amoxicillin,14.470814499038458,Oral,Severe Infection,11.53
ANI_04513,Sheep,58.88008085365217,15.155588241857092,Tylosin,17.561264132614532,Injectable,Mild Infection,15.66
ANI_04514,Goat,39.91710206367199,13.180334048987865,Amoxicillin,12.38856934882911,Injectable,Healthy,13.02
ANI_04515,Sheep,60.27898314691622,15.202725422648543,Tylosin,12.21649821811909,Injectable,Healthy,14.4
ANI_04516,Cattle,481.04322633485,64.72823777973942,Tylosin,16.641323711720514,Injectable,Healthy,15.47
ANI_04517,Sheep,,9.732276768649278,Oxytetracycline,26.006371371985008,Topical,Severe Infection,21.09
ANI_04518,Cattle,484.242739877696,34.8965344039501,Penicillin,15.933849113091993,Oral,Healthy,5.42
ANI_04519,Goat,33.23519578459218,9.831620665138102,Penicillin,16.300694126964004,Topical,Mild Infection,10.25
ANI_04520,Goat,31.574619244097953,20.16378824046196,Tylosin,8.10247371597718,Oral,Healthy,12.71
ANI_04521,Sheep,68.93129141278385,11.980318660027056,Penicillin,20.408913722314367,Oral,Mild Infection,7.52
ANI_04522,Goat,35.08732547901975,15.482060637227871,Oxytetracycline,13.411387137705288,Injectable,Severe Infection,22.71
ANI_04523,Goat,46.08286842606859,12.681932676784967,Oxytetracycline,28.993667459085014,Topical,Healthy,16.53
ANI_04524,Cattle,511.8545891591736,36.26853760877181,Amoxicillin,7.6069735907690115,Injectable,Mild Infection,13.26
ANI_04525,Pig,112.84182723979683,9.219375153368638,Tylosin,14.185248637220782,Oral,Healthy,10.86
ANI_04526,Pig,90.50473516370246,4.032938598957101,Penicillin,17.3482500774823,Injectable,Healthy,8.63
ANI_04527,Cattle,834.547469159803,44.68202602852521,Oxytetracycline,14.086493228740553,Oral,Severe Infection,19.24
ANI_04528,Sheep,76.39945948753918,13.760427764472983,Penicillin,13.87924734338399,Injectable,Healthy,9.39
ANI_04529,Sheep,,5.777468584678714,Penicillin,21.29238204858509,Topical,Mild Infection,8.66
ANI_04530,Pig,,5.151574080928956,Amoxicillin,9.83706828899944,Injectable,Severe Infection,15.78
ANI_04531,Goat,32.1460637338656,,Oxytetracycline,22.78345126875325,Topical,Healthy,16.06
ANI_04532,Goat,33.79505352908853,15.893497797546335,Amoxicillin,11.62806656559933,Injectable,Healthy,14.38
ANI_04533,Sheep,59.71199180300118,15.361399793407294,Amoxicillin,12.906586612115987,Oral,Mild Infection,8.34
ANI_04534,Cattle,300.13784747460613,47.16058290354172,Amoxicillin,10.914935271699754,Injectable,Mild Infection,14.4
ANI_04535,Pig,123.97412847570897,4.9559187032263745,Penicillin,10.474984194439545,Injectable,Severe Infection,12.53
ANI_04536,Goat,30.38901005188168,9.823822241614149,Penicillin,12.640712199037285,Injectable,Healthy,8.79
ANI_04537,Pig,108.66721381818999,5.8238704243176365,Oxytetracycline,18.934036758884005,Oral,Healthy,16.54
ANI_04538,Cattle,543.0442703809069,17.896410269806164,Penicillin,21.90376375625678,Injectable,Mild Infection,13.54
ANI_04539,Goat,34.8467382542328,15.077702556665376,Amoxicillin,5.37871009361926,Injectable,Mild Infection,13.1
ANI_04540,Pig,96.64690129765,3.822901690057201,Tylosin,11.915513587357271,Oral,Mild Infection,13.4
ANI_04541,Sheep,75.34091621933968,6.529446702840601,Penicillin,12.907673959773383,Injectable,Healthy,10.89
ANI_04542,Pig,91.47320364669365,9.446927764221545,Oxytetracycline,17.744096357442356,Oral,Mild Infection,17.7
ANI_04543,Goat,27.59148767985318,8.657115375882048,Amoxicillin,10.99160667067925,Injectable,Healthy,13.73
ANI_04544,Cattle,406.413279825354,49.32674730397521,Amoxicillin,14.506265474127007,Topical,Healthy,8.99
ANI_04545,Cattle,501.40102079698823,,Penicillin,22.565694429399656,Injectable,Healthy,10.22
ANI_04546,Sheep,55.0923017599696,10.462192968815135,Oxytetracycline,14.93975631863734,Injectable,Severe Infection,24.36
ANI_04547,Goat,40.14103745391309,15.428114947276915,Tylosin,5.044504393994508,Injectable,Mild Infection,15.19
ANI_04548,Cattle,479.0868895268356,42.27448823825637,Amoxicillin,7.637780315573015,Oral,Healthy,6.04
ANI_04549,Pig,137.70447853596335,5.834054188696773,Amoxicillin,12.811152576042886,Oral,Healthy,10.65
ANI_04550,Sheep,,9.48550873374818,Tylosin,9.429880251017835,Injectable,Healthy,14.67
ANI_04551,Pig,95.61407346959112,9.600266080805573,Penicillin,23.561949757374833,Injectable,Healthy,12.27
ANI_04552,Cattle,267.85817413838504,21.67019030032559,Penicillin,18.153054436633326,Injectable,Severe Infection,13.52
ANI_04553,Cattle,626.6298263673455,29.90345695425153,Oxytetracycline,23.239280372282366,Injectable,Healthy,23.67
ANI_04554,Cattle,352.5951608257071,23.897834984349036,Penicillin,12.813134350075067,Oral,Healthy,4.94
ANI_04555,Sheep,39.76734357011493,14.347053528387923,Tylosin,14.125166684441972,Injectable,Severe Infection,17.94
ANI_04556,Pig,125.9928074861894,4.197494599662562,Amoxicillin,9.226006179469248,Injectable,Mild Infection,9.96
ANI_04557,Sheep,60.31062341766096,11.503829897970494,Penicillin,23.193662110514907,Injectable,Healthy,10.92
ANI_04558,Cattle,451.4546378614307,16.988799770321528,Tylosin,8.956412684883242,Injectable,Healthy,13.25
ANI_04559,Pig,104.57126832228084,5.440864641231452,Penicillin,20.722721117901102,Injectable,Healthy,10.62
ANI_04560,Pig,91.35040853507242,3.2641177735898226,Oxytetracycline,27.176169090254664,Injectable,Severe Infection,25.35
ANI_04561,Sheep,53.66666129659318,14.079132585996557,Tylosin,10.726786703914069,Injectable,Healthy,12.78
ANI_04562,Pig,84.61670005942554,8.169554043964201,Tylosin,11.973215005571873,Oral,Severe Infection,15.0
ANI_04563,Cattle,563.6524463217011,37.789047520662,Amoxicillin,10.591514849392553,Oral,Mild Infection,10.11
ANI_04564,Cattle,316.40016360249575,59.336005461030005,Tylosin,17.353635369694263,Injectable,Mild Infection,15.49
ANI_04565,Goat,42.64908349341737,19.151482860014628,Penicillin,15.750752660910326,Injectable,Mild Infection,9.73
ANI_04566,Pig,60.59989287107936,8.015502865493678,Penicillin,24.45433915791365,Oral,Healthy,10.03
ANI_04567,Goat,47.03502645874144,,Amoxicillin,5.606596378276779,Injectable,Severe Infection,14.09
ANI_04568,Goat,42.8145567190349,15.539753924775047,Tylosin,6.971868381744646,Injectable,Severe Infection,21.61
ANI_04569,Cattle,606.6836955641918,41.81398629807243,Penicillin,23.609609242904867,Injectable,Healthy,10.25
ANI_04570,Cattle,597.1485998268101,47.83509765830872,Oxytetracycline,11.344962513992378,Injectable,Healthy,19.29
ANI_04571,Pig,73.9516360239173,7.020359487350329,Amoxicillin,6.164819743060594,Injectable,Healthy,12.59
ANI_04572,Pig,102.80086143423785,5.442948012979891,Tylosin,17.786715017854902,Oral,Healthy,13.98
ANI_04573,Pig,84.2400417948008,6.2533180631140715,Oxytetracycline,28.601123891770172,Injectable,Healthy,19.96
ANI_04574,Sheep,47.694115598226446,17.082570051955667,Tylosin,5.615161601764707,Injectable,Mild Infection,15.9
ANI_04575,Sheep,62.948378125036676,10.100488384688745,Oxytetracycline,21.587164628646534,Injectable,Severe Infection,23.26
ANI_04576,Sheep,57.80121035241676,17.993879379512396,Penicillin,24.87001951337269,Injectable,Mild Infection,14.24
ANI_04577,Cattle,525.0540079489529,,Penicillin,24.61485624372338,Injectable,Healthy,12.69
ANI_04578,Cattle,432.0308670741372,,Oxytetracycline,25.88321951941464,Injectable,Mild Infection,21.95
ANI_04579,Cattle,,14.533405853508711,Penicillin,17.02667594330154,Injectable,Severe Infection,15.61
ANI_04580,Goat,41.324724038699756,11.337046860842069,Penicillin,21.269570518146907,Injectable,Mild Infection,15.35
ANI_04581,Goat,41.155346309383646,12.150280601315634,Amoxicillin,5.407928482606177,Injectable,Mild Infection,10.91
ANI_04582,Goat,40.224831231216825,12.379378237562147,Tylosin,8.273193277486058,Oral,Healthy,13.74
ANI_04583,Cattle,532.2411855409523,36.911052278740435,Penicillin,22.83900226530968,Injectable,Severe Infection,14.28
ANI_04584,Goat,34.99909905703167,8.081064289903265,Tylosin,7.292396318830388,Oral,Healthy,10.84
ANI_04585,Cattle,467.6520004744386,17.633320965659124,Oxytetracycline,10.912239282472724,Injectable,Healthy,19.81
ANI_04586,Pig,99.99161592108614,4.445927029591662,Tylosin,5.650096814138946,Oral,Severe Infection,14.25
ANI_04587,Goat,44.20934865364503,14.963599186704991,Oxytetracycline,15.528575699735663,Injectable,Healthy,18.11
ANI_04588,Pig,116.19473373044141,6.836619449013318,Penicillin,12.586958002778239,Injectable,Mild Infection,9.13
ANI_04589,Cattle,548.2843231284735,40.47289764162164,Amoxicillin,5.060076603382772,Injectable,Healthy,10.99
ANI_04590,Cattle,399.7861621910148,34.440669900017454,Oxytetracycline,17.255064046335676,Oral,Healthy,16.39
ANI_04591,Sheep,59.525168353815474,12.679036259148889,Penicillin,23.03921677547762,Injectable,Severe Infection,15.12
ANI_04592,Pig,73.44943348060907,6.262535983456518,Oxytetracycline,20.509163471290755,Injectable,Severe Infection,26.13
ANI_04593,Goat,58.010543790014665,11.021127055344289,Oxytetracycline,29.296589002062955,Injectable,Mild Infection,19.15
ANI_04594,Goat,32.97115221258653,3.96720075693597,Oxytetracycline,14.807801263554072,Topical,Severe Infection,19.2
ANI_04595,Sheep,67.52311368638529,12.770318008557487,Tylosin,19.2532041109179,Oral,Healthy,13.09
ANI_04596,Pig,124.7590706297811,4.669629133554932,Tylosin,14.791928039363993,Oral,Healthy,9.06
ANI_04597,Cattle,591.0742353647718,39.54670470628554,Penicillin,11.558746529081581,Oral,Severe Infection,9.51
ANI_04598,Goat,30.909838484249946,13.952279688736695,Amoxicillin,10.834723667901471,Injectable,Severe Infection,15.5
ANI_04599,Cattle,515.7232765688991,,Amoxicillin,8.254337568408861,Injectable,Severe Infection,15.77
ANI_04600,Goat,38.56492154946362,4.256078387140697,Penicillin,10.63102213389935,Injectable,Healthy,9.93
ANI_04601,Sheep,76.05097228720811,14.452199083862252,Tylosin,10.461057062973985,Oral,Severe Infection,18.21
ANI_04602,Goat,39.7688296988106,12.820335009470321,Oxytetracycline,22.85149251373179,Injectable,Mild Infection,22.92
ANI_04603,Goat,39.063369516717785,13.555294886069245,Amoxicillin,7.9492614642209105,Injectable,Mild Infection,10.65
ANI_04604,Cattle,549.2924303024004,18.683906066055787,Amoxicillin,8.827464254386886,Injectable,Mild Infection,15.54
ANI_04605,Pig,115.7079896286098,4.598554321049827,Oxytetracycline,24.180704826515434,Injectable,Healthy,19.92
ANI_04606,Pig,,6.047107355022582,Oxytetracycline,27.155274058449162,Injectable,Healthy,21.16
ANI_04607,Sheep,59.43607943433585,12.51443614464754,Oxytetracycline,19.19009884681716,Injectable,Healthy,22.13
ANI_04608,Cattle,431.39177105556786,58.2676282093449,Amoxicillin,10.025280623108378,Injectable,Severe Infection,12.47
ANI_04609,Goat,36.01471293779355,18.000310568413536,Tylosin,18.70589013465031,Injectable,Healthy,17.12
ANI_04610,Goat,55.68770098737372,6.6409856369894715,Oxytetracycline,28.934786433488892,Oral,Mild Infection,21.05
ANI_04611,Sheep,54.71995022649665,18.103250982039697,Amoxicillin,14.359164308887069,Injectable,Severe Infection,14.72
ANI_04612,Pig,110.8138965579079,7.443052862257959,Oxytetracycline,27.107659578713964,Oral,Healthy,18.19
ANI_04613,Sheep,85.26082952921034,13.51480783963104,Amoxicillin,5.328143166236364,Injectable,Healthy,12.59
ANI_04614,Pig,93.74815290398938,7.657157674506589,Oxytetracycline,13.875883326778698,Injectable,Severe Infection,22.11
ANI_04615,Pig,69.17855259748447,6.1846005887222955,Tylosin,12.738732829412529,Injectable,Mild Infection,14.21
ANI_04616,Goat,39.264408338615745,8.453340753938036,Penicillin,18.52138095849623,Oral,Severe Infection,12.5
ANI_04617,Pig,73.63855460775696,5.048771704746766,Penicillin,15.673750056479765,Injectable,Healthy,11.59
ANI_04618,Goat,27.395386006560095,18.655552142011203,Amoxicillin,9.533389987162968,Oral,Severe Infection,13.04
ANI_04619,Goat,44.278840661119816,14.468734454414118,Penicillin,22.67652368471538,Oral,Severe Infection,11.62
ANI_04620,Pig,66.25287649644577,4.6808609222382325,Oxytetracycline,25.014811216233817,Injectable,Severe Infection,22.94
ANI_04621,Goat,36.88857494448398,14.666735833593084,Penicillin,13.682473886898403,Topical,Healthy,3.88
ANI_04622,Cattle,499.70296876778445,32.17978634754174,Oxytetracycline,29.63840359027365,Injectable,Healthy,22.96
ANI_04623,Pig,124.13157231883972,6.770218853017007,Tylosin,18.284641244770924,Injectable,Mild Infection,16.67
ANI_04624,Sheep,61.0113178536151,13.52570765187316,Oxytetracycline,10.880700196299454,Oral,Mild Infection,18.35
ANI_04625,Goat,40.8036184745059,8.017649988300919,Tylosin,16.35576251835325,Topical,Healthy,8.97
ANI_04626,Sheep,56.80489572867125,15.29541482624417,Tylosin,13.378875962834664,Injectable,Healthy,15.47
ANI_04627,Goat,,5.999107749873731,Penicillin,14.735556977356243,Oral,Mild Infection,9.94
ANI_04628,Goat,,15.046234928470453,Tylosin,16.007459567519106,Topical,Healthy,12.68
ANI_04629,Sheep,64.48122251790225,14.027506312500158,Tylosin,8.170364162883757,Oral,Healthy,12.1
ANI_04630,Cattle,415.31811522426625,30.94437388337909,Oxytetracycline,21.110790935811004,Injectable,Mild Infection,22.53
ANI_04631,Cattle,476.0318387668235,31.73868415138415,Tylosin,19.182492710217907,Oral,Healthy,9.31
ANI_04632,Sheep,49.02727069875009,18.198217588122596,Oxytetracycline,12.206457520489431,Injectable,Mild Infection,23.1
ANI_04633,Cattle,491.3999069967427,20.65433763536737,Amoxicillin,14.452999044485374,Oral,Healthy,10.95
ANI_04634,Cattle,371.7549260331377,32.99351688366769,Oxytetracycline,14.478642888854745,Injectable,Healthy,17.75
ANI_04635,Cattle,582.4697787594719,49.78954383113221,Oxytetracycline,28.493129152383055,Injectable,Mild Infection,22.12
ANI_04636,Goat,33.16843874573244,17.064250167676935,Amoxicillin,14.545397256033182,Injectable,Healthy,12.11
ANI_04637,Sheep,51.19412515980833,10.997211248173663,Oxytetracycline,29.80016013513796,Oral,Severe Infection,18.78
ANI_04638,Cattle,461.627045471507,36.138116514724565,Amoxicillin,8.770504930509155,Topical,Healthy,5.66
ANI_04639,Sheep,56.80360449491236,11.737966712322033,Amoxicillin,10.890709285530576,Oral,Healthy,8.22
ANI_04640,Sheep,56.320283605141185,6.399648062530126,Penicillin,14.064673209380576,Injectable,Healthy,10.68
ANI_04641,Sheep,31.59157463137634,7.585097464435766,Amoxicillin,12.876451842312573,Oral,Mild Infection,9.82
ANI_04642,Goat,,8.65901175124921,Oxytetracycline,27.933552983707813,Injectable,Mild Infection,20.95
ANI_04643,Cattle,520.3359835953011,35.62251642382377,Oxytetracycline,27.47746305302932,Injectable,Healthy,22.56
ANI_04644,Cattle,535.3565864375169,22.813922381473166,Tylosin,11.261426258000903,Injectable,Healthy,15.51
ANI_04645,Pig,105.63086017423716,3.01091688267726,Tylosin,8.775852173898695,Injectable,Healthy,11.43
ANI_04646,Pig,100.62159036474524,9.388957567555373,Penicillin,20.508198383473076,Injectable,Severe Infection,15.0
ANI_04647,Goat,36.55353659558204,19.78069769631113,Tylosin,6.228876610441124,Injectable,Mild Infection,14.86
ANI_04648,Goat,30.58833474294277,9.704954886491727,Tylosin,11.284526714617208,Oral,Healthy,10.49
ANI_04649,Sheep,63.57285580059022,11.821483111800736,Penicillin,19.895859082361532,Injectable,Healthy,9.55
ANI_04650,Goat,36.86493576303239,7.591893272960155,Oxytetracycline,27.488014387125638,Injectable,Mild Infection,25.33
ANI_04651,Goat,39.65307120361331,10.933723954514617,Amoxicillin,6.7865163175416505,Oral,Mild Infection,10.16
ANI_04652,Cattle,561.1669508098589,62.40713353144116,Penicillin,21.733432902891632,Injectable,Healthy,10.67
ANI_04653,Pig,71.24323843681888,6.593616895271079,Amoxicillin,10.39184587501175,Oral,Mild Infection,4.88
ANI_04654,Goat,43.07647648510709,11.085135970544158,Penicillin,13.952151740960094,Injectable,Healthy,9.56
ANI_04655,Sheep,54.58906715875177,15.988034407847657,Tylosin,9.576933375266734,Injectable,Mild Infection,16.51
ANI_04656,Sheep,70.52502365435521,13.677527238229063,Oxytetracycline,16.41304828569396,Oral,Healthy,16.17
ANI_04657,Cattle,516.6959524452698,29.08259037214536,Tylosin,16.410004165232344,Injectable,Mild Infection,15.51
ANI_04658,Pig,98.63792750845734,9.107536800740945,Oxytetracycline,14.56770073453724,Oral,Severe Infection,17.16
ANI_04659,Cattle,532.977785828864,20.31733126460825,Tylosin,5.996175724226024,Injectable,Mild Infection,14.37
ANI_04660,Sheep,54.693832278848475,6.298163661636099,Penicillin,13.539454389398948,Oral,Healthy,5.32
ANI_04661,Cattle,372.7379419017167,30.347477188406067,Tylosin,6.788094960240667,Injectable,Severe Infection,17.89
ANI_04662,Pig,109.53555382877457,7.286267849352958,Amoxicillin,6.766960088750649,Oral,Healthy,4.03
ANI_04663,Pig,100.12615599034059,9.18304709836814,Penicillin,21.737605265288543,Injectable,Mild Infection,13.45
ANI_04664,Sheep,54.22778491073019,15.337749826113246,Amoxicillin,12.541076955101822,Injectable,Healthy,12.53
ANI_04665,Goat,41.52118393700171,5.300528228429234,Penicillin,14.716906059606554,Injectable,Mild Infection,11.54
ANI_04666,Sheep,68.4958186747236,10.40504522143449,Oxytetracycline,20.59699618333478,Oral,Healthy,15.42
ANI_04667,Cattle,475.3432044214202,56.61588093795051,Amoxicillin,7.548962705633112,Injectable,Healthy,11.37
ANI_04668,Goat,40.703600762201184,7.4516681987164555,Tylosin,19.276945165570076,Injectable,Healthy,13.3
ANI_04669,Goat,48.98034236405323,11.704321224126813,Penicillin,10.881471614879214,Injectable,Severe Infection,10.87
ANI_04670,Goat,35.71674993004024,16.155731514066947,Oxytetracycline,12.74894979197577,Injectable,Severe Infection,20.94
ANI_04671,Pig,73.54469336001111,5.3346236407118965,Oxytetracycline,16.920379988819672,Injectable,Severe Infection,24.79
ANI_04672,Pig,124.86510107094159,6.544948592192965,Penicillin,14.727736837663029,Injectable,Mild Infection,10.94
ANI_04673,Pig,106.570573824521,7.435550052673111,Tylosin,8.925119391547257,Injectable,Severe Infection,19.16
ANI_04674,Goat,37.26378239801555,10.80019147940201,Amoxicillin,6.611491942883632,Oral,Healthy,6.92
ANI_04675,Sheep,69.31871871777892,13.2093547566156,Tylosin,15.4604644309995,Oral,Healthy,9.36
ANI_04676,Sheep,61.16478775030917,14.414218583597851,Penicillin,24.84696280242469,Injectable,Severe Infection,16.54
ANI_04677,Cattle,500.2670089706526,27.31008517412209,Oxytetracycline,10.564124262661556,Injectable,Healthy,20.0
ANI_04678,Cattle,493.5120267029723,12.3527661518443,Tylosin,12.407296935380511,Topical,Healthy,10.37
ANI_04679,Pig,119.77844029535787,7.483939289566754,Amoxicillin,10.694513674875033,Injectable,Healthy,10.64
ANI_04680,Goat,27.623576626218743,6.162823127458124,Penicillin,24.016010470211924,Topical,Severe Infection,11.27
ANI_04681,Sheep,56.58966934481039,17.381165649448747,Oxytetracycline,22.847554237155542,Injectable,Healthy,19.32
ANI_04682,Pig,91.20262075182362,6.473309131105822,Tylosin,15.883249103113615,Injectable,Healthy,13.78
ANI_04683,Cattle,621.8857166012378,26.348920925353614,Tylosin,14.90215279470619,Oral,Healthy,11.34
ANI_04684,Sheep,56.35758677095724,10.804718549439224,Oxytetracycline,18.913394084796955,Oral,Healthy,16.18
ANI_04685,Goat,39.389186734473846,8.474880474659976,Penicillin,12.664584900659623,Injectable,Mild Infection,10.55
ANI_04686,Pig,75.56657032432466,5.286338921705759,Amoxicillin,10.053557765301381,Oral,Healthy,7.58
ANI_04687,Pig,126.79226822385189,3.932087786678515,Tylosin,10.043452037308978,Topical,Mild Infection,8.99
ANI_04688,Goat,45.270622217123226,17.08399430496849,Oxytetracycline,26.206970896753873,Injectable,Healthy,21.71
ANI_04689,Pig,128.0271730536616,6.196716968274149,Penicillin,13.995377733832706,Injectable,Healthy,9.8
ANI_04690,Sheep,55.369490432682504,16.52141331839253,Amoxicillin,7.21452251016839,Oral,Healthy,6.69
ANI_04691,Pig,72.53922335280649,3.907253436012346,Amoxicillin,13.801322377189097,Oral,Mild Infection,9.42
ANI_04692,Goat,29.715558662465163,11.561838105456749,Tylosin,10.87187185942302,Oral,Healthy,10.54
ANI_04693,Goat,37.888356403501454,15.389253702846428,Tylosin,9.408415997477636,Injectable,Severe Infection,20.19
ANI_04694,Goat,48.28982501482453,8.831436006627357,Amoxicillin,10.107313315441537,Oral,Healthy,9.12
ANI_04695,Goat,37.265734893851636,6.744796515703312,Tylosin,18.31761466723062,Injectable,Healthy,18.22
ANI_04696,Sheep,62.11784327045537,13.957152158318355,Amoxicillin,13.812433203644407,Injectable,Healthy,9.23
ANI_04697,Cattle,,58.95142270173834,Penicillin,12.894417977977872,Injectable,Healthy,11.57
ANI_04698,Goat,58.129826291357745,15.96949656530581,Penicillin,12.99579275513176,Oral,Mild Infection,6.75
ANI_04699,Goat,35.451002361422695,6.238863494437162,Tylosin,8.751162089835754,Topical,Healthy,10.69
ANI_04700,Cattle,623.1057903355565,34.241565497746265,Tylosin,15.941508351712121,Oral,Severe Infection,15.28
ANI_04701,Sheep,66.83667861228558,12.669141809817996,Amoxicillin,11.904356945448868,Injectable,Healthy,11.03
ANI_04702,Pig,110.52490088479198,7.379849011925626,Tylosin,19.986238788079223,Injectable,Healthy,16.43
ANI_04703,Goat,59.65674700118173,13.407084028621611,Oxytetracycline,19.448454720650496,Injectable,Healthy,18.22
ANI_04704,Sheep,56.161860873495705,11.480624294841952,Tylosin,6.502068035644528,Injectable,Severe Infection,17.24
ANI_04705,Pig,116.94118409227033,6.128159826774736,Amoxicillin,14.086448711192034,Injectable,Healthy,13.37
ANI_04706,Goat,32.333867071759094,14.746172860705448,Amoxicillin,14.310721720526612,Injectable,Healthy,11.21
ANI_04707,Pig,,6.249327245334917,Tylosin,18.3782523577294,Injectable,Healthy,13.76
ANI_04708,Cattle,575.2525663160844,36.1454546771054,Amoxicillin,5.883972469216277,Injectable,Severe Infection,14.75
ANI_04709,Cattle,544.3420050686932,52.281625922363105,Amoxicillin,7.513193512859945,Oral,Mild Infection,9.74
ANI_04710,Pig,101.82188019827458,3.2437401400892574,Tylosin,14.098907469101214,Oral,Severe Infection,17.41
ANI_04711,Cattle,518.0080541379218,43.871480709657796,Penicillin,13.209725255907536,Oral,Mild Infection,7.06
ANI_04712,Cattle,606.879555515764,36.4086571259048,Penicillin,21.602408408094405,Injectable,Healthy,11.98
ANI_04713,Pig,108.61860698701605,5.861097450718614,Oxytetracycline,19.876874282928117,Oral,Mild Infection,19.47
ANI_04714,Cattle,466.46089469843105,69.20438845704199,Tylosin,10.732292707963184,Injectable,Severe Infection,17.75
ANI_04715,Cattle,407.47776934051717,16.36778007168017,Tylosin,6.417734661043194,Injectable,Healthy,17.27
ANI_04716,Pig,126.0461342156946,7.292078734706857,Tylosin,7.428715920598426,Topical,Mild Infection,12.4
ANI_04717,Cattle,,40.79034733505144,Oxytetracycline,22.58115963315423,Oral,Mild Infection,19.49
ANI_04718,Pig,105.6395600312893,2.8977629782856775,Amoxicillin,13.822069727719354,Injectable,Mild Infection,13.45
ANI_04719,Goat,40.3414713335812,12.959431470210115,Amoxicillin,5.339572620174662,Injectable,Severe Infection,15.75
ANI_04720,Pig,96.98277946429316,7.241336830782654,Amoxicillin,7.553529133677,Topical,Healthy,10.24
ANI_04721,Pig,129.51550131011126,4.453019737542955,Amoxicillin,7.976967126963136,Oral,Healthy,7.2
ANI_04722,Sheep,55.57919014196238,11.637217121508757,Penicillin,14.074251986170031,Injectable,Severe Infection,13.92
ANI_04723,Cattle,530.8945999250318,63.4537730581917,Amoxicillin,8.792085614037592,Oral,Mild Infection,8.94
ANI_04724,Goat,48.93447715482679,,Amoxicillin,13.842092025118957,Injectable,Healthy,10.11
ANI_04725,Pig,85.67440372891427,8.67282305007977,Tylosin,14.062302059980428,Injectable,Mild Infection,15.24
ANI_04726,Sheep,68.23011356924272,16.46493679747109,Oxytetracycline,17.117640458959187,Injectable,Severe Infection,23.48
ANI_04727,Cattle,475.7970133697603,39.70321266610642,Oxytetracycline,16.38458133754101,Oral,Mild Infection,16.92
ANI_04728,Goat,37.391765467540246,12.962833434834428,Oxytetracycline,25.282466959302667,Injectable,Healthy,21.04
ANI_04729,Pig,106.14595102543922,5.995851055180308,Penicillin,11.551225641541734,Injectable,Severe Infection,14.51
ANI_04730,Sheep,71.29633536635086,11.130601453868401,Tylosin,7.9555389462945385,Oral,Severe Infection,15.56
ANI_04731,Sheep,58.03801113193988,19.15848524744877,Penicillin,21.36855303376026,Injectable,Healthy,15.5
ANI_04732,Cattle,430.6884573170383,23.004041906336134,Tylosin,8.295221758597032,Oral,Mild Infection,10.92
ANI_04733,Cattle,434.39022227684154,29.73359824872738,Amoxicillin,5.502688511746131,Oral,Mild Infection,9.52
ANI_04734,Sheep,50.8227664213847,16.975841472078514,Amoxicillin,7.608565868208324,Injectable,Mild Infection,14.64
ANI_04735,Sheep,65.2311848715225,10.997948316740493,Penicillin,13.2511535990432,Topical,Healthy,4.24
ANI_04736,Goat,37.093167239136335,16.379291809719113,Oxytetracycline,24.214927475573912,Injectable,Healthy,18.49
ANI_04737,Goat,,10.379126261301314,Penicillin,20.857229642239982,Injectable,Healthy,11.55
ANI_04738,Cattle,311.7305324921681,37.26917308344552,Oxytetracycline,21.415484327200787,Injectable,Healthy,21.85
ANI_04739,Pig,87.57671996013308,10.64231010397739,Amoxicillin,13.969581595077242,Oral,Healthy,10.13
ANI_04740,Pig,100.6137270576187,2.388306223112721,Amoxicillin,8.759233574525599,Topical,Severe Infection,11.87
ANI_04741,Pig,127.12036985506873,7.58204652820867,Oxytetracycline,10.458010251169318,Injectable,Healthy,17.96
ANI_04742,Goat,28.166277964440724,12.629809085499579,Amoxicillin,8.49020995654919,Injectable,Healthy,11.27
ANI_04743,Pig,100.1938334142915,9.583024698277868,Amoxicillin,12.65121803465886,Injectable,Healthy,11.29
ANI_04744,Goat,44.69479387836489,9.531747500604533,Oxytetracycline,21.483722545450238,Oral,Severe Infection,21.08
ANI_04745,Goat,48.68931730151243,8.993958732580815,Oxytetracycline,16.465538449363237,Injectable,Healthy,20.53
ANI_04746,Cattle,375.87883440580504,19.76332882741262,Penicillin,11.628325196794925,Injectable,Healthy,7.83
ANI_04747,Cattle,383.032852483398,39.59521312256067,Oxytetracycline,11.394227269371521,Oral,Healthy,15.19
ANI_04748,Sheep,67.855486691364,15.156124825320878,Penicillin,11.586883671873046,Oral,Mild Infection,9.9
ANI_04749,Cattle,461.4647325916558,51.51527955011802,Tylosin,15.256504517967246,Topical,Healthy,10.5
ANI_04750,Sheep,47.50222683580492,19.896467268639743,Penicillin,23.156118724909284,Injectable,Healthy,10.64
ANI_04751,Cattle,504.4605085528234,50.66545270992853,Oxytetracycline,27.244171435258796,Oral,Healthy,18.26
ANI_04752,Pig,142.28106650703876,3.7843425141251856,Amoxicillin,12.795354185932938,Topical,Severe Infection,10.33
ANI_04753,Sheep,52.15808090217458,17.016637840628412,Tylosin,9.569477334443508,Injectable,Severe Infection,20.13
ANI_04754,Goat,,12.619581545730078,Oxytetracycline,26.993696713213545,Oral,Mild Infection,20.62
ANI_04755,Pig,81.4932865727385,10.907794190450641,Amoxicillin,9.905423834646726,Topical,Healthy,8.34
ANI_04756,Sheep,58.53392944777674,15.147552055110628,Tylosin,6.754039073759929,Injectable,Healthy,12.19
ANI_04757,Sheep,55.74469929271897,15.870505554374624,Penicillin,15.219869729667767,Injectable,Healthy,13.0
ANI_04758,Goat,51.94178102953304,19.55511913505989,Oxytetracycline,29.34543244688353,Topical,Healthy,15.37
ANI_04759,Goat,38.270929941298874,9.081497703101935,Penicillin,10.196387435482707,Oral,Severe Infection,11.21
ANI_04760,Goat,,13.201793135703989,Tylosin,11.815200760537865,Oral,Mild Infection,12.19
ANI_04761,Cattle,657.0661543384742,11.593296516369676,Oxytetracycline,12.941790366595999,Injectable,Mild Infection,18.0
ANI_04762,Pig,73.00037765956579,3.10991725884083,Tylosin,16.74836994852997,Oral,Severe Infection,18.06
ANI_04763,Cattle,,33.24428398347632,Penicillin,21.38133892652721,Injectable,Mild Infection,13.76
ANI_04764,Sheep,66.54138375951308,14.071316218768366,Oxytetracycline,21.59192917492681,Oral,Mild Infection,19.98
ANI_04765,Sheep,71.14177833595326,8.456306886582851,Amoxicillin,10.504545534313277,Oral,Mild Infection,7.03
ANI_04766,Pig,118.21334175572883,7.1634452480950355,Tylosin,13.995691019509056,Injectable,Mild Infection,16.92
ANI_04767,Goat,23.755722052710574,15.450588167825966,Penicillin,17.236966737459394,Topical,Severe Infection,9.87
ANI_04768,Cattle,518.0625769405079,26.611166890849915,Tylosin,9.945168430780061,Injectable,Healthy,15.88
ANI_04769,Pig,81.27218863428615,5.78705136344751,Tylosin,15.112420508617811,Injectable,Severe Infection,19.05
ANI_04770,Sheep,69.29896444629617,9.746469650294902,Oxytetracycline,18.5267519998032,Topical,Healthy,16.1
ANI_04771,Cattle,449.2307575447673,14.110030021303402,Oxytetracycline,22.64480367412192,Injectable,Healthy,22.06
ANI_04772,Goat,54.54484966313592,,Tylosin,16.233930048213704,Topical,Healthy,8.25
ANI_04773,Cattle,240.36284688821303,38.39043111156513,Penicillin,23.963519193734676,Injectable,Severe Infection,15.92
ANI_04774,Sheep,52.319349625686925,10.835937784637904,Amoxicillin,10.922488153893509,Injectable,Healthy,11.76
ANI_04775,Goat,,7.503237937116422,Amoxicillin,8.929504361784055,Oral,Healthy,6.69
ANI_04776,Sheep,57.200839573992354,8.795811669033316,Oxytetracycline,28.037623506102207,Oral,Mild Infection,16.58
ANI_04777,Pig,100.01175974595185,7.663692707165879,Amoxicillin,7.267478263411721,Oral,Healthy,9.11
ANI_04778,Sheep,46.75611874392342,5.5858758435362414,Oxytetracycline,19.160711086595626,Injectable,Mild Infection,24.65
ANI_04779,Pig,92.28785121225138,5.34783301524007,Penicillin,20.39943373329619,Injectable,Healthy,7.24
ANI_04780,Sheep,70.37264389275686,12.543599547455614,Oxytetracycline,23.903848896311796,Injectable,Mild Infection,21.73
ANI_04781,Pig,91.32911960513034,7.935289690811592,Tylosin,10.150060430224094,Oral,Mild Infection,9.86
ANI_04782,Pig,115.33016001679293,5.191743998367245,Amoxicillin,8.79101906166488,Injectable,Healthy,11.5
ANI_04783,Goat,40.15290445016059,13.211847667650769,Oxytetracycline,21.38399104277943,Injectable,Severe Infection,24.17
ANI_04784,Cattle,625.9507759956124,45.48754340042993,Amoxicillin,12.457217952633286,Oral,Mild Infection,12.14
ANI_04785,Cattle,514.7554193271627,36.648560931476005,Tylosin,14.18705422184314,Injectable,Healthy,15.26
ANI_04786,Pig,86.79848533798713,6.033028023598445,Oxytetracycline,19.493605816501578,Injectable,Healthy,22.25
ANI_04787,Cattle,587.1041231149009,26.28911299937151,Oxytetracycline,16.850945290181798,Injectable,Healthy,19.3
ANI_04788,Sheep,55.72765115183849,10.184497132878672,Oxytetracycline,15.982385584099152,Oral,Severe Infection,22.75
ANI_04789,Cattle,388.26266730289996,45.064312499482355,Penicillin,14.854662521649184,Oral,Mild Infection,10.12
ANI_04790,Goat,34.817104504048345,9.130013822644898,Oxytetracycline,13.517531815759746,Oral,Healthy,16.15
ANI_04791,Goat,35.89171755694471,14.444333310378209,Amoxicillin,5.86386741773977,Injectable,Healthy,13.3
ANI_04792,Goat,47.1224686991312,13.422170021499465,Penicillin,12.1994991050848,Oral,Mild Infection,5.12
ANI_04793,Cattle,559.3639464375631,55.060977485468825,Oxytetracycline,23.986467901867137,Topical,Healthy,17.07
ANI_04794,Sheep,,11.420642041879514,Oxytetracycline,22.323469708262934,Injectable,Healthy,19.28
ANI_04795,Sheep,70.37917868540566,12.893012200492517,Amoxicillin,12.912309696503835,Injectable,Mild Infection,13.57
ANI_04796,Pig,108.7495797856225,6.0042605450633095,Tylosin,9.098103323460933,Oral,Severe Infection,18.09
ANI_04797,Sheep,55.77181650296328,8.719407565453434,Tylosin,11.373275568494767,Oral,Severe Infection,17.18
ANI_04798,Pig,77.31256793360993,6.772700626854796,Tylosin,10.059248537366843,Injectable,Healthy,14.9
ANI_04799,Sheep,60.73901867599043,4.425988528931058,Oxytetracycline,14.616812264944887,Oral,Healthy,19.18
ANI_04800,Sheep,61.57747396685772,13.861088383508607,Tylosin,6.992787680600485,Oral,Mild Infection,13.34
ANI_04801,Pig,116.52130000771204,5.597787296717839,Oxytetracycline,11.866890489541229,Oral,Mild Infection,20.48
ANI_04802,Pig,92.47477183887739,7.3467982473419795,Tylosin,15.266933389659835,Injectable,Mild Infection,19.27
ANI_04803,Sheep,48.42228191294875,10.265331203657576,Tylosin,13.3341429049108,Oral,Healthy,13.22
ANI_04804,Sheep,51.22254707219804,,Tylosin,11.51875452438545,Injectable,Healthy,16.06
ANI_04805,Cattle,498.5776604193126,61.20553090740623,Amoxicillin,12.88060445962909,Injectable,Healthy,12.02
ANI_04806,Sheep,,9.815172209428304,Tylosin,6.243529461860902,Topical,Mild Infection,9.26
ANI_04807,Sheep,53.57940837965967,16.101739725098366,Oxytetracycline,14.470747721174105,Injectable,Healthy,21.33
ANI_04808,Goat,47.647732209653974,12.759820898343476,Tylosin,14.864017158877223,Injectable,Healthy,14.49
ANI_04809,Goat,56.24591575896085,14.778617857365784,Oxytetracycline,10.697047667562604,Injectable,Severe Infection,22.71
ANI_04810,Sheep,65.32262399915697,10.033807565019096,Penicillin,18.74233683258632,Topical,Severe Infection,7.61
ANI_04811,Pig,107.94302740801982,8.034111341169265,Tylosin,18.816408657735476,Injectable,Severe Infection,18.98
ANI_04812,Goat,45.03047312086607,18.169395813450585,Oxytetracycline,25.808762050925086,Topical,Healthy,16.06
ANI_04813,Pig,98.95460999940005,9.8274251840133,Amoxicillin,10.956849751346375,Injectable,Mild Infection,12.45
ANI_04814,Goat,46.88290479442687,11.650121307887815,Tylosin,8.153078244206888,Injectable,Mild Infection,13.62
ANI_04815,Sheep,46.1854539844146,10.57960526987272,Amoxicillin,14.472045897481792,Injectable,Healthy,11.05
ANI_04816,Sheep,65.39050328762065,11.515409348889948,Oxytetracycline,19.36406193145625,Topical,Mild Infection,14.81
ANI_04817,Pig,77.21638470955146,3.89796411049434,Oxytetracycline,29.920962498380366,Topical,Healthy,18.01
ANI_04818,Sheep,61.57983777772834,11.62418533352938,Tylosin,17.05588245974131,Oral,Healthy,13.85
ANI_04819,Cattle,492.0016846011335,30.830274677124418,Penicillin,18.250324626331306,Oral,Healthy,7.24
ANI_04820,Sheep,56.33519873572699,7.481252463827036,Tylosin,7.717918629051721,Injectable,Healthy,13.97
ANI_04821,Sheep,64.43760314621548,11.691147484317359,Penicillin,10.991565428323563,Injectable,Mild Infection,11.1
ANI_04822,Pig,,3.909654386664807,Tylosin,18.750078637057698,Injectable,Healthy,13.69
ANI_04823,Cattle,483.92213778268444,58.59124060793147,Oxytetracycline,12.677077864753109,Injectable,Mild Infection,18.43
ANI_04824,Cattle,424.841591943541,55.39741651209477,Tylosin,17.9845868092819,Injectable,Mild Infection,18.63
ANI_04825,Sheep,60.15600906607699,5.319504633512107,Amoxicillin,8.58739294016027,Oral,Healthy,7.68
ANI_04826,Sheep,53.019655913180934,8.436374382330035,Amoxicillin,14.685567383046719,Injectable,Healthy,11.91
ANI_04827,Cattle,658.9919622618697,,Tylosin,8.093118460781767,Oral,Severe Infection,14.91
ANI_04828,Goat,,8.75445623989813,Oxytetracycline,13.620238262544246,Injectable,Mild Infection,20.91
ANI_04829,Pig,129.4316155743668,6.416895734048641,Oxytetracycline,11.382017555707883,Oral,Healthy,13.1
ANI_04830,Sheep,51.290564493352605,10.81249222647272,Tylosin,12.970211608783917,Injectable,Healthy,15.99
ANI_04831,Goat,35.54456575682737,12.681641161353957,Oxytetracycline,11.497399227455613,Topical,Severe Infection,15.06
ANI_04832,Sheep,63.71563906356799,14.3515212131494,Amoxicillin,12.77363318838761,Injectable,Severe Infection,13.44
ANI_04833,Sheep,48.55843140856675,6.243700979007117,Amoxicillin,5.835496771908547,Oral,Healthy,9.02
ANI_04834,Pig,141.051150663522,,Amoxicillin,9.525800349017572,Oral,Severe Infection,13.76
ANI_04835,Cattle,346.69868886795405,52.600754671361784,Oxytetracycline,11.737798751320963,Injectable,Mild Infection,20.18
ANI_04836,Cattle,464.2566157502655,32.31033804017124,Tylosin,8.569857206360318,Oral,Healthy,8.62
ANI_04837,Pig,86.5660928443824,7.455466997183869,Amoxicillin,6.1072951103951585,Injectable,Healthy,11.13
ANI_04838,Pig,110.32165557271048,4.495213721920998,Amoxicillin,7.243154749733353,Injectable,Mild Infection,12.69
ANI_04839,Sheep,54.27292004214304,10.437485901564203,Amoxicillin,9.02631684110681,Injectable,Healthy,10.55
ANI_04840,Goat,39.14012225875498,2.932257138183404,Amoxicillin,12.377566978116707,Injectable,Mild Infection,14.78
ANI_04841,Sheep,74.04880080678133,10.76478460688532,Tylosin,7.136911193906003,Injectable,Healthy,14.57
ANI_04842,Cattle,525.3403665216267,53.1068868979948,Tylosin,11.674219674079826,Topical,Severe Infection,13.55
ANI_04843,Pig,121.13003170616345,6.460930974318407,Tylosin,8.319159301646758,Injectable,Healthy,15.62
ANI_04844,Sheep,42.50536831668894,6.2658204444615215,Oxytetracycline,10.827726739819713,Oral,Healthy,16.26
ANI_04845,Pig,89.18033929445562,6.205872201551314,Amoxicillin,5.904822215379328,Injectable,Healthy,13.03
ANI_04846,Sheep,59.30815380267167,11.024385437647553,Oxytetracycline,22.320355837627243,Injectable,Severe Infection,25.22
ANI_04847,Goat,49.33811357268233,9.436609734450073,Tylosin,16.754161033900516,Topical,Mild Infection,13.01
ANI_04848,Sheep,64.27596319440573,2.406278854233763,Amoxicillin,11.202117997038204,Oral,Healthy,7.42
ANI_04849,Cattle,486.9038017043275,24.663971920610877,Penicillin,13.943894003565697,Injectable,Healthy,8.67
ANI_04850,Goat,38.13327304242394,13.214181755325365,Oxytetracycline,22.186226467109666,Oral,Mild Infection,17.75
ANI_04851,Goat,30.74531335155143,17.887628731019387,Tylosin,8.284293515182407,Injectable,Healthy,16.41
ANI_04852,Pig,89.97265368868926,5.651964088690395,Oxytetracycline,17.493760414537896,Injectable,Severe Infection,25.12
ANI_04853,Pig,90.24854603511925,8.68405452157362,Tylosin,7.619237750110947,Injectable,Mild Infection,15.76
ANI_04854,Pig,94.75585751107002,6.067502306916079,Penicillin,16.89390284111107,Injectable,Healthy,8.57
ANI_04855,Goat,44.66919872946966,15.629564412549582,Penicillin,21.58309677537345,Injectable,Healthy,10.77
ANI_04856,Pig,91.56480769616603,5.76180749035254,Oxytetracycline,20.732206465934034,Oral,Severe Infection,20.16
ANI_04857,Pig,48.56644850651095,5.086143814272864,Amoxicillin,11.657878190323533,Injectable,Severe Infection,14.96
ANI_04858,Goat,39.2357367433957,10.64341345627645,Oxytetracycline,29.011529057977107,Injectable,Healthy,18.93
ANI_04859,Cattle,454.1341993973482,45.18656788030593,Penicillin,20.180053001686545,Injectable,Mild Infection,10.23
ANI_04860,Sheep,60.49249935919674,5.790455566046782,Penicillin,19.90282195272041,Injectable,Healthy,11.18
ANI_04861,Sheep,70.24536271607703,11.233578147709991,Tylosin,14.482891718609984,Injectable,Mild Infection,16.9
ANI_04862,Goat,44.96010859723963,12.514246382470557,Oxytetracycline,21.98397855234475,Topical,Mild Infection,18.47
ANI_04863,Sheep,67.49047154483624,17.17450518635142,Penicillin,15.218630102308667,Injectable,Mild Infection,11.04
ANI_04864,Pig,88.08190988270485,5.119804565674858,Penicillin,15.035906017328767,Oral,Severe Infection,10.88
ANI_04865,Pig,113.55217204341244,5.4670728794876355,Penicillin,15.022530293344094,Injectable,Healthy,11.08
ANI_04866,Goat,50.05400398037266,10.65347745020439,Oxytetracycline,18.11015583487081,Oral,Mild Infection,20.6
ANI_04867,Sheep,62.27543820831695,16.990843053226328,Tylosin,9.426917147085312,Injectable,Mild Infection,16.18
ANI_04868,Goat,44.98698545315703,10.529352678343287,Tylosin,15.898267653084215,Injectable,Healthy,16.65
ANI_04869,Sheep,63.30754340006583,9.75075876976535,Tylosin,19.864525051686414,Injectable,Mild Infection,20.47
ANI_04870,Pig,107.86990147007951,5.954700739585139,Oxytetracycline,15.155341512102433,Injectable,Healthy,20.62
ANI_04871,Sheep,62.7188842704485,10.498474175598071,Amoxicillin,10.782271182165303,Oral,Severe Infection,14.72
ANI_04872,Sheep,64.28815887601783,13.255428983096479,Penicillin,11.58745297565965,Injectable,Healthy,8.25
ANI_04873,Pig,129.85510707264046,2.938260134400362,Oxytetracycline,16.190761441766753,Injectable,Severe Infection,24.17
ANI_04874,Cattle,424.41406132455757,41.101891210864856,Tylosin,19.391677372685088,Injectable,Severe Infection,18.94
ANI_04875,Cattle,640.8195605613092,28.555330459414634,Penicillin,19.917833988333392,Injectable,Healthy,7.74
ANI_04876,Sheep,78.38305516151506,21.24113117818535,Tylosin,10.400788337085732,Injectable,Severe Infection,18.0
ANI_04877,Cattle,371.47148887571257,52.8846947705654,Oxytetracycline,11.519819916132317,Injectable,Mild Infection,19.31
ANI_04878,Pig,117.90192925482566,9.455264848236055,Tylosin,15.600251116380084,Oral,Healthy,14.02
ANI_04879,Pig,121.18129494071674,5.476068891869242,Oxytetracycline,14.409591907355704,Injectable,Severe Infection,23.26
ANI_04880,Cattle,456.7806096504695,40.71107496008986,Amoxicillin,10.055633736446918,Topical,Healthy,4.4
ANI_04881,Pig,111.5912858892843,4.50971270138331,Amoxicillin,12.799463830013142,Injectable,Healthy,11.91
ANI_04882,Goat,48.210372682152894,14.195938081729691,Amoxicillin,14.921494226961263,Topical,Mild Infection,6.11
ANI_04883,Cattle,509.56630626932804,32.886407532477484,Tylosin,9.579210695467541,Injectable,Severe Infection,19.34
ANI_04884,Sheep,62.55402899945596,16.71905352719427,Tylosin,16.655554729095428,Injectable,Severe Infection,18.4
ANI_04885,Sheep,46.31832069309032,17.211544680590226,Tylosin,7.485657306074396,Injectable,Healthy,14.24
ANI_04886,Pig,87.5599596154417,6.659579414389167,Penicillin,18.122850723924554,Oral,Healthy,10.4
ANI_04887,Pig,,5.08517698044955,Oxytetracycline,19.109547553132302,Injectable,Severe Infection,18.57
ANI_04888,Goat,37.850292431435115,5.834814986851544,Amoxicillin,6.294958402627526,Injectable,Severe Infection,15.06
ANI_04889,Cattle,488.0150316715806,27.77161143594317,Penicillin,17.9892342459039,Injectable,Healthy,10.72
ANI_04890,Pig,92.0007730088827,5.437106162753239,Amoxicillin,7.161485950419881,Oral,Severe Infection,15.02
ANI_04891,Cattle,539.9873587529258,44.66228389932206,Amoxicillin,7.9381939957147285,Injectable,Healthy,11.09
ANI_04892,Cattle,338.1623434332538,26.180536277137975,Penicillin,24.709845589447895,Topical,Mild Infection,6.7
ANI_04893,Pig,106.65130712339285,11.13683606737927,Oxytetracycline,17.183063826068825,Injectable,Healthy,18.45
ANI_04894,Pig,102.33076855232886,5.358209130185389,Amoxicillin,12.380508939355208,Injectable,Healthy,10.0
ANI_04895,Cattle,594.8095474351895,28.11805183351052,Oxytetracycline,13.156337449647328,Injectable,Severe Infection,22.71
ANI_04896,Pig,73.9546752406202,9.275761300098717,Tylosin,5.990388912791715,Topical,Healthy,11.19
ANI_04897,Pig,89.63040106974421,7.914211507711736,Penicillin,17.267288244032315,Injectable,Mild Infection,10.88
ANI_04898,Sheep,53.52706547415682,9.630875615703014,Oxytetracycline,10.785031823006195,Topical,Healthy,13.36
ANI_04899,Goat,44.64794097676901,14.072008703272706,Tylosin,13.422268494984785,Topical,Healthy,11.22
ANI_04900,Goat,29.44477424398862,18.076026345521633,Amoxicillin,6.581075782388968,Injectable,Healthy,12.8
ANI_04901,Pig,64.72739406123316,3.9051064743387096,Amoxicillin,6.24080680976856,Topical,Severe Infection,9.15
ANI_04902,Goat,48.751156780964706,19.01079786556113,Amoxicillin,12.466818856517353,Injectable,Mild Infection,12.34
ANI_04903,Pig,84.3448146476124,4.196485678978299,Amoxicillin,5.913017066067323,Injectable,Mild Infection,13.48
ANI_04904,Goat,38.851539930547936,17.175558423375207,Tylosin,11.330698635806456,Injectable,Mild Infection,14.17
ANI_04905,Sheep,71.75490752837707,7.876773555211601,Tylosin,14.821013134485712,Injectable,Mild Infection,14.43
ANI_04906,Pig,85.94562725826142,,Tylosin,12.883395427607887,Topical,Healthy,12.04
ANI_04907,Goat,26.723061193558706,12.38420174858851,Penicillin,20.417354071871642,Oral,Severe Infection,11.14
ANI_04908,Cattle,399.0703206994113,44.94896468917095,Oxytetracycline,24.60634833429885,Injectable,Healthy,19.52
ANI_04909,Pig,108.09345505500954,7.753107774236499,Tylosin,19.36655635837699,Topical,Healthy,9.5
ANI_04910,Cattle,407.3506157123978,27.20513784644483,Tylosin,15.766510020529608,Topical,Severe Infection,16.58
ANI_04911,Cattle,513.36860033306,,Oxytetracycline,19.56589310965821,Oral,Mild Infection,18.59
ANI_04912,Pig,109.03010217422786,7.781894613386827,Tylosin,9.72854384051562,Topical,Healthy,7.54
ANI_04913,Pig,93.84370258643504,4.707353806812566,Tylosin,6.140875647491271,Oral,Mild Infection,10.53
ANI_04914,Sheep,62.170695806480296,15.550113888650404,Oxytetracycline,16.709966363876564,Injectable,Healthy,17.23
ANI_04915,Pig,120.44624948996375,4.950519904987867,Amoxicillin,8.1875652291677,Topical,Healthy,6.66
ANI_04916,Goat,,9.133091264481916,Amoxicillin,13.339039508622253,Oral,Healthy,8.52
ANI_04917,Cattle,391.3355463593158,35.622284123418076,Oxytetracycline,11.22692819790239,Oral,Severe Infection,18.8
ANI_04918,Cattle,474.24340653947064,30.51129923808146,Tylosin,15.125511121560336,Injectable,Healthy,13.59
ANI_04919,Pig,102.29611906468904,9.624549853015509,Tylosin,13.690634764963692,Injectable,Severe Infection,18.65
ANI_04920,Sheep,60.683204130081364,11.494134212964273,Tylosin,6.954251306320852,Oral,Healthy,10.63
ANI_04921,Pig,107.98812863718638,10.599561645972843,Tylosin,13.63898681053688,Injectable,Healthy,13.14
ANI_04922,Goat,20.176771927195105,8.36755213903648,Penicillin,10.307432445372035,Injectable,Healthy,8.64
ANI_04923,Sheep,58.96828280434462,11.881761284138943,Amoxicillin,12.529565659307167,Injectable,Healthy,11.28
ANI_04924,Sheep,73.30950935822821,13.779865287870308,Amoxicillin,14.450463980215062,Oral,Mild Infection,10.06
ANI_04925,Cattle,475.4042948632601,12.990106382515055,Tylosin,6.463086403710862,Oral,Mild Infection,15.53
ANI_04926,Cattle,597.9832257061364,56.58133340042516,Amoxicillin,5.14649348595589,Injectable,Healthy,10.54
ANI_04927,Pig,101.44158080184704,9.080261339720805,Penicillin,14.997703644866963,Injectable,Healthy,9.9
ANI_04928,Cattle,636.072984664233,40.93995560323614,Tylosin,7.43560897041097,Topical,Healthy,9.76
ANI_04929,Sheep,,15.153551219290529,Oxytetracycline,12.3425586148462,Injectable,Healthy,23.59
ANI_04930,Cattle,560.8242662507167,,Tylosin,13.546501193247442,Oral,Mild Infection,14.35
ANI_04931,Cattle,492.9806868701973,57.812430887091736,Oxytetracycline,18.86756268511204,Topical,Healthy,12.04
ANI_04932,Cattle,523.8944554641994,27.084178707371464,Oxytetracycline,23.66154635852557,Oral,Severe Infection,21.38
ANI_04933,Pig,106.07882934759465,3.8803773144781784,Penicillin,20.383208888907767,Oral,Mild Infection,10.41
ANI_04934,Goat,62.00758826817331,14.929200251090823,Amoxicillin,14.97321547722923,Injectable,Mild Infection,13.81
ANI_04935,Goat,39.20525646944968,11.706720298939024,Penicillin,18.681450899532027,Injectable,Healthy,9.87
ANI_04936,Pig,115.93260958671331,5.211950515516449,Penicillin,23.777956776786773,Injectable,Severe Infection,14.75
ANI_04937,Sheep,53.73275429108451,2.806775279384583,Amoxicillin,13.549179514805612,Oral,Mild Infection,9.8
ANI_04938,Pig,87.8111874198824,4.502140936795155,Tylosin,7.431030219455448,Injectable,Mild Infection,14.08
ANI_04939,Pig,,8.829061586221,Oxytetracycline,12.395109644430242,Injectable,Healthy,21.88
ANI_04940,Pig,80.84387129732531,8.15804528055075,Oxytetracycline,27.603803886721494,Oral,Healthy,16.78
ANI_04941,Sheep,48.07498169279571,12.664944803115658,Amoxicillin,10.482915816969603,Injectable,Mild Infection,13.17
ANI_04942,Pig,104.83113588410762,7.614677271055318,Tylosin,12.568098380761331,Oral,Healthy,8.15
ANI_04943,Cattle,558.2879729477708,8.609219656325386,Penicillin,24.638207058223202,Injectable,Healthy,8.12
ANI_04944,Pig,132.2005743148024,6.886794359214585,Amoxicillin,13.410990598038884,Topical,Severe Infection,10.29
ANI_04945,Goat,50.57256074519257,15.152863860326804,Tylosin,6.842303721114486,Oral,Healthy,9.86
ANI_04946,Sheep,53.81984927627779,14.190184360198785,Penicillin,23.703896223179452,Oral,Healthy,9.79
ANI_04947,Pig,87.35030250445965,3.859639004518996,Tylosin,11.284643769797398,Injectable,Mild Infection,16.15
ANI_04948,Goat,51.641922417197996,11.093888825746383,Oxytetracycline,21.349313215398013,Injectable,Healthy,20.99
ANI_04949,Sheep,55.352588721147676,8.533416396670065,Tylosin,9.908626525805293,Injectable,Severe Infection,18.4
ANI_04950,Goat,57.81711248428549,14.032602246705865,Oxytetracycline,21.967803795080034,Oral,Healthy,17.92
ANI_04951,Sheep,,15.278646115385374,Tylosin,12.817866910060102,Oral,Mild Infection,14.68
ANI_04952,Sheep,56.848406428023516,20.00159393923052,Amoxicillin,10.057956242538157,Injectable,Mild Infection,14.09
ANI_04953,Goat,36.51743441144232,14.784943736908584,Tylosin,14.555853423542326,Oral,Mild Infection,12.47
ANI_04954,Goat,51.9077666409854,14.741310016806402,Amoxicillin,11.300484869194495,Injectable,Mild Infection,16.64
ANI_04955,Goat,24.185235436858513,9.728276459954644,Penicillin,17.109043052492282,Oral,Healthy,9.19
ANI_04956,Cattle,538.8398868550453,23.157059355174088,Tylosin,11.214231120851093,Injectable,Healthy,16.66
ANI_04957,Goat,36.95421192711353,8.284385754348257,Amoxicillin,5.48342906438057,Injectable,Healthy,8.98
ANI_04958,Goat,42.528839949515024,13.526966724847236,Amoxicillin,10.425049286733937,Injectable,Mild Infection,14.57
ANI_04959,Sheep,62.26203841995322,5.238604304939987,Oxytetracycline,12.293631573134942,Injectable,Healthy,19.38
ANI_04960,Pig,108.21540678385793,,Oxytetracycline,10.805639770643085,Injectable,Mild Infection,20.71
ANI_04961,Cattle,463.54303588062714,44.72390307765173,Penicillin,15.794638511731051,Injectable,Severe Infection,16.56
ANI_04962,Pig,86.01890749025338,4.39880264301956,Tylosin,16.85078402738091,Injectable,Mild Infection,16.91
ANI_04963,Sheep,82.02109734891766,12.318561239905401,Tylosin,18.012328180479823,Injectable,Mild Infection,19.57
ANI_04964,Cattle,612.22297939403,51.061522544839235,Oxytetracycline,18.509522134035542,Injectable,Healthy,18.17
ANI_04965,Pig,97.56640837532953,10.043253280040732,Penicillin,15.651438718695282,Oral,Healthy,5.83
ANI_04966,Sheep,55.060640285105464,9.887207045769614,Amoxicillin,12.962843042233505,Injectable,Healthy,14.88
ANI_04967,Cattle,552.142168750878,37.00672515888873,Tylosin,16.207141849192336,Injectable,Healthy,13.0
ANI_04968,Cattle,494.87303852656623,23.471216447762988,Amoxicillin,14.338683736265946,Oral,Mild Infection,10.77
ANI_04969,Cattle,320.6490933644045,39.576195367006946,Oxytetracycline,15.66499418829136,Injectable,Healthy,19.9
ANI_04970,Pig,115.15744723865488,5.790272315397406,Oxytetracycline,20.01302080323655,Oral,Mild Infection,20.29
ANI_04971,Goat,41.03399435216221,14.308564996579328,Oxytetracycline,12.947563835607871,Injectable,Mild Infection,18.31
ANI_04972,Goat,31.649895213859324,10.452757996551455,Amoxicillin,12.593985524347406,Topical,Mild Infection,6.65
ANI_04973,Pig,82.85609990172514,3.1422707197590825,Amoxicillin,14.75523845281894,Topical,Mild Infection,8.42
ANI_04974,Sheep,64.39300036738925,14.651783886629566,Penicillin,13.040606193127628,Oral,Mild Infection,8.39
ANI_04975,Pig,93.53206870222884,6.541187471522115,Penicillin,11.964737397898409,Oral,Healthy,6.74
ANI_04976,Goat,46.53475917278864,9.616969608325821,Oxytetracycline,18.929001822227267,Injectable,Healthy,19.39
ANI_04977,Goat,32.40147676038819,16.413921356376164,Amoxicillin,13.882932975100445,Topical,Mild Infection,8.74
ANI_04978,Pig,90.78252189360396,4.092317177653555,Tylosin,12.262184756647876,Injectable,Severe Infection,17.79
ANI_04979,Goat,54.10669591984289,6.964756637267756,Amoxicillin,5.811146712511234,Topical,Healthy,7.05
ANI_04980,Cattle,575.3768930697556,41.68790553118634,Tylosin,14.995180151371885,Topical,Mild Infection,12.08
ANI_04981,Sheep,59.6599247419809,14.124509793020051,Penicillin,15.096529566823962,Injectable,Mild Infection,14.4
ANI_04982,Cattle,514.8375277287096,23.494083519402015,Penicillin,20.07708691920432,Oral,Severe Infection,12.18
ANI_04983,Goat,26.340128981761723,15.34363909255171,Oxytetracycline,26.619828294750057,Injectable,Healthy,19.76
ANI_04984,Pig,97.74336023377043,,Tylosin,12.953280393008626,Injectable,Mild Infection,15.59
ANI_04985,Pig,86.63023040231184,5.040751430975088,Penicillin,11.748199508058372,Oral,Healthy,6.22
ANI_04986,Goat,44.966537607295955,3.812195373842398,Penicillin,20.085818881924425,Injectable,Mild Infection,11.53
ANI_04987,Cattle,449.8883816604159,21.12543453074051,Oxytetracycline,27.476460325265,Injectable,Mild Infection,21.51
ANI_04988,Cattle,507.86126259665446,,Penicillin,23.86518052059474,Oral,Mild Infection,8.22
ANI_04989,Cattle,516.609053926664,25.994875843211503,Amoxicillin,8.759151931853081,Oral,Mild Infection,9.32
ANI_04990,Pig,92.00086521447302,9.121589755774373,Oxytetracycline,10.443052654977993,Injectable,Healthy,18.23
ANI_04991,Pig,80.96654760021076,7.5179567430485355,Amoxicillin,13.037687832974049,Oral,Mild Infection,14.06
ANI_04992,Goat,36.487911885805374,11.16942198014603,Amoxicillin,10.972032822521003,Injectable,Mild Infection,12.93
ANI_04993,Goat,10,12.530747419617999,Penicillin,23.86248347934194,Oral,Mild Infection,13.5
ANI_04994,Cattle,565.8984733474207,10.975980712735733,Amoxicillin,11.03904195560477,Oral,Healthy,10.2
ANI_04995,Goat,49.39836747997967,10.664982148834815,Penicillin,13.753010766691538,Oral,Healthy,7.06
ANI_04996,Goat,34.65840991880891,6.085299449590808,Tylosin,11.15346850455838,Injectable,Healthy,15.52
ANI_04997,Sheep,,12.04067843347254,Amoxicillin,14.72962000293564,Injectable,Mild Infection,17.63
ANI_04998,Goat,36.28625282943422,,Amoxicillin,5.015908265157737,Injectable,Healthy,11.5
ANI_04999,Cattle,588.9145918816542,29.997142898403155,Oxytetracycline,18.836906465141915,Injectable,Healthy,17.87
ANI_05000,Sheep,72.14143636061097,,Penicillin,24.643806759641947,Injectable,Healthy,10.59
